2026-06-15 10:28:16.885 [info] [main] Log level: Info
2026-06-15 10:28:16.885 [info] [main] Validating found git in: "git"
2026-06-15 10:28:16.885 [info] [main] Using git "2.43.0" from "git"
2026-06-15 10:28:16.885 [info] [Model][doInitialScan] Initial repository scan started
2026-06-15 10:28:16.885 [info] > git rev-parse --show-toplevel [84ms]
2026-06-15 10:28:16.926 [info] > git rev-parse --git-dir --git-common-dir --show-superproject-working-tree [41ms]
2026-06-15 10:28:16.975 [info] [Model][openRepository] Opened repository (path): /home/alunos/.arthuruser001/webdesign.tri2.ativ1
2026-06-15 10:28:16.975 [info] [Model][openRepository] Opened repository (real path): /home/alunos/.arthuruser001/webdesign.tri2.ativ1
2026-06-15 10:28:16.975 [info] [Model][openRepository] Opened repository (kind): repository
2026-06-15 10:28:17.038 [info] > git config --get commit.template [20ms]
2026-06-15 10:28:17.038 [info] > git config --get --local core.virtualfilesystem [40ms]
2026-06-15 10:28:17.039 [warning] [Git][config] git config failed: Failed to execute git
2026-06-15 10:28:17.059 [info] > git rev-parse --show-toplevel [29ms]
2026-06-15 10:28:17.088 [info] > git rev-parse --show-toplevel [7ms]
2026-06-15 10:28:17.095 [info] [Model][doInitialScan] Initial repository scan completed - repositories (1), closed repositories (0), parent repositories (0), unsafe repositories (0)
2026-06-15 10:28:17.119 [info] > git for-each-ref --format=%(refname)%00%(upstream:short)%00%(objectname)%00%(upstream:track)%00%(upstream:remotename)%00%(upstream:remoteref) refs/heads/main refs/remotes/main [52ms]
2026-06-15 10:28:17.136 [warning] [Git][revParse] Unable to read file: ENOENT: no such file or directory, open '/home/alunos/.arthuruser001/webdesign.tri2.ativ1/.git/refs/remotes/origin/main'
2026-06-15 10:28:17.146 [info] > git rev-parse refs/remotes/origin/main [10ms]
2026-06-15 10:28:17.172 [info] > git for-each-ref --sort -committerdate --format %(refname)%00%(objectname)%00%(*objectname) [3ms]
2026-06-15 10:28:17.596 [info] > git check-ignore -v -z --stdin [4ms]
2026-06-15 10:28:18.250 [info] > git status -z -uall [1096ms]
2026-06-15 10:28:18.285 [info] > git config --get commit.template [6ms]
2026-06-15 10:28:18.286 [info] > git for-each-ref --format=%(refname)%00%(upstream:short)%00%(objectname)%00%(upstream:track)%00%(upstream:remotename)%00%(upstream:remoteref) refs/heads/main refs/remotes/main [15ms]
2026-06-15 10:28:18.299 [info] > git config --get --local branch.main.vscode-merge-base [6ms]
2026-06-15 10:28:18.299 [warning] [Git][config] git config failed: Failed to execute git
2026-06-15 10:28:18.304 [info] > git for-each-ref --format=%(refname)%00%(upstream:short)%00%(objectname)%00%(upstream:track)%00%(upstream:remotename)%00%(upstream:remoteref) refs/heads/main refs/remotes/main [6ms]
2026-06-15 10:28:18.309 [warning] [Git][revParse] Unable to read file: ENOENT: no such file or directory, open '/home/alunos/.arthuruser001/webdesign.tri2.ativ1/.git/refs/remotes/origin/main'
2026-06-15 10:28:18.309 [info] > git reflog main --grep-reflog=branch: Created from *. [6ms]
2026-06-15 10:28:18.315 [info] > git rev-parse refs/remotes/origin/main [6ms]
2026-06-15 10:28:18.329 [info] > git symbolic-ref --short refs/remotes/origin/HEAD [15ms]
2026-06-15 10:28:18.336 [info] > git for-each-ref --sort -committerdate --format %(refname)%00%(objectname)%00%(*objectname) [8ms]
2026-06-15 10:28:18.337 [info] > git for-each-ref --format=%(refname)%00%(upstream:short)%00%(objectname)%00%(upstream:track)%00%(upstream:remotename)%00%(upstream:remoteref) refs/heads/origin/main refs/remotes/origin/main [2ms]
2026-06-15 10:28:18.344 [info] > git config --add --local branch.main.vscode-merge-base origin/main [2ms]
2026-06-15 10:28:18.353 [info] > git status -z -uall [34ms] (cancelled)
2026-06-15 10:28:18.414 [info] > git config --get commit.template [61ms]
2026-06-15 10:28:18.435 [info] > git for-each-ref --format=%(refname)%00%(upstream:short)%00%(objectname)%00%(upstream:track)%00%(upstream:remotename)%00%(upstream:remoteref) refs/heads/main refs/remotes/main [2ms]
2026-06-15 10:28:18.442 [warning] [Git][revParse] Unable to read file: ENOENT: no such file or directory, open '/home/alunos/.arthuruser001/webdesign.tri2.ativ1/.git/refs/remotes/origin/main'
2026-06-15 10:28:18.445 [info] > git rev-parse refs/remotes/origin/main [3ms]
2026-06-15 10:28:18.463 [info] > git for-each-ref --sort -committerdate --format %(refname)%00%(objectname)%00%(*objectname) [1ms]
2026-06-15 10:28:19.090 [info] > git status -z -uall [637ms]
2026-06-15 10:28:19.127 [info] > git merge-base refs/heads/main refs/remotes/origin/main [15ms]
2026-06-15 10:28:19.134 [info] > git merge-base refs/heads/main refs/remotes/origin/main [28ms]
2026-06-15 10:28:19.165 [info] > git diff --raw --numstat --diff-filter=ADMR -z --find-renames=50% 34da9ab9f2006d571dd0f0d8bda6d377260e66fa...refs/remotes/origin/main -- [25ms]
2026-06-15 10:28:19.166 [info] > git diff --raw --numstat --diff-filter=ADMR -z --find-renames=50% 34da9ab9f2006d571dd0f0d8bda6d377260e66fa...refs/remotes/origin/main -- [33ms]
2026-06-15 10:28:22.613 [info] > git config --get commit.template [6ms]
2026-06-15 10:28:22.614 [info] > git for-each-ref --format=%(refname)%00%(upstream:short)%00%(objectname)%00%(upstream:track)%00%(upstream:remotename)%00%(upstream:remoteref) refs/heads/main refs/remotes/main [2ms]
2026-06-15 10:28:22.618 [warning] [Git][revParse] Unable to read file: ENOENT: no such file or directory, open '/home/alunos/.arthuruser001/webdesign.tri2.ativ1/.git/refs/remotes/origin/main'
2026-06-15 10:28:22.620 [info] > git rev-parse refs/remotes/origin/main [2ms]
2026-06-15 10:28:22.634 [info] > git for-each-ref --sort -committerdate --format %(refname)%00%(objectname)%00%(*objectname) [1ms]
2026-06-15 10:28:23.644 [info] > git status -z -uall [1020ms]
2026-06-15 10:28:34.715 [info] > git config --get commit.template [9ms]
2026-06-15 10:28:34.717 [info] > git for-each-ref --format=%(refname)%00%(upstream:short)%00%(objectname)%00%(upstream:track)%00%(upstream:remotename)%00%(upstream:remoteref) refs/heads/main refs/remotes/main [2ms]
2026-06-15 10:28:34.722 [warning] [Git][revParse] Unable to read file: ENOENT: no such file or directory, open '/home/alunos/.arthuruser001/webdesign.tri2.ativ1/.git/refs/remotes/origin/main'
2026-06-15 10:28:34.724 [info] > git rev-parse refs/remotes/origin/main [2ms]
2026-06-15 10:28:34.742 [info] > git for-each-ref --sort -committerdate --format %(refname)%00%(objectname)%00%(*objectname) [2ms]
2026-06-15 10:28:35.385 [info] > git status -z -uall [651ms]
2026-06-15 10:28:40.403 [info] > git config --get commit.template [2ms]
2026-06-15 10:28:40.415 [info] > git for-each-ref --format=%(refname)%00%(upstream:short)%00%(objectname)%00%(upstream:track)%00%(upstream:remotename)%00%(upstream:remoteref) refs/heads/main refs/remotes/main [4ms]
2026-06-15 10:28:40.421 [warning] [Git][revParse] Unable to read file: ENOENT: no such file or directory, open '/home/alunos/.arthuruser001/webdesign.tri2.ativ1/.git/refs/remotes/origin/main'
2026-06-15 10:28:40.425 [info] > git rev-parse refs/remotes/origin/main [5ms]
2026-06-15 10:28:40.449 [info] > git for-each-ref --sort -committerdate --format %(refname)%00%(objectname)%00%(*objectname) [6ms]
2026-06-15 10:28:41.248 [info] > git status -z -uall [815ms]
2026-06-15 10:28:46.271 [info] > git config --get commit.template [6ms]
2026-06-15 10:28:46.272 [info] > git for-each-ref --format=%(refname)%00%(upstream:short)%00%(objectname)%00%(upstream:track)%00%(upstream:remotename)%00%(upstream:remoteref) refs/heads/main refs/remotes/main [2ms]
2026-06-15 10:28:46.276 [warning] [Git][revParse] Unable to read file: ENOENT: no such file or directory, open '/home/alunos/.arthuruser001/webdesign.tri2.ativ1/.git/refs/remotes/origin/main'
2026-06-15 10:28:46.278 [info] > git rev-parse refs/remotes/origin/main [2ms]
2026-06-15 10:28:46.292 [info] > git for-each-ref --sort -committerdate --format %(refname)%00%(objectname)%00%(*objectname) [2ms]
2026-06-15 10:28:46.981 [info] > git status -z -uall [699ms]
2026-06-15 10:28:52.006 [info] > git config --get commit.template [6ms]
2026-06-15 10:28:52.007 [info] > git for-each-ref --format=%(refname)%00%(upstream:short)%00%(objectname)%00%(upstream:track)%00%(upstream:remotename)%00%(upstream:remoteref) refs/heads/main refs/remotes/main [2ms]
2026-06-15 10:28:52.012 [warning] [Git][revParse] Unable to read file: ENOENT: no such file or directory, open '/home/alunos/.arthuruser001/webdesign.tri2.ativ1/.git/refs/remotes/origin/main'
2026-06-15 10:28:52.014 [info] > git rev-parse refs/remotes/origin/main [2ms]
2026-06-15 10:28:52.028 [info] > git for-each-ref --sort -committerdate --format %(refname)%00%(objectname)%00%(*objectname) [2ms]
2026-06-15 10:28:52.640 [info] > git status -z -uall [620ms]
2026-06-15 10:28:57.662 [info] > git config --get commit.template [6ms]
2026-06-15 10:28:57.663 [info] > git for-each-ref --format=%(refname)%00%(upstream:short)%00%(objectname)%00%(upstream:track)%00%(upstream:remotename)%00%(upstream:remoteref) refs/heads/main refs/remotes/main [2ms]
2026-06-15 10:28:57.668 [warning] [Git][revParse] Unable to read file: ENOENT: no such file or directory, open '/home/alunos/.arthuruser001/webdesign.tri2.ativ1/.git/refs/remotes/origin/main'
2026-06-15 10:28:57.669 [info] > git rev-parse refs/remotes/origin/main [1ms]
2026-06-15 10:28:57.684 [info] > git for-each-ref --sort -committerdate --format %(refname)%00%(objectname)%00%(*objectname) [3ms]
2026-06-15 10:28:58.282 [info] > git status -z -uall [608ms]
2026-06-15 10:29:03.304 [info] > git config --get commit.template [6ms]
2026-06-15 10:29:03.305 [info] > git for-each-ref --format=%(refname)%00%(upstream:short)%00%(objectname)%00%(upstream:track)%00%(upstream:remotename)%00%(upstream:remoteref) refs/heads/main refs/remotes/main [1ms]
2026-06-15 10:29:03.310 [warning] [Git][revParse] Unable to read file: ENOENT: no such file or directory, open '/home/alunos/.arthuruser001/webdesign.tri2.ativ1/.git/refs/remotes/origin/main'
2026-06-15 10:29:03.312 [info] > git rev-parse refs/remotes/origin/main [2ms]
2026-06-15 10:29:03.326 [info] > git for-each-ref --sort -committerdate --format %(refname)%00%(objectname)%00%(*objectname) [1ms]
2026-06-15 10:29:03.948 [info] > git status -z -uall [631ms]
2026-06-15 10:29:08.970 [info] > git config --get commit.template [3ms]
2026-06-15 10:29:08.983 [info] > git for-each-ref --format=%(refname)%00%(upstream:short)%00%(objectname)%00%(upstream:track)%00%(upstream:remotename)%00%(upstream:remoteref) refs/heads/main refs/remotes/main [3ms]
2026-06-15 10:29:08.989 [warning] [Git][revParse] Unable to read file: ENOENT: no such file or directory, open '/home/alunos/.arthuruser001/webdesign.tri2.ativ1/.git/refs/remotes/origin/main'
2026-06-15 10:29:08.991 [info] > git rev-parse refs/remotes/origin/main [2ms]
2026-06-15 10:29:09.005 [info] > git for-each-ref --sort -committerdate --format %(refname)%00%(objectname)%00%(*objectname) [2ms]
2026-06-15 10:29:09.671 [info] > git status -z -uall [674ms]
2026-06-15 10:29:15.901 [info] > git config --get commit.template [9ms]
2026-06-15 10:29:15.902 [info] > git for-each-ref --format=%(refname)%00%(upstream:short)%00%(objectname)%00%(upstream:track)%00%(upstream:remotename)%00%(upstream:remoteref) refs/heads/main refs/remotes/main [2ms]
2026-06-15 10:29:15.906 [warning] [Git][revParse] Unable to read file: ENOENT: no such file or directory, open '/home/alunos/.arthuruser001/webdesign.tri2.ativ1/.git/refs/remotes/origin/main'
2026-06-15 10:29:15.908 [info] > git rev-parse refs/remotes/origin/main [2ms]
2026-06-15 10:29:15.925 [info] > git for-each-ref --sort -committerdate --format %(refname)%00%(objectname)%00%(*objectname) [3ms]
2026-06-15 10:29:16.624 [info] > git status -z -uall [712ms]
2026-06-15 10:29:22.486 [info] > git config --get commit.template [6ms]
2026-06-15 10:29:22.487 [info] > git for-each-ref --format=%(refname)%00%(upstream:short)%00%(objectname)%00%(upstream:track)%00%(upstream:remotename)%00%(upstream:remoteref) refs/heads/main refs/remotes/main [2ms]
2026-06-15 10:29:22.492 [warning] [Git][revParse] Unable to read file: ENOENT: no such file or directory, open '/home/alunos/.arthuruser001/webdesign.tri2.ativ1/.git/refs/remotes/origin/main'
2026-06-15 10:29:22.493 [info] > git rev-parse refs/remotes/origin/main [1ms]
2026-06-15 10:29:22.516 [info] > git for-each-ref --sort -committerdate --format %(refname)%00%(objectname)%00%(*objectname) [2ms]
2026-06-15 10:29:23.157 [info] > git status -z -uall [657ms]
2026-06-15 10:29:30.458 [info] > git config --get commit.template [6ms]
2026-06-15 10:29:30.460 [info] > git for-each-ref --format=%(refname)%00%(upstream:short)%00%(objectname)%00%(upstream:track)%00%(upstream:remotename)%00%(upstream:remoteref) refs/heads/main refs/remotes/main [2ms]
2026-06-15 10:29:30.465 [warning] [Git][revParse] Unable to read file: ENOENT: no such file or directory, open '/home/alunos/.arthuruser001/webdesign.tri2.ativ1/.git/refs/remotes/origin/main'
2026-06-15 10:29:30.466 [info] > git rev-parse refs/remotes/origin/main [1ms]
2026-06-15 10:29:30.479 [info] > git for-each-ref --sort -committerdate --format %(refname)%00%(objectname)%00%(*objectname) [2ms]
2026-06-15 10:29:31.112 [info] > git status -z -uall [642ms]
2026-06-15 10:29:36.138 [info] > git config --get commit.template [8ms]
2026-06-15 10:29:36.140 [info] > git for-each-ref --format=%(refname)%00%(upstream:short)%00%(objectname)%00%(upstream:track)%00%(upstream:remotename)%00%(upstream:remoteref) refs/heads/main refs/remotes/main [2ms]
2026-06-15 10:29:36.145 [warning] [Git][revParse] Unable to read file: ENOENT: no such file or directory, open '/home/alunos/.arthuruser001/webdesign.tri2.ativ1/.git/refs/remotes/origin/main'
2026-06-15 10:29:36.146 [info] > git rev-parse refs/remotes/origin/main [2ms]
2026-06-15 10:29:36.158 [info] > git for-each-ref --sort -committerdate --format %(refname)%00%(objectname)%00%(*objectname) [1ms]
2026-06-15 10:29:36.768 [info] > git status -z -uall [618ms]
2026-06-15 10:29:38.950 [info] > git check-ignore -v -z --stdin [4ms]
2026-06-15 10:29:39.045 [info] > git show --textconv :index.html [7ms]
2026-06-15 10:29:39.049 [info] > git ls-files --stage -- index.html [4ms]
2026-06-15 10:29:39.060 [info] > git cat-file -s 5284b817a6b2f8b751157486a70e2e8c7e2c5f53 [2ms]
2026-06-15 10:29:41.790 [info] > git config --get commit.template [6ms]
2026-06-15 10:29:41.792 [info] > git for-each-ref --format=%(refname)%00%(upstream:short)%00%(objectname)%00%(upstream:track)%00%(upstream:remotename)%00%(upstream:remoteref) refs/heads/main refs/remotes/main [3ms]
2026-06-15 10:29:41.796 [warning] [Git][revParse] Unable to read file: ENOENT: no such file or directory, open '/home/alunos/.arthuruser001/webdesign.tri2.ativ1/.git/refs/remotes/origin/main'
2026-06-15 10:29:41.798 [info] > git rev-parse refs/remotes/origin/main [2ms]
2026-06-15 10:29:41.811 [info] > git for-each-ref --sort -committerdate --format %(refname)%00%(objectname)%00%(*objectname) [1ms]
2026-06-15 10:29:42.426 [info] > git status -z -uall [624ms]
2026-06-15 10:29:42.810 [info] > git check-ignore -v -z --stdin [3ms]
2026-06-15 10:29:47.451 [info] > git config --get commit.template [6ms]
2026-06-15 10:29:47.452 [info] > git for-each-ref --format=%(refname)%00%(upstream:short)%00%(objectname)%00%(upstream:track)%00%(upstream:remotename)%00%(upstream:remoteref) refs/heads/main refs/remotes/main [2ms]
2026-06-15 10:29:47.457 [warning] [Git][revParse] Unable to read file: ENOENT: no such file or directory, open '/home/alunos/.arthuruser001/webdesign.tri2.ativ1/.git/refs/remotes/origin/main'
2026-06-15 10:29:47.459 [info] > git rev-parse refs/remotes/origin/main [1ms]
2026-06-15 10:29:47.474 [info] > git for-each-ref --sort -committerdate --format %(refname)%00%(objectname)%00%(*objectname) [2ms]
2026-06-15 10:29:48.057 [info] > git status -z -uall [594ms]
2026-06-15 10:29:48.433 [info] > git check-ignore -v -z --stdin [3ms]
2026-06-15 10:30:21.834 [info] > git config --get commit.template [8ms]
2026-06-15 10:30:21.836 [info] > git for-each-ref --format=%(refname)%00%(upstream:short)%00%(objectname)%00%(upstream:track)%00%(upstream:remotename)%00%(upstream:remoteref) refs/heads/main refs/remotes/main [2ms]
2026-06-15 10:30:21.843 [warning] [Git][revParse] Unable to read file: ENOENT: no such file or directory, open '/home/alunos/.arthuruser001/webdesign.tri2.ativ1/.git/refs/remotes/origin/main'
2026-06-15 10:30:21.844 [info] > git rev-parse refs/remotes/origin/main [2ms]
2026-06-15 10:30:21.861 [info] > git for-each-ref --sort -committerdate --format %(refname)%00%(objectname)%00%(*objectname) [4ms]
2026-06-15 10:30:22.523 [info] > git status -z -uall [673ms]
2026-06-15 10:30:22.908 [info] > git check-ignore -v -z --stdin [3ms]
2026-06-15 10:30:27.549 [info] > git config --get commit.template [7ms]
2026-06-15 10:30:27.550 [info] > git for-each-ref --format=%(refname)%00%(upstream:short)%00%(objectname)%00%(upstream:track)%00%(upstream:remotename)%00%(upstream:remoteref) refs/heads/main refs/remotes/main [2ms]
2026-06-15 10:30:27.555 [warning] [Git][revParse] Unable to read file: ENOENT: no such file or directory, open '/home/alunos/.arthuruser001/webdesign.tri2.ativ1/.git/refs/remotes/origin/main'
2026-06-15 10:30:27.556 [info] > git rev-parse refs/remotes/origin/main [1ms]
2026-06-15 10:30:27.572 [info] > git for-each-ref --sort -committerdate --format %(refname)%00%(objectname)%00%(*objectname) [1ms]
2026-06-15 10:30:28.142 [info] > git status -z -uall [582ms]
2026-06-15 10:30:28.516 [info] > git check-ignore -v -z --stdin [2ms]
2026-06-15 10:31:04.803 [info] > git config --get commit.template [19ms]
2026-06-15 10:31:04.809 [info] > git for-each-ref --format=%(refname)%00%(upstream:short)%00%(objectname)%00%(upstream:track)%00%(upstream:remotename)%00%(upstream:remoteref) refs/heads/main refs/remotes/main [5ms]
2026-06-15 10:31:04.818 [warning] [Git][revParse] Unable to read file: ENOENT: no such file or directory, open '/home/alunos/.arthuruser001/webdesign.tri2.ativ1/.git/refs/remotes/origin/main'
2026-06-15 10:31:04.825 [info] > git rev-parse refs/remotes/origin/main [7ms]
2026-06-15 10:31:04.847 [info] > git for-each-ref --sort -committerdate --format %(refname)%00%(objectname)%00%(*objectname) [6ms]
2026-06-15 10:31:05.525 [info] > git status -z -uall [692ms]
2026-06-15 10:31:05.910 [info] > git check-ignore -v -z --stdin [3ms]
2026-06-15 10:31:32.824 [info] > git config --get commit.template [4ms]
2026-06-15 10:31:32.840 [info] > git for-each-ref --format=%(refname)%00%(upstream:short)%00%(objectname)%00%(upstream:track)%00%(upstream:remotename)%00%(upstream:remoteref) refs/heads/main refs/remotes/main [3ms]
2026-06-15 10:31:32.852 [warning] [Git][revParse] Unable to read file: ENOENT: no such file or directory, open '/home/alunos/.arthuruser001/webdesign.tri2.ativ1/.git/refs/remotes/origin/main'
2026-06-15 10:31:32.854 [info] > git rev-parse refs/remotes/origin/main [2ms]
2026-06-15 10:31:32.877 [info] > git for-each-ref --sort -committerdate --format %(refname)%00%(objectname)%00%(*objectname) [3ms]
2026-06-15 10:31:33.507 [info] > git status -z -uall [645ms]
2026-06-15 10:31:33.882 [info] > git check-ignore -v -z --stdin [3ms]
2026-06-15 10:31:35.281 [info] > git blame --root --incremental 34da9ab9f2006d571dd0f0d8bda6d377260e66fa -- index.html [2ms]
2026-06-15 10:31:38.526 [info] > git config --get commit.template [2ms]
2026-06-15 10:31:38.535 [info] > git for-each-ref --format=%(refname)%00%(upstream:short)%00%(objectname)%00%(upstream:track)%00%(upstream:remotename)%00%(upstream:remoteref) refs/heads/main refs/remotes/main [3ms]
2026-06-15 10:31:38.542 [warning] [Git][revParse] Unable to read file: ENOENT: no such file or directory, open '/home/alunos/.arthuruser001/webdesign.tri2.ativ1/.git/refs/remotes/origin/main'
2026-06-15 10:31:38.546 [info] > git rev-parse refs/remotes/origin/main [4ms]
2026-06-15 10:31:38.569 [info] > git for-each-ref --sort -committerdate --format %(refname)%00%(objectname)%00%(*objectname) [2ms]
2026-06-15 10:31:39.187 [info] > git status -z -uall [635ms]
2026-06-15 10:31:39.574 [info] > git check-ignore -v -z --stdin [3ms]
2026-06-15 10:31:53.844 [info] > git config --get commit.template [2ms]
2026-06-15 10:31:53.858 [info] > git for-each-ref --format=%(refname)%00%(upstream:short)%00%(objectname)%00%(upstream:track)%00%(upstream:remotename)%00%(upstream:remoteref) refs/heads/main refs/remotes/main [4ms]
2026-06-15 10:31:53.866 [warning] [Git][revParse] Unable to read file: ENOENT: no such file or directory, open '/home/alunos/.arthuruser001/webdesign.tri2.ativ1/.git/refs/remotes/origin/main'
2026-06-15 10:31:53.868 [info] > git rev-parse refs/remotes/origin/main [2ms]
2026-06-15 10:31:53.890 [info] > git for-each-ref --sort -committerdate --format %(refname)%00%(objectname)%00%(*objectname) [3ms]
2026-06-15 10:31:54.491 [info] > git status -z -uall [617ms]
2026-06-15 10:31:54.887 [info] > git check-ignore -v -z --stdin [9ms]
2026-06-15 10:31:59.518 [info] > git config --get commit.template [8ms]
2026-06-15 10:31:59.519 [info] > git for-each-ref --format=%(refname)%00%(upstream:short)%00%(objectname)%00%(upstream:track)%00%(upstream:remotename)%00%(upstream:remoteref) refs/heads/main refs/remotes/main [1ms]
2026-06-15 10:31:59.525 [warning] [Git][revParse] Unable to read file: ENOENT: no such file or directory, open '/home/alunos/.arthuruser001/webdesign.tri2.ativ1/.git/refs/remotes/origin/main'
2026-06-15 10:31:59.526 [info] > git rev-parse refs/remotes/origin/main [1ms]
2026-06-15 10:31:59.546 [info] > git for-each-ref --sort -committerdate --format %(refname)%00%(objectname)%00%(*objectname) [4ms]
2026-06-15 10:32:00.178 [info] > git status -z -uall [646ms]
2026-06-15 10:32:05.202 [info] > git config --get commit.template [7ms]
2026-06-15 10:32:05.203 [info] > git for-each-ref --format=%(refname)%00%(upstream:short)%00%(objectname)%00%(upstream:track)%00%(upstream:remotename)%00%(upstream:remoteref) refs/heads/main refs/remotes/main [2ms]
2026-06-15 10:32:05.209 [warning] [Git][revParse] Unable to read file: ENOENT: no such file or directory, open '/home/alunos/.arthuruser001/webdesign.tri2.ativ1/.git/refs/remotes/origin/main'
2026-06-15 10:32:05.210 [info] > git rev-parse refs/remotes/origin/main [1ms]
2026-06-15 10:32:05.224 [info] > git for-each-ref --sort -committerdate --format %(refname)%00%(objectname)%00%(*objectname) [1ms]
2026-06-15 10:32:05.819 [info] > git status -z -uall [604ms]
2026-06-15 10:32:10.843 [info] > git config --get commit.template [6ms]
2026-06-15 10:32:10.844 [info] > git for-each-ref --format=%(refname)%00%(upstream:short)%00%(objectname)%00%(upstream:track)%00%(upstream:remotename)%00%(upstream:remoteref) refs/heads/main refs/remotes/main [2ms]
2026-06-15 10:32:10.848 [warning] [Git][revParse] Unable to read file: ENOENT: no such file or directory, open '/home/alunos/.arthuruser001/webdesign.tri2.ativ1/.git/refs/remotes/origin/main'
2026-06-15 10:32:10.850 [info] > git rev-parse refs/remotes/origin/main [2ms]
2026-06-15 10:32:10.865 [info] > git for-each-ref --sort -committerdate --format %(refname)%00%(objectname)%00%(*objectname) [2ms]
2026-06-15 10:32:11.454 [info] > git status -z -uall [600ms]
2026-06-15 10:32:11.859 [info] > git check-ignore -v -z --stdin [4ms]
2026-06-15 10:32:11.876 [info] > git show --textconv :index.html [9ms]
2026-06-15 10:32:11.879 [info] > git ls-files --stage -- index.html [4ms]
2026-06-15 10:32:11.886 [info] > git cat-file -s 5284b817a6b2f8b751157486a70e2e8c7e2c5f53 [2ms]
2026-06-15 10:32:16.476 [info] > git config --get commit.template [6ms]
2026-06-15 10:32:16.478 [info] > git for-each-ref --format=%(refname)%00%(upstream:short)%00%(objectname)%00%(upstream:track)%00%(upstream:remotename)%00%(upstream:remoteref) refs/heads/main refs/remotes/main [3ms]
2026-06-15 10:32:16.482 [warning] [Git][revParse] Unable to read file: ENOENT: no such file or directory, open '/home/alunos/.arthuruser001/webdesign.tri2.ativ1/.git/refs/remotes/origin/main'
2026-06-15 10:32:16.484 [info] > git rev-parse refs/remotes/origin/main [2ms]
2026-06-15 10:32:16.496 [info] > git for-each-ref --sort -committerdate --format %(refname)%00%(objectname)%00%(*objectname) [2ms]
2026-06-15 10:32:17.080 [info] > git status -z -uall [592ms]
2026-06-15 10:32:22.102 [info] > git config --get commit.template [6ms]
2026-06-15 10:32:22.103 [info] > git for-each-ref --format=%(refname)%00%(upstream:short)%00%(objectname)%00%(upstream:track)%00%(upstream:remotename)%00%(upstream:remoteref) refs/heads/main refs/remotes/main [2ms]
2026-06-15 10:32:22.108 [warning] [Git][revParse] Unable to read file: ENOENT: no such file or directory, open '/home/alunos/.arthuruser001/webdesign.tri2.ativ1/.git/refs/remotes/origin/main'
2026-06-15 10:32:22.110 [info] > git rev-parse refs/remotes/origin/main [2ms]
2026-06-15 10:32:22.126 [info] > git for-each-ref --sort -committerdate --format %(refname)%00%(objectname)%00%(*objectname) [2ms]
2026-06-15 10:32:22.709 [info] > git status -z -uall [595ms]
2026-06-15 10:33:07.413 [info] > git config --get commit.template [8ms]
2026-06-15 10:33:07.414 [info] > git for-each-ref --format=%(refname)%00%(upstream:short)%00%(objectname)%00%(upstream:track)%00%(upstream:remotename)%00%(upstream:remoteref) refs/heads/main refs/remotes/main [2ms]
2026-06-15 10:33:07.421 [warning] [Git][revParse] Unable to read file: ENOENT: no such file or directory, open '/home/alunos/.arthuruser001/webdesign.tri2.ativ1/.git/refs/remotes/origin/main'
2026-06-15 10:33:07.422 [info] > git rev-parse refs/remotes/origin/main [1ms]
2026-06-15 10:33:07.435 [info] > git for-each-ref --sort -committerdate --format %(refname)%00%(objectname)%00%(*objectname) [3ms]
2026-06-15 10:33:08.033 [info] > git status -z -uall [607ms]
2026-06-15 10:33:13.055 [info] > git config --get commit.template [6ms]
2026-06-15 10:33:13.056 [info] > git for-each-ref --format=%(refname)%00%(upstream:short)%00%(objectname)%00%(upstream:track)%00%(upstream:remotename)%00%(upstream:remoteref) refs/heads/main refs/remotes/main [2ms]
2026-06-15 10:33:13.062 [warning] [Git][revParse] Unable to read file: ENOENT: no such file or directory, open '/home/alunos/.arthuruser001/webdesign.tri2.ativ1/.git/refs/remotes/origin/main'
2026-06-15 10:33:13.063 [info] > git rev-parse refs/remotes/origin/main [1ms]
2026-06-15 10:33:13.077 [info] > git for-each-ref --sort -committerdate --format %(refname)%00%(objectname)%00%(*objectname) [4ms]
2026-06-15 10:33:13.702 [info] > git status -z -uall [635ms]
2026-06-15 10:33:18.725 [info] > git config --get commit.template [7ms]
2026-06-15 10:33:18.725 [info] > git for-each-ref --format=%(refname)%00%(upstream:short)%00%(objectname)%00%(upstream:track)%00%(upstream:remotename)%00%(upstream:remoteref) refs/heads/main refs/remotes/main [2ms]
2026-06-15 10:33:18.730 [warning] [Git][revParse] Unable to read file: ENOENT: no such file or directory, open '/home/alunos/.arthuruser001/webdesign.tri2.ativ1/.git/refs/remotes/origin/main'
2026-06-15 10:33:18.731 [info] > git rev-parse refs/remotes/origin/main [1ms]
2026-06-15 10:33:18.744 [info] > git for-each-ref --sort -committerdate --format %(refname)%00%(objectname)%00%(*objectname) [2ms]
2026-06-15 10:33:19.330 [info] > git status -z -uall [594ms]
2026-06-15 10:33:24.352 [info] > git config --get commit.template [6ms]
2026-06-15 10:33:24.353 [info] > git for-each-ref --format=%(refname)%00%(upstream:short)%00%(objectname)%00%(upstream:track)%00%(upstream:remotename)%00%(upstream:remoteref) refs/heads/main refs/remotes/main [2ms]
2026-06-15 10:33:24.358 [warning] [Git][revParse] Unable to read file: ENOENT: no such file or directory, open '/home/alunos/.arthuruser001/webdesign.tri2.ativ1/.git/refs/remotes/origin/main'
2026-06-15 10:33:24.359 [info] > git rev-parse refs/remotes/origin/main [1ms]
2026-06-15 10:33:24.371 [info] > git for-each-ref --sort -committerdate --format %(refname)%00%(objectname)%00%(*objectname) [2ms]
2026-06-15 10:33:24.967 [info] > git status -z -uall [604ms]
2026-06-15 10:33:29.988 [info] > git config --get commit.template [6ms]
2026-06-15 10:33:29.989 [info] > git for-each-ref --format=%(refname)%00%(upstream:short)%00%(objectname)%00%(upstream:track)%00%(upstream:remotename)%00%(upstream:remoteref) refs/heads/main refs/remotes/main [2ms]
2026-06-15 10:33:29.994 [warning] [Git][revParse] Unable to read file: ENOENT: no such file or directory, open '/home/alunos/.arthuruser001/webdesign.tri2.ativ1/.git/refs/remotes/origin/main'
2026-06-15 10:33:29.995 [info] > git rev-parse refs/remotes/origin/main [1ms]
2026-06-15 10:33:30.008 [info] > git for-each-ref --sort -committerdate --format %(refname)%00%(objectname)%00%(*objectname) [2ms]
2026-06-15 10:33:30.599 [info] > git status -z -uall [600ms]
2026-06-15 10:33:35.619 [info] > git config --get commit.template [5ms]
2026-06-15 10:33:35.621 [info] > git for-each-ref --format=%(refname)%00%(upstream:short)%00%(objectname)%00%(upstream:track)%00%(upstream:remotename)%00%(upstream:remoteref) refs/heads/main refs/remotes/main [2ms]
2026-06-15 10:33:35.626 [warning] [Git][revParse] Unable to read file: ENOENT: no such file or directory, open '/home/alunos/.arthuruser001/webdesign.tri2.ativ1/.git/refs/remotes/origin/main'
2026-06-15 10:33:35.627 [info] > git rev-parse refs/remotes/origin/main [1ms]
2026-06-15 10:33:35.642 [info] > git for-each-ref --sort -committerdate --format %(refname)%00%(objectname)%00%(*objectname) [4ms]
2026-06-15 10:33:36.216 [info] > git status -z -uall [584ms]
2026-06-15 10:33:41.238 [info] > git config --get commit.template [6ms]
2026-06-15 10:33:41.239 [info] > git for-each-ref --format=%(refname)%00%(upstream:short)%00%(objectname)%00%(upstream:track)%00%(upstream:remotename)%00%(upstream:remoteref) refs/heads/main refs/remotes/main [2ms]
2026-06-15 10:33:41.244 [warning] [Git][revParse] Unable to read file: ENOENT: no such file or directory, open '/home/alunos/.arthuruser001/webdesign.tri2.ativ1/.git/refs/remotes/origin/main'
2026-06-15 10:33:41.246 [info] > git rev-parse refs/remotes/origin/main [2ms]
2026-06-15 10:33:41.260 [info] > git for-each-ref --sort -committerdate --format %(refname)%00%(objectname)%00%(*objectname) [1ms]
2026-06-15 10:33:41.854 [info] > git status -z -uall [604ms]
2026-06-15 10:33:46.875 [info] > git config --get commit.template [7ms]
2026-06-15 10:33:46.876 [info] > git for-each-ref --format=%(refname)%00%(upstream:short)%00%(objectname)%00%(upstream:track)%00%(upstream:remotename)%00%(upstream:remoteref) refs/heads/main refs/remotes/main [2ms]
2026-06-15 10:33:46.881 [warning] [Git][revParse] Unable to read file: ENOENT: no such file or directory, open '/home/alunos/.arthuruser001/webdesign.tri2.ativ1/.git/refs/remotes/origin/main'
2026-06-15 10:33:46.882 [info] > git rev-parse refs/remotes/origin/main [1ms]
2026-06-15 10:33:46.897 [info] > git for-each-ref --sort -committerdate --format %(refname)%00%(objectname)%00%(*objectname) [0ms]
2026-06-15 10:33:47.536 [info] > git status -z -uall [649ms]
2026-06-15 10:33:52.568 [info] > git config --get commit.template [6ms]
2026-06-15 10:33:52.571 [info] > git for-each-ref --format=%(refname)%00%(upstream:short)%00%(objectname)%00%(upstream:track)%00%(upstream:remotename)%00%(upstream:remoteref) refs/heads/main refs/remotes/main [4ms]
2026-06-15 10:33:52.580 [warning] [Git][revParse] Unable to read file: ENOENT: no such file or directory, open '/home/alunos/.arthuruser001/webdesign.tri2.ativ1/.git/refs/remotes/origin/main'
2026-06-15 10:33:52.582 [info] > git rev-parse refs/remotes/origin/main [2ms]
2026-06-15 10:33:52.599 [info] > git for-each-ref --sort -committerdate --format %(refname)%00%(objectname)%00%(*objectname) [2ms]
2026-06-15 10:33:53.282 [info] > git status -z -uall [693ms]
2026-06-15 10:33:58.340 [info] > git config --get commit.template [6ms]
2026-06-15 10:33:58.367 [info] > git for-each-ref --format=%(refname)%00%(upstream:short)%00%(objectname)%00%(upstream:track)%00%(upstream:remotename)%00%(upstream:remoteref) refs/heads/main refs/remotes/main [13ms]
2026-06-15 10:33:58.416 [warning] [Git][revParse] Unable to read file: ENOENT: no such file or directory, open '/home/alunos/.arthuruser001/webdesign.tri2.ativ1/.git/refs/remotes/origin/main'
2026-06-15 10:33:58.417 [info] > git rev-parse refs/remotes/origin/main [1ms]
2026-06-15 10:33:58.436 [info] > git for-each-ref --sort -committerdate --format %(refname)%00%(objectname)%00%(*objectname) [1ms]
2026-06-15 10:33:59.071 [info] > git status -z -uall [647ms]
2026-06-15 10:34:04.097 [info] > git config --get commit.template [2ms]
2026-06-15 10:34:04.106 [info] > git for-each-ref --format=%(refname)%00%(upstream:short)%00%(objectname)%00%(upstream:track)%00%(upstream:remotename)%00%(upstream:remoteref) refs/heads/main refs/remotes/main [3ms]
2026-06-15 10:34:04.113 [warning] [Git][revParse] Unable to read file: ENOENT: no such file or directory, open '/home/alunos/.arthuruser001/webdesign.tri2.ativ1/.git/refs/remotes/origin/main'
2026-06-15 10:34:04.114 [info] > git rev-parse refs/remotes/origin/main [1ms]
2026-06-15 10:34:04.137 [info] > git for-each-ref --sort -committerdate --format %(refname)%00%(objectname)%00%(*objectname) [6ms]
2026-06-15 10:34:04.854 [info] > git status -z -uall [732ms]
2026-06-15 10:34:09.880 [info] > git config --get commit.template [4ms]
2026-06-15 10:34:09.902 [info] > git for-each-ref --format=%(refname)%00%(upstream:short)%00%(objectname)%00%(upstream:track)%00%(upstream:remotename)%00%(upstream:remoteref) refs/heads/main refs/remotes/main [9ms]
2026-06-15 10:34:09.914 [warning] [Git][revParse] Unable to read file: ENOENT: no such file or directory, open '/home/alunos/.arthuruser001/webdesign.tri2.ativ1/.git/refs/remotes/origin/main'
2026-06-15 10:34:09.919 [info] > git rev-parse refs/remotes/origin/main [5ms]
2026-06-15 10:34:09.957 [info] > git for-each-ref --sort -committerdate --format %(refname)%00%(objectname)%00%(*objectname) [4ms]
2026-06-15 10:34:10.696 [info] > git status -z -uall [764ms]
2026-06-15 10:34:15.742 [info] > git config --get commit.template [11ms]
2026-06-15 10:34:15.742 [info] > git for-each-ref --format=%(refname)%00%(upstream:short)%00%(objectname)%00%(upstream:track)%00%(upstream:remotename)%00%(upstream:remoteref) refs/heads/main refs/remotes/main [2ms]
2026-06-15 10:34:15.748 [warning] [Git][revParse] Unable to read file: ENOENT: no such file or directory, open '/home/alunos/.arthuruser001/webdesign.tri2.ativ1/.git/refs/remotes/origin/main'
2026-06-15 10:34:15.751 [info] > git rev-parse refs/remotes/origin/main [3ms]
2026-06-15 10:34:15.778 [info] > git for-each-ref --sort -committerdate --format %(refname)%00%(objectname)%00%(*objectname) [6ms]
2026-06-15 10:34:16.508 [info] > git status -z -uall [746ms]
2026-06-15 10:34:21.541 [info] > git config --get commit.template [6ms]
2026-06-15 10:34:21.542 [info] > git for-each-ref --format=%(refname)%00%(upstream:short)%00%(objectname)%00%(upstream:track)%00%(upstream:remotename)%00%(upstream:remoteref) refs/heads/main refs/remotes/main [2ms]
2026-06-15 10:34:21.546 [warning] [Git][revParse] Unable to read file: ENOENT: no such file or directory, open '/home/alunos/.arthuruser001/webdesign.tri2.ativ1/.git/refs/remotes/origin/main'
2026-06-15 10:34:21.548 [info] > git rev-parse refs/remotes/origin/main [2ms]
2026-06-15 10:34:21.560 [info] > git for-each-ref --sort -committerdate --format %(refname)%00%(objectname)%00%(*objectname) [1ms]
2026-06-15 10:34:22.136 [info] > git status -z -uall [584ms]
2026-06-15 10:34:31.796 [info] > git config --get commit.template [8ms]
2026-06-15 10:34:31.797 [info] > git for-each-ref --format=%(refname)%00%(upstream:short)%00%(objectname)%00%(upstream:track)%00%(upstream:remotename)%00%(upstream:remoteref) refs/heads/main refs/remotes/main [2ms]
2026-06-15 10:34:31.802 [warning] [Git][revParse] Unable to read file: ENOENT: no such file or directory, open '/home/alunos/.arthuruser001/webdesign.tri2.ativ1/.git/refs/remotes/origin/main'
2026-06-15 10:34:31.803 [info] > git rev-parse refs/remotes/origin/main [1ms]
2026-06-15 10:34:31.821 [info] > git for-each-ref --sort -committerdate --format %(refname)%00%(objectname)%00%(*objectname) [2ms]
2026-06-15 10:34:32.462 [info] > git status -z -uall [654ms]
2026-06-15 10:34:37.494 [info] > git config --get commit.template [12ms]
2026-06-15 10:34:37.496 [info] > git for-each-ref --format=%(refname)%00%(upstream:short)%00%(objectname)%00%(upstream:track)%00%(upstream:remotename)%00%(upstream:remoteref) refs/heads/main refs/remotes/main [4ms]
2026-06-15 10:34:37.507 [warning] [Git][revParse] Unable to read file: ENOENT: no such file or directory, open '/home/alunos/.arthuruser001/webdesign.tri2.ativ1/.git/refs/remotes/origin/main'
2026-06-15 10:34:37.509 [info] > git rev-parse refs/remotes/origin/main [2ms]
2026-06-15 10:34:37.538 [info] > git for-each-ref --sort -committerdate --format %(refname)%00%(objectname)%00%(*objectname) [3ms]
2026-06-15 10:34:38.154 [info] > git status -z -uall [638ms]
2026-06-15 10:34:44.134 [info] > git config --get commit.template [5ms]
2026-06-15 10:34:44.136 [info] > git for-each-ref --format=%(refname)%00%(upstream:short)%00%(objectname)%00%(upstream:track)%00%(upstream:remotename)%00%(upstream:remoteref) refs/heads/main refs/remotes/main [2ms]
2026-06-15 10:34:44.140 [warning] [Git][revParse] Unable to read file: ENOENT: no such file or directory, open '/home/alunos/.arthuruser001/webdesign.tri2.ativ1/.git/refs/remotes/origin/main'
2026-06-15 10:34:44.142 [info] > git rev-parse refs/remotes/origin/main [2ms]
2026-06-15 10:34:44.156 [info] > git for-each-ref --sort -committerdate --format %(refname)%00%(objectname)%00%(*objectname) [2ms]
2026-06-15 10:34:44.729 [info] > git status -z -uall [583ms]
2026-06-15 10:35:37.834 [info] > git config --get commit.template [9ms]
2026-06-15 10:35:37.836 [info] > git for-each-ref --format=%(refname)%00%(upstream:short)%00%(objectname)%00%(upstream:track)%00%(upstream:remotename)%00%(upstream:remoteref) refs/heads/main refs/remotes/main [2ms]
2026-06-15 10:35:37.842 [warning] [Git][revParse] Unable to read file: ENOENT: no such file or directory, open '/home/alunos/.arthuruser001/webdesign.tri2.ativ1/.git/refs/remotes/origin/main'
2026-06-15 10:35:37.844 [info] > git rev-parse refs/remotes/origin/main [2ms]
2026-06-15 10:35:37.862 [info] > git for-each-ref --sort -committerdate --format %(refname)%00%(objectname)%00%(*objectname) [2ms]
2026-06-15 10:35:38.458 [info] > git status -z -uall [606ms]
2026-06-15 10:35:43.480 [info] > git config --get commit.template [6ms]
2026-06-15 10:35:43.481 [info] > git for-each-ref --format=%(refname)%00%(upstream:short)%00%(objectname)%00%(upstream:track)%00%(upstream:remotename)%00%(upstream:remoteref) refs/heads/main refs/remotes/main [2ms]
2026-06-15 10:35:43.485 [warning] [Git][revParse] Unable to read file: ENOENT: no such file or directory, open '/home/alunos/.arthuruser001/webdesign.tri2.ativ1/.git/refs/remotes/origin/main'
2026-06-15 10:35:43.487 [info] > git rev-parse refs/remotes/origin/main [2ms]
2026-06-15 10:35:43.501 [info] > git for-each-ref --sort -committerdate --format %(refname)%00%(objectname)%00%(*objectname) [3ms]
2026-06-15 10:35:44.091 [info] > git status -z -uall [599ms]
2026-06-15 10:35:49.114 [info] > git config --get commit.template [7ms]
2026-06-15 10:35:49.115 [info] > git for-each-ref --format=%(refname)%00%(upstream:short)%00%(objectname)%00%(upstream:track)%00%(upstream:remotename)%00%(upstream:remoteref) refs/heads/main refs/remotes/main [2ms]
2026-06-15 10:35:49.120 [warning] [Git][revParse] Unable to read file: ENOENT: no such file or directory, open '/home/alunos/.arthuruser001/webdesign.tri2.ativ1/.git/refs/remotes/origin/main'
2026-06-15 10:35:49.121 [info] > git rev-parse refs/remotes/origin/main [1ms]
2026-06-15 10:35:49.135 [info] > git for-each-ref --sort -committerdate --format %(refname)%00%(objectname)%00%(*objectname) [3ms]
2026-06-15 10:35:49.697 [info] > git status -z -uall [572ms]
2026-06-15 10:35:54.719 [info] > git config --get commit.template [6ms]
2026-06-15 10:35:54.721 [info] > git for-each-ref --format=%(refname)%00%(upstream:short)%00%(objectname)%00%(upstream:track)%00%(upstream:remotename)%00%(upstream:remoteref) refs/heads/main refs/remotes/main [1ms]
2026-06-15 10:35:54.725 [warning] [Git][revParse] Unable to read file: ENOENT: no such file or directory, open '/home/alunos/.arthuruser001/webdesign.tri2.ativ1/.git/refs/remotes/origin/main'
2026-06-15 10:35:54.727 [info] > git rev-parse refs/remotes/origin/main [2ms]
2026-06-15 10:35:54.741 [info] > git for-each-ref --sort -committerdate --format %(refname)%00%(objectname)%00%(*objectname) [2ms]
2026-06-15 10:35:55.310 [info] > git status -z -uall [579ms]
2026-06-15 10:36:00.330 [info] > git config --get commit.template [2ms]
2026-06-15 10:36:00.336 [info] > git for-each-ref --format=%(refname)%00%(upstream:short)%00%(objectname)%00%(upstream:track)%00%(upstream:remotename)%00%(upstream:remoteref) refs/heads/main refs/remotes/main [2ms]
2026-06-15 10:36:00.341 [warning] [Git][revParse] Unable to read file: ENOENT: no such file or directory, open '/home/alunos/.arthuruser001/webdesign.tri2.ativ1/.git/refs/remotes/origin/main'
2026-06-15 10:36:00.343 [info] > git rev-parse refs/remotes/origin/main [2ms]
2026-06-15 10:36:00.359 [info] > git for-each-ref --sort -committerdate --format %(refname)%00%(objectname)%00%(*objectname) [4ms]
2026-06-15 10:36:00.943 [info] > git status -z -uall [595ms]
2026-06-15 10:36:05.970 [info] > git config --get commit.template [9ms]
2026-06-15 10:36:05.971 [info] > git for-each-ref --format=%(refname)%00%(upstream:short)%00%(objectname)%00%(upstream:track)%00%(upstream:remotename)%00%(upstream:remoteref) refs/heads/main refs/remotes/main [3ms]
2026-06-15 10:36:05.975 [warning] [Git][revParse] Unable to read file: ENOENT: no such file or directory, open '/home/alunos/.arthuruser001/webdesign.tri2.ativ1/.git/refs/remotes/origin/main'
2026-06-15 10:36:05.977 [info] > git rev-parse refs/remotes/origin/main [2ms]
2026-06-15 10:36:05.994 [info] > git for-each-ref --sort -committerdate --format %(refname)%00%(objectname)%00%(*objectname) [2ms]
2026-06-15 10:36:06.563 [info] > git status -z -uall [580ms]
2026-06-15 10:36:11.584 [info] > git config --get commit.template [6ms]
2026-06-15 10:36:11.585 [info] > git for-each-ref --format=%(refname)%00%(upstream:short)%00%(objectname)%00%(upstream:track)%00%(upstream:remotename)%00%(upstream:remoteref) refs/heads/main refs/remotes/main [2ms]
2026-06-15 10:36:11.589 [warning] [Git][revParse] Unable to read file: ENOENT: no such file or directory, open '/home/alunos/.arthuruser001/webdesign.tri2.ativ1/.git/refs/remotes/origin/main'
2026-06-15 10:36:11.591 [info] > git rev-parse refs/remotes/origin/main [2ms]
2026-06-15 10:36:11.605 [info] > git for-each-ref --sort -committerdate --format %(refname)%00%(objectname)%00%(*objectname) [3ms]
2026-06-15 10:36:12.202 [info] > git status -z -uall [607ms]
2026-06-15 10:36:13.260 [info] > git check-ignore -v -z --stdin [6ms]
2026-06-15 10:36:14.227 [info] > git log --format=%H%n%aN%n%aE%n%at%n%ct%n%P%n%D%n%B -z --shortstat --diff-merges=first-parent -n50 --skip=0 --topo-order --decorate=full --stdin [1705ms]
2026-06-15 10:36:14.253 [info] > git merge-base main origin/main [3ms]
2026-06-15 10:36:17.225 [info] > git config --get commit.template [7ms]
2026-06-15 10:36:17.226 [info] > git for-each-ref --format=%(refname)%00%(upstream:short)%00%(objectname)%00%(upstream:track)%00%(upstream:remotename)%00%(upstream:remoteref) refs/heads/main refs/remotes/main [2ms]
2026-06-15 10:36:17.232 [warning] [Git][revParse] Unable to read file: ENOENT: no such file or directory, open '/home/alunos/.arthuruser001/webdesign.tri2.ativ1/.git/refs/remotes/origin/main'
2026-06-15 10:36:17.233 [info] > git rev-parse refs/remotes/origin/main [1ms]
2026-06-15 10:36:17.246 [info] > git for-each-ref --sort -committerdate --format %(refname)%00%(objectname)%00%(*objectname) [1ms]
2026-06-15 10:36:17.871 [info] > git status -z -uall [633ms]
2026-06-15 10:36:19.907 [info] > git log --format=%H%n%aN%n%aE%n%at%n%ct%n%P%n%D%n%B -z --shortstat --diff-merges=first-parent -n50 --skip=0 --topo-order --decorate=full --stdin [1535ms]
2026-06-15 10:36:19.918 [info] > git merge-base main origin/main [1ms]
2026-06-15 10:36:21.404 [info] > git log --format=%H%n%aN%n%aE%n%at%n%ct%n%P%n%D%n%B -z --shortstat --diff-merges=first-parent -n50 --skip=0 --topo-order --decorate=full --stdin [1468ms]
2026-06-15 10:36:21.417 [info] > git merge-base main origin/main [2ms]
2026-06-15 10:36:22.896 [info] > git config --get commit.template [7ms]
2026-06-15 10:36:22.897 [info] > git for-each-ref --format=%(refname)%00%(upstream:short)%00%(objectname)%00%(upstream:track)%00%(upstream:remotename)%00%(upstream:remoteref) refs/heads/main refs/remotes/main [2ms]
2026-06-15 10:36:22.903 [warning] [Git][revParse] Unable to read file: ENOENT: no such file or directory, open '/home/alunos/.arthuruser001/webdesign.tri2.ativ1/.git/refs/remotes/origin/main'
2026-06-15 10:36:22.905 [info] > git rev-parse refs/remotes/origin/main [2ms]
2026-06-15 10:36:22.926 [info] > git for-each-ref --sort -committerdate --format %(refname)%00%(objectname)%00%(*objectname) [3ms]
2026-06-15 10:36:22.997 [info] > git log --format=%H%n%aN%n%aE%n%at%n%ct%n%P%n%D%n%B -z --shortstat --diff-merges=first-parent -n50 --skip=0 --topo-order --decorate=full --stdin [1560ms]
2026-06-15 10:36:23.013 [info] > git merge-base main origin/main [2ms]
2026-06-15 10:36:23.558 [info] > git status -z -uall [647ms]
2026-06-15 10:36:28.582 [info] > git config --get commit.template [7ms]
2026-06-15 10:36:28.583 [info] > git for-each-ref --format=%(refname)%00%(upstream:short)%00%(objectname)%00%(upstream:track)%00%(upstream:remotename)%00%(upstream:remoteref) refs/heads/main refs/remotes/main [2ms]
2026-06-15 10:36:28.588 [warning] [Git][revParse] Unable to read file: ENOENT: no such file or directory, open '/home/alunos/.arthuruser001/webdesign.tri2.ativ1/.git/refs/remotes/origin/main'
2026-06-15 10:36:28.589 [info] > git rev-parse refs/remotes/origin/main [1ms]
2026-06-15 10:36:28.604 [info] > git for-each-ref --sort -committerdate --format %(refname)%00%(objectname)%00%(*objectname) [2ms]
2026-06-15 10:36:29.275 [info] > git status -z -uall [681ms]
2026-06-15 10:36:29.734 [info] > git check-ignore -v -z --stdin [3ms]
2026-06-15 10:36:34.304 [info] > git config --get commit.template [8ms]
2026-06-15 10:36:34.305 [info] > git for-each-ref --format=%(refname)%00%(upstream:short)%00%(objectname)%00%(upstream:track)%00%(upstream:remotename)%00%(upstream:remoteref) refs/heads/main refs/remotes/main [3ms]
2026-06-15 10:36:34.311 [warning] [Git][revParse] Unable to read file: ENOENT: no such file or directory, open '/home/alunos/.arthuruser001/webdesign.tri2.ativ1/.git/refs/remotes/origin/main'
2026-06-15 10:36:34.313 [info] > git rev-parse refs/remotes/origin/main [2ms]
2026-06-15 10:36:34.328 [info] > git for-each-ref --sort -committerdate --format %(refname)%00%(objectname)%00%(*objectname) [3ms]
2026-06-15 10:36:34.957 [info] > git status -z -uall [638ms]
2026-06-15 10:36:39.977 [info] > git config --get commit.template [6ms]
2026-06-15 10:36:39.978 [info] > git for-each-ref --format=%(refname)%00%(upstream:short)%00%(objectname)%00%(upstream:track)%00%(upstream:remotename)%00%(upstream:remoteref) refs/heads/main refs/remotes/main [2ms]
2026-06-15 10:36:39.983 [warning] [Git][revParse] Unable to read file: ENOENT: no such file or directory, open '/home/alunos/.arthuruser001/webdesign.tri2.ativ1/.git/refs/remotes/origin/main'
2026-06-15 10:36:39.985 [info] > git rev-parse refs/remotes/origin/main [1ms]
2026-06-15 10:36:39.999 [info] > git for-each-ref --sort -committerdate --format %(refname)%00%(objectname)%00%(*objectname) [2ms]
2026-06-15 10:36:40.590 [info] > git status -z -uall [601ms]
2026-06-15 10:36:45.524 [info] > git for-each-ref --sort -committerdate --format %(refname)%00%(objectname)%00%(*objectname)%00%(parent)%00%(*parent)%00%(authorname)%00%(*authorname)%00%(committerdate:unix)%00%(*committerdate:unix)%00%(subject)%00%(*subject)%00%(upstream:track) [2ms]
2026-06-15 10:36:45.613 [info] > git config --get commit.template [6ms]
2026-06-15 10:36:45.614 [info] > git for-each-ref --format=%(refname)%00%(upstream:short)%00%(objectname)%00%(upstream:track)%00%(upstream:remotename)%00%(upstream:remoteref) refs/heads/main refs/remotes/main [2ms]
2026-06-15 10:36:45.619 [warning] [Git][revParse] Unable to read file: ENOENT: no such file or directory, open '/home/alunos/.arthuruser001/webdesign.tri2.ativ1/.git/refs/remotes/origin/main'
2026-06-15 10:36:45.620 [info] > git rev-parse refs/remotes/origin/main [1ms]
2026-06-15 10:36:45.632 [info] > git for-each-ref --sort -committerdate --format %(refname)%00%(objectname)%00%(*objectname) [1ms]
2026-06-15 10:36:46.196 [info] > git status -z -uall [572ms]
2026-06-15 10:36:46.515 [info] > git for-each-ref --sort -committerdate --format %(refname)%00%(objectname)%00%(*objectname)%00%(parent)%00%(*parent)%00%(authorname)%00%(*authorname)%00%(committerdate:unix)%00%(*committerdate:unix)%00%(subject)%00%(*subject)%00%(upstream:track) [3ms]
2026-06-15 10:38:17.995 [info] > git config --get commit.template [7ms]
2026-06-15 10:38:17.996 [info] > git for-each-ref --format=%(refname)%00%(upstream:short)%00%(objectname)%00%(upstream:track)%00%(upstream:remotename)%00%(upstream:remoteref) refs/heads/main refs/remotes/main [2ms]
2026-06-15 10:38:18.004 [warning] [Git][revParse] Unable to read file: ENOENT: no such file or directory, open '/home/alunos/.arthuruser001/webdesign.tri2.ativ1/.git/refs/remotes/origin/main'
2026-06-15 10:38:18.005 [info] > git rev-parse refs/remotes/origin/main [2ms]
2026-06-15 10:38:18.021 [info] > git for-each-ref --sort -committerdate --format %(refname)%00%(objectname)%00%(*objectname) [2ms]
2026-06-15 10:38:18.601 [info] > git status -z -uall [592ms]
2026-06-15 10:38:23.625 [info] > git config --get commit.template [5ms]
2026-06-15 10:38:23.627 [info] > git for-each-ref --format=%(refname)%00%(upstream:short)%00%(objectname)%00%(upstream:track)%00%(upstream:remotename)%00%(upstream:remoteref) refs/heads/main refs/remotes/main [2ms]
2026-06-15 10:38:23.631 [warning] [Git][revParse] Unable to read file: ENOENT: no such file or directory, open '/home/alunos/.arthuruser001/webdesign.tri2.ativ1/.git/refs/remotes/origin/main'
2026-06-15 10:38:23.632 [info] > git rev-parse refs/remotes/origin/main [1ms]
2026-06-15 10:38:23.646 [info] > git for-each-ref --sort -committerdate --format %(refname)%00%(objectname)%00%(*objectname) [3ms]
2026-06-15 10:38:24.299 [info] > git status -z -uall [662ms]
2026-06-15 10:38:32.348 [info] > git config --get commit.template [8ms]
2026-06-15 10:38:32.349 [info] > git for-each-ref --format=%(refname)%00%(upstream:short)%00%(objectname)%00%(upstream:track)%00%(upstream:remotename)%00%(upstream:remoteref) refs/heads/main refs/remotes/main [2ms]
2026-06-15 10:38:32.356 [warning] [Git][revParse] Unable to read file: ENOENT: no such file or directory, open '/home/alunos/.arthuruser001/webdesign.tri2.ativ1/.git/refs/remotes/origin/main'
2026-06-15 10:38:32.357 [info] > git rev-parse refs/remotes/origin/main [1ms]
2026-06-15 10:38:32.376 [info] > git for-each-ref --sort -committerdate --format %(refname)%00%(objectname)%00%(*objectname) [2ms]
2026-06-15 10:38:32.948 [info] > git status -z -uall [586ms]
2026-06-15 10:41:45.731 [info] > git for-each-ref --format=%(refname)%00%(upstream:short)%00%(objectname)%00%(upstream:track)%00%(upstream:remotename)%00%(upstream:remoteref) refs/heads/main refs/remotes/main [4ms]
2026-06-15 10:41:45.732 [info] > git config --get commit.template [12ms]
2026-06-15 10:41:45.737 [warning] [Git][revParse] Unable to read file: ENOENT: no such file or directory, open '/home/alunos/.arthuruser001/webdesign.tri2.ativ1/.git/refs/remotes/origin/main'
2026-06-15 10:41:45.738 [info] > git rev-parse refs/remotes/origin/main [2ms]
2026-06-15 10:41:45.757 [info] > git for-each-ref --sort -committerdate --format %(refname)%00%(objectname)%00%(*objectname) [2ms]
2026-06-15 10:41:46.369 [info] > git status -z -uall [624ms]
2026-06-15 10:41:51.396 [info] > git config --get commit.template [8ms]
2026-06-15 10:41:51.397 [info] > git for-each-ref --format=%(refname)%00%(upstream:short)%00%(objectname)%00%(upstream:track)%00%(upstream:remotename)%00%(upstream:remoteref) refs/heads/main refs/remotes/main [2ms]
2026-06-15 10:41:51.401 [warning] [Git][revParse] Unable to read file: ENOENT: no such file or directory, open '/home/alunos/.arthuruser001/webdesign.tri2.ativ1/.git/refs/remotes/origin/main'
2026-06-15 10:41:51.403 [info] > git rev-parse refs/remotes/origin/main [2ms]
2026-06-15 10:41:51.420 [info] > git for-each-ref --sort -committerdate --format %(refname)%00%(objectname)%00%(*objectname) [2ms]
2026-06-15 10:41:52.015 [info] > git status -z -uall [607ms]
2026-06-15 10:41:57.041 [info] > git config --get commit.template [6ms]
2026-06-15 10:41:57.049 [info] > git for-each-ref --format=%(refname)%00%(upstream:short)%00%(objectname)%00%(upstream:track)%00%(upstream:remotename)%00%(upstream:remoteref) refs/heads/main refs/remotes/main [2ms]
2026-06-15 10:41:57.056 [warning] [Git][revParse] Unable to read file: ENOENT: no such file or directory, open '/home/alunos/.arthuruser001/webdesign.tri2.ativ1/.git/refs/remotes/origin/main'
2026-06-15 10:41:57.057 [info] > git rev-parse refs/remotes/origin/main [2ms]
2026-06-15 10:41:57.085 [info] > git for-each-ref --sort -committerdate --format %(refname)%00%(objectname)%00%(*objectname) [3ms]
2026-06-15 10:41:57.673 [info] > git status -z -uall [603ms]
2026-06-15 10:42:00.008 [info] > git check-ignore -v -z --stdin [3ms]
2026-06-15 10:42:02.699 [info] > git config --get commit.template [6ms]
2026-06-15 10:42:02.701 [info] > git for-each-ref --format=%(refname)%00%(upstream:short)%00%(objectname)%00%(upstream:track)%00%(upstream:remotename)%00%(upstream:remoteref) refs/heads/main refs/remotes/main [1ms]
2026-06-15 10:42:02.705 [warning] [Git][revParse] Unable to read file: ENOENT: no such file or directory, open '/home/alunos/.arthuruser001/webdesign.tri2.ativ1/.git/refs/remotes/origin/main'
2026-06-15 10:42:02.707 [info] > git rev-parse refs/remotes/origin/main [2ms]
2026-06-15 10:42:02.721 [info] > git for-each-ref --sort -committerdate --format %(refname)%00%(objectname)%00%(*objectname) [2ms]
2026-06-15 10:42:03.319 [info] > git status -z -uall [607ms]
2026-06-15 10:42:08.341 [info] > git config --get commit.template [6ms]
2026-06-15 10:42:08.342 [info] > git for-each-ref --format=%(refname)%00%(upstream:short)%00%(objectname)%00%(upstream:track)%00%(upstream:remotename)%00%(upstream:remoteref) refs/heads/main refs/remotes/main [2ms]
2026-06-15 10:42:08.347 [warning] [Git][revParse] Unable to read file: ENOENT: no such file or directory, open '/home/alunos/.arthuruser001/webdesign.tri2.ativ1/.git/refs/remotes/origin/main'
2026-06-15 10:42:08.349 [info] > git rev-parse refs/remotes/origin/main [2ms]
2026-06-15 10:42:08.362 [info] > git for-each-ref --sort -committerdate --format %(refname)%00%(objectname)%00%(*objectname) [2ms]
2026-06-15 10:42:08.983 [info] > git status -z -uall [630ms]
2026-06-15 10:42:14.000 [info] > git config --get commit.template [1ms]
2026-06-15 10:42:14.009 [info] > git for-each-ref --format=%(refname)%00%(upstream:short)%00%(objectname)%00%(upstream:track)%00%(upstream:remotename)%00%(upstream:remoteref) refs/heads/main refs/remotes/main [2ms]
2026-06-15 10:42:14.014 [warning] [Git][revParse] Unable to read file: ENOENT: no such file or directory, open '/home/alunos/.arthuruser001/webdesign.tri2.ativ1/.git/refs/remotes/origin/main'
2026-06-15 10:42:14.016 [info] > git rev-parse refs/remotes/origin/main [1ms]
2026-06-15 10:42:14.030 [info] > git for-each-ref --sort -committerdate --format %(refname)%00%(objectname)%00%(*objectname) [5ms]
2026-06-15 10:42:14.697 [info] > git status -z -uall [677ms]
2026-06-15 10:42:19.727 [info] > git config --get commit.template [7ms]
2026-06-15 10:42:19.741 [info] > git for-each-ref --format=%(refname)%00%(upstream:short)%00%(objectname)%00%(upstream:track)%00%(upstream:remotename)%00%(upstream:remoteref) refs/heads/main refs/remotes/main [2ms]
2026-06-15 10:42:19.750 [warning] [Git][revParse] Unable to read file: ENOENT: no such file or directory, open '/home/alunos/.arthuruser001/webdesign.tri2.ativ1/.git/refs/remotes/origin/main'
2026-06-15 10:42:19.752 [info] > git rev-parse refs/remotes/origin/main [2ms]
2026-06-15 10:42:19.783 [info] > git for-each-ref --sort -committerdate --format %(refname)%00%(objectname)%00%(*objectname) [4ms]
2026-06-15 10:42:20.442 [info] > git status -z -uall [681ms]
2026-06-15 10:42:25.465 [info] > git config --get commit.template [6ms]
2026-06-15 10:42:25.466 [info] > git for-each-ref --format=%(refname)%00%(upstream:short)%00%(objectname)%00%(upstream:track)%00%(upstream:remotename)%00%(upstream:remoteref) refs/heads/main refs/remotes/main [1ms]
2026-06-15 10:42:25.471 [warning] [Git][revParse] Unable to read file: ENOENT: no such file or directory, open '/home/alunos/.arthuruser001/webdesign.tri2.ativ1/.git/refs/remotes/origin/main'
2026-06-15 10:42:25.472 [info] > git rev-parse refs/remotes/origin/main [1ms]
2026-06-15 10:42:25.487 [info] > git for-each-ref --sort -committerdate --format %(refname)%00%(objectname)%00%(*objectname) [2ms]
2026-06-15 10:42:26.100 [info] > git status -z -uall [623ms]
2026-06-15 10:42:31.121 [info] > git config --get commit.template [6ms]
2026-06-15 10:42:31.122 [info] > git for-each-ref --format=%(refname)%00%(upstream:short)%00%(objectname)%00%(upstream:track)%00%(upstream:remotename)%00%(upstream:remoteref) refs/heads/main refs/remotes/main [2ms]
2026-06-15 10:42:31.127 [warning] [Git][revParse] Unable to read file: ENOENT: no such file or directory, open '/home/alunos/.arthuruser001/webdesign.tri2.ativ1/.git/refs/remotes/origin/main'
2026-06-15 10:42:31.128 [info] > git rev-parse refs/remotes/origin/main [1ms]
2026-06-15 10:42:31.143 [info] > git for-each-ref --sort -committerdate --format %(refname)%00%(objectname)%00%(*objectname) [2ms]
2026-06-15 10:42:31.748 [info] > git status -z -uall [615ms]
2026-06-15 10:42:36.773 [info] > git config --get commit.template [7ms]
2026-06-15 10:42:36.774 [info] > git for-each-ref --format=%(refname)%00%(upstream:short)%00%(objectname)%00%(upstream:track)%00%(upstream:remotename)%00%(upstream:remoteref) refs/heads/main refs/remotes/main [2ms]
2026-06-15 10:42:36.780 [warning] [Git][revParse] Unable to read file: ENOENT: no such file or directory, open '/home/alunos/.arthuruser001/webdesign.tri2.ativ1/.git/refs/remotes/origin/main'
2026-06-15 10:42:36.781 [info] > git rev-parse refs/remotes/origin/main [1ms]
2026-06-15 10:42:36.805 [info] > git for-each-ref --sort -committerdate --format %(refname)%00%(objectname)%00%(*objectname) [7ms]
2026-06-15 10:42:37.429 [info] > git status -z -uall [643ms]
2026-06-15 10:42:42.452 [info] > git config --get commit.template [7ms]
2026-06-15 10:42:42.453 [info] > git for-each-ref --format=%(refname)%00%(upstream:short)%00%(objectname)%00%(upstream:track)%00%(upstream:remotename)%00%(upstream:remoteref) refs/heads/main refs/remotes/main [2ms]
2026-06-15 10:42:42.462 [warning] [Git][revParse] Unable to read file: ENOENT: no such file or directory, open '/home/alunos/.arthuruser001/webdesign.tri2.ativ1/.git/refs/remotes/origin/main'
2026-06-15 10:42:42.464 [info] > git rev-parse refs/remotes/origin/main [2ms]
2026-06-15 10:42:42.482 [info] > git for-each-ref --sort -committerdate --format %(refname)%00%(objectname)%00%(*objectname) [2ms]
2026-06-15 10:42:43.124 [info] > git status -z -uall [654ms]
2026-06-15 10:42:48.150 [info] > git config --get commit.template [6ms]
2026-06-15 10:42:48.151 [info] > git for-each-ref --format=%(refname)%00%(upstream:short)%00%(objectname)%00%(upstream:track)%00%(upstream:remotename)%00%(upstream:remoteref) refs/heads/main refs/remotes/main [2ms]
2026-06-15 10:42:48.158 [warning] [Git][revParse] Unable to read file: ENOENT: no such file or directory, open '/home/alunos/.arthuruser001/webdesign.tri2.ativ1/.git/refs/remotes/origin/main'
2026-06-15 10:42:48.160 [info] > git rev-parse refs/remotes/origin/main [2ms]
2026-06-15 10:42:48.179 [info] > git for-each-ref --sort -committerdate --format %(refname)%00%(objectname)%00%(*objectname) [2ms]
2026-06-15 10:42:48.818 [info] > git status -z -uall [653ms]
2026-06-15 10:42:53.850 [info] > git config --get commit.template [13ms]
2026-06-15 10:42:53.851 [info] > git for-each-ref --format=%(refname)%00%(upstream:short)%00%(objectname)%00%(upstream:track)%00%(upstream:remotename)%00%(upstream:remoteref) refs/heads/main refs/remotes/main [2ms]
2026-06-15 10:42:53.858 [warning] [Git][revParse] Unable to read file: ENOENT: no such file or directory, open '/home/alunos/.arthuruser001/webdesign.tri2.ativ1/.git/refs/remotes/origin/main'
2026-06-15 10:42:53.860 [info] > git rev-parse refs/remotes/origin/main [2ms]
2026-06-15 10:42:53.893 [info] > git for-each-ref --sort -committerdate --format %(refname)%00%(objectname)%00%(*objectname) [2ms]
2026-06-15 10:42:54.528 [info] > git status -z -uall [658ms]
2026-06-15 10:42:59.553 [info] > git config --get commit.template [7ms]
2026-06-15 10:42:59.555 [info] > git for-each-ref --format=%(refname)%00%(upstream:short)%00%(objectname)%00%(upstream:track)%00%(upstream:remotename)%00%(upstream:remoteref) refs/heads/main refs/remotes/main [2ms]
2026-06-15 10:42:59.561 [warning] [Git][revParse] Unable to read file: ENOENT: no such file or directory, open '/home/alunos/.arthuruser001/webdesign.tri2.ativ1/.git/refs/remotes/origin/main'
2026-06-15 10:42:59.562 [info] > git rev-parse refs/remotes/origin/main [1ms]
2026-06-15 10:42:59.581 [info] > git for-each-ref --sort -committerdate --format %(refname)%00%(objectname)%00%(*objectname) [5ms]
2026-06-15 10:43:00.213 [info] > git status -z -uall [645ms]
2026-06-15 10:43:05.234 [info] > git config --get commit.template [6ms]
2026-06-15 10:43:05.235 [info] > git for-each-ref --format=%(refname)%00%(upstream:short)%00%(objectname)%00%(upstream:track)%00%(upstream:remotename)%00%(upstream:remoteref) refs/heads/main refs/remotes/main [2ms]
2026-06-15 10:43:05.243 [warning] [Git][revParse] Unable to read file: ENOENT: no such file or directory, open '/home/alunos/.arthuruser001/webdesign.tri2.ativ1/.git/refs/remotes/origin/main'
2026-06-15 10:43:05.244 [info] > git rev-parse refs/remotes/origin/main [1ms]
2026-06-15 10:43:05.258 [info] > git for-each-ref --sort -committerdate --format %(refname)%00%(objectname)%00%(*objectname) [1ms]
2026-06-15 10:43:05.835 [info] > git status -z -uall [586ms]
2026-06-15 10:43:10.856 [info] > git config --get commit.template [6ms]
2026-06-15 10:43:10.857 [info] > git for-each-ref --format=%(refname)%00%(upstream:short)%00%(objectname)%00%(upstream:track)%00%(upstream:remotename)%00%(upstream:remoteref) refs/heads/main refs/remotes/main [2ms]
2026-06-15 10:43:10.862 [warning] [Git][revParse] Unable to read file: ENOENT: no such file or directory, open '/home/alunos/.arthuruser001/webdesign.tri2.ativ1/.git/refs/remotes/origin/main'
2026-06-15 10:43:10.863 [info] > git rev-parse refs/remotes/origin/main [1ms]
2026-06-15 10:43:10.878 [info] > git for-each-ref --sort -committerdate --format %(refname)%00%(objectname)%00%(*objectname) [2ms]
2026-06-15 10:43:11.470 [info] > git status -z -uall [601ms]
2026-06-15 10:43:13.202 [info] > git check-ignore -v -z --stdin [2ms]
2026-06-15 10:43:14.225 [info] > git log --format=%H%n%aN%n%aE%n%at%n%ct%n%P%n%D%n%B -z --shortstat --diff-merges=first-parent -n50 --skip=0 --topo-order --decorate=full --stdin [1621ms]
2026-06-15 10:43:14.240 [info] > git merge-base main origin/main [2ms]
2026-06-15 10:43:16.493 [info] > git config --get commit.template [7ms]
2026-06-15 10:43:16.494 [info] > git for-each-ref --format=%(refname)%00%(upstream:short)%00%(objectname)%00%(upstream:track)%00%(upstream:remotename)%00%(upstream:remoteref) refs/heads/main refs/remotes/main [2ms]
2026-06-15 10:43:16.500 [warning] [Git][revParse] Unable to read file: ENOENT: no such file or directory, open '/home/alunos/.arthuruser001/webdesign.tri2.ativ1/.git/refs/remotes/origin/main'
2026-06-15 10:43:16.501 [info] > git rev-parse refs/remotes/origin/main [1ms]
2026-06-15 10:43:16.518 [info] > git for-each-ref --sort -committerdate --format %(refname)%00%(objectname)%00%(*objectname) [2ms]
2026-06-15 10:43:17.102 [info] > git status -z -uall [594ms]
2026-06-15 10:43:22.125 [info] > git config --get commit.template [7ms]
2026-06-15 10:43:22.126 [info] > git for-each-ref --format=%(refname)%00%(upstream:short)%00%(objectname)%00%(upstream:track)%00%(upstream:remotename)%00%(upstream:remoteref) refs/heads/main refs/remotes/main [2ms]
2026-06-15 10:43:22.131 [warning] [Git][revParse] Unable to read file: ENOENT: no such file or directory, open '/home/alunos/.arthuruser001/webdesign.tri2.ativ1/.git/refs/remotes/origin/main'
2026-06-15 10:43:22.133 [info] > git rev-parse refs/remotes/origin/main [2ms]
2026-06-15 10:43:22.149 [info] > git for-each-ref --sort -committerdate --format %(refname)%00%(objectname)%00%(*objectname) [1ms]
2026-06-15 10:43:22.739 [info] > git status -z -uall [602ms]
2026-06-15 10:43:27.760 [info] > git config --get commit.template [7ms]
2026-06-15 10:43:27.761 [info] > git for-each-ref --format=%(refname)%00%(upstream:short)%00%(objectname)%00%(upstream:track)%00%(upstream:remotename)%00%(upstream:remoteref) refs/heads/main refs/remotes/main [2ms]
2026-06-15 10:43:27.766 [warning] [Git][revParse] Unable to read file: ENOENT: no such file or directory, open '/home/alunos/.arthuruser001/webdesign.tri2.ativ1/.git/refs/remotes/origin/main'
2026-06-15 10:43:27.768 [info] > git rev-parse refs/remotes/origin/main [2ms]
2026-06-15 10:43:27.782 [info] > git for-each-ref --sort -committerdate --format %(refname)%00%(objectname)%00%(*objectname) [2ms]
2026-06-15 10:43:28.416 [info] > git status -z -uall [644ms]
2026-06-15 10:44:58.116 [info] > git config --get commit.template [12ms]
2026-06-15 10:44:58.119 [info] > git for-each-ref --format=%(refname)%00%(upstream:short)%00%(objectname)%00%(upstream:track)%00%(upstream:remotename)%00%(upstream:remoteref) refs/heads/main refs/remotes/main [4ms]
2026-06-15 10:44:58.125 [warning] [Git][revParse] Unable to read file: ENOENT: no such file or directory, open '/home/alunos/.arthuruser001/webdesign.tri2.ativ1/.git/refs/remotes/origin/main'
2026-06-15 10:44:58.129 [info] > git rev-parse refs/remotes/origin/main [4ms]
2026-06-15 10:44:58.159 [info] > git for-each-ref --sort -committerdate --format %(refname)%00%(objectname)%00%(*objectname) [3ms]
2026-06-15 10:44:58.855 [info] > git status -z -uall [718ms]
2026-06-15 10:45:03.878 [info] > git config --get commit.template [6ms]
2026-06-15 10:45:03.880 [info] > git for-each-ref --format=%(refname)%00%(upstream:short)%00%(objectname)%00%(upstream:track)%00%(upstream:remotename)%00%(upstream:remoteref) refs/heads/main refs/remotes/main [2ms]
2026-06-15 10:45:03.884 [warning] [Git][revParse] Unable to read file: ENOENT: no such file or directory, open '/home/alunos/.arthuruser001/webdesign.tri2.ativ1/.git/refs/remotes/origin/main'
2026-06-15 10:45:03.886 [info] > git rev-parse refs/remotes/origin/main [2ms]
2026-06-15 10:45:03.901 [info] > git for-each-ref --sort -committerdate --format %(refname)%00%(objectname)%00%(*objectname) [3ms]
2026-06-15 10:45:04.504 [info] > git status -z -uall [613ms]
2026-06-15 10:45:09.525 [info] > git config --get commit.template [2ms]
2026-06-15 10:45:09.532 [info] > git for-each-ref --format=%(refname)%00%(upstream:short)%00%(objectname)%00%(upstream:track)%00%(upstream:remotename)%00%(upstream:remoteref) refs/heads/main refs/remotes/main [2ms]
2026-06-15 10:45:09.537 [warning] [Git][revParse] Unable to read file: ENOENT: no such file or directory, open '/home/alunos/.arthuruser001/webdesign.tri2.ativ1/.git/refs/remotes/origin/main'
2026-06-15 10:45:09.538 [info] > git rev-parse refs/remotes/origin/main [1ms]
2026-06-15 10:45:09.552 [info] > git for-each-ref --sort -committerdate --format %(refname)%00%(objectname)%00%(*objectname) [3ms]
2026-06-15 10:45:10.146 [info] > git status -z -uall [603ms]
2026-06-15 10:45:15.170 [info] > git config --get commit.template [7ms]
2026-06-15 10:45:15.171 [info] > git for-each-ref --format=%(refname)%00%(upstream:short)%00%(objectname)%00%(upstream:track)%00%(upstream:remotename)%00%(upstream:remoteref) refs/heads/main refs/remotes/main [2ms]
2026-06-15 10:45:15.176 [warning] [Git][revParse] Unable to read file: ENOENT: no such file or directory, open '/home/alunos/.arthuruser001/webdesign.tri2.ativ1/.git/refs/remotes/origin/main'
2026-06-15 10:45:15.178 [info] > git rev-parse refs/remotes/origin/main [2ms]
2026-06-15 10:45:15.195 [info] > git for-each-ref --sort -committerdate --format %(refname)%00%(objectname)%00%(*objectname) [2ms]
2026-06-15 10:45:15.800 [info] > git status -z -uall [618ms]
2026-06-15 10:45:20.823 [info] > git config --get commit.template [6ms]
2026-06-15 10:45:20.824 [info] > git for-each-ref --format=%(refname)%00%(upstream:short)%00%(objectname)%00%(upstream:track)%00%(upstream:remotename)%00%(upstream:remoteref) refs/heads/main refs/remotes/main [2ms]
2026-06-15 10:45:20.829 [warning] [Git][revParse] Unable to read file: ENOENT: no such file or directory, open '/home/alunos/.arthuruser001/webdesign.tri2.ativ1/.git/refs/remotes/origin/main'
2026-06-15 10:45:20.830 [info] > git rev-parse refs/remotes/origin/main [1ms]
2026-06-15 10:45:20.845 [info] > git for-each-ref --sort -committerdate --format %(refname)%00%(objectname)%00%(*objectname) [2ms]
2026-06-15 10:45:21.444 [info] > git status -z -uall [609ms]
2026-06-15 10:45:26.467 [info] > git config --get commit.template [6ms]
2026-06-15 10:45:26.468 [info] > git for-each-ref --format=%(refname)%00%(upstream:short)%00%(objectname)%00%(upstream:track)%00%(upstream:remotename)%00%(upstream:remoteref) refs/heads/main refs/remotes/main [2ms]
2026-06-15 10:45:26.475 [warning] [Git][revParse] Unable to read file: ENOENT: no such file or directory, open '/home/alunos/.arthuruser001/webdesign.tri2.ativ1/.git/refs/remotes/origin/main'
2026-06-15 10:45:26.477 [info] > git rev-parse refs/remotes/origin/main [2ms]
2026-06-15 10:45:26.493 [info] > git for-each-ref --sort -committerdate --format %(refname)%00%(objectname)%00%(*objectname) [2ms]
2026-06-15 10:45:27.092 [info] > git status -z -uall [611ms]
2026-06-15 10:45:32.117 [info] > git config --get commit.template [6ms]
2026-06-15 10:45:32.118 [info] > git for-each-ref --format=%(refname)%00%(upstream:short)%00%(objectname)%00%(upstream:track)%00%(upstream:remotename)%00%(upstream:remoteref) refs/heads/main refs/remotes/main [2ms]
2026-06-15 10:45:32.124 [warning] [Git][revParse] Unable to read file: ENOENT: no such file or directory, open '/home/alunos/.arthuruser001/webdesign.tri2.ativ1/.git/refs/remotes/origin/main'
2026-06-15 10:45:32.125 [info] > git rev-parse refs/remotes/origin/main [1ms]
2026-06-15 10:45:32.140 [info] > git for-each-ref --sort -committerdate --format %(refname)%00%(objectname)%00%(*objectname) [1ms]
2026-06-15 10:45:32.775 [info] > git status -z -uall [645ms]
2026-06-15 10:45:37.803 [info] > git config --get commit.template [2ms]
2026-06-15 10:45:37.810 [info] > git for-each-ref --format=%(refname)%00%(upstream:short)%00%(objectname)%00%(upstream:track)%00%(upstream:remotename)%00%(upstream:remoteref) refs/heads/main refs/remotes/main [1ms]
2026-06-15 10:45:37.816 [warning] [Git][revParse] Unable to read file: ENOENT: no such file or directory, open '/home/alunos/.arthuruser001/webdesign.tri2.ativ1/.git/refs/remotes/origin/main'
2026-06-15 10:45:37.818 [info] > git rev-parse refs/remotes/origin/main [2ms]
2026-06-15 10:45:37.834 [info] > git for-each-ref --sort -committerdate --format %(refname)%00%(objectname)%00%(*objectname) [2ms]
2026-06-15 10:45:38.435 [info] > git status -z -uall [612ms]
2026-06-15 10:45:43.461 [info] > git config --get commit.template [5ms]
2026-06-15 10:45:43.463 [info] > git for-each-ref --format=%(refname)%00%(upstream:short)%00%(objectname)%00%(upstream:track)%00%(upstream:remotename)%00%(upstream:remoteref) refs/heads/main refs/remotes/main [2ms]
2026-06-15 10:45:43.468 [warning] [Git][revParse] Unable to read file: ENOENT: no such file or directory, open '/home/alunos/.arthuruser001/webdesign.tri2.ativ1/.git/refs/remotes/origin/main'
2026-06-15 10:45:43.470 [info] > git rev-parse refs/remotes/origin/main [2ms]
2026-06-15 10:45:43.482 [info] > git for-each-ref --sort -committerdate --format %(refname)%00%(objectname)%00%(*objectname) [1ms]
2026-06-15 10:45:44.062 [info] > git status -z -uall [587ms]
2026-06-15 10:45:49.086 [info] > git config --get commit.template [7ms]
2026-06-15 10:45:49.088 [info] > git for-each-ref --format=%(refname)%00%(upstream:short)%00%(objectname)%00%(upstream:track)%00%(upstream:remotename)%00%(upstream:remoteref) refs/heads/main refs/remotes/main [3ms]
2026-06-15 10:45:49.093 [warning] [Git][revParse] Unable to read file: ENOENT: no such file or directory, open '/home/alunos/.arthuruser001/webdesign.tri2.ativ1/.git/refs/remotes/origin/main'
2026-06-15 10:45:49.094 [info] > git rev-parse refs/remotes/origin/main [1ms]
2026-06-15 10:45:49.112 [info] > git for-each-ref --sort -committerdate --format %(refname)%00%(objectname)%00%(*objectname) [2ms]
2026-06-15 10:45:49.738 [info] > git status -z -uall [639ms]
2026-06-15 10:45:54.765 [info] > git config --get commit.template [8ms]
2026-06-15 10:45:54.766 [info] > git for-each-ref --format=%(refname)%00%(upstream:short)%00%(objectname)%00%(upstream:track)%00%(upstream:remotename)%00%(upstream:remoteref) refs/heads/main refs/remotes/main [2ms]
2026-06-15 10:45:54.771 [warning] [Git][revParse] Unable to read file: ENOENT: no such file or directory, open '/home/alunos/.arthuruser001/webdesign.tri2.ativ1/.git/refs/remotes/origin/main'
2026-06-15 10:45:54.773 [info] > git rev-parse refs/remotes/origin/main [2ms]
2026-06-15 10:45:54.792 [info] > git for-each-ref --sort -committerdate --format %(refname)%00%(objectname)%00%(*objectname) [4ms]
2026-06-15 10:45:55.385 [info] > git status -z -uall [605ms]
2026-06-15 10:46:00.402 [info] > git config --get commit.template [2ms]
2026-06-15 10:46:00.409 [info] > git for-each-ref --format=%(refname)%00%(upstream:short)%00%(objectname)%00%(upstream:track)%00%(upstream:remotename)%00%(upstream:remoteref) refs/heads/main refs/remotes/main [2ms]
2026-06-15 10:46:00.413 [warning] [Git][revParse] Unable to read file: ENOENT: no such file or directory, open '/home/alunos/.arthuruser001/webdesign.tri2.ativ1/.git/refs/remotes/origin/main'
2026-06-15 10:46:00.415 [info] > git rev-parse refs/remotes/origin/main [2ms]
2026-06-15 10:46:00.429 [info] > git for-each-ref --sort -committerdate --format %(refname)%00%(objectname)%00%(*objectname) [2ms]
2026-06-15 10:46:01.035 [info] > git status -z -uall [615ms]
2026-06-15 10:46:06.062 [info] > git config --get commit.template [8ms]
2026-06-15 10:46:06.063 [info] > git for-each-ref --format=%(refname)%00%(upstream:short)%00%(objectname)%00%(upstream:track)%00%(upstream:remotename)%00%(upstream:remoteref) refs/heads/main refs/remotes/main [3ms]
2026-06-15 10:46:06.069 [warning] [Git][revParse] Unable to read file: ENOENT: no such file or directory, open '/home/alunos/.arthuruser001/webdesign.tri2.ativ1/.git/refs/remotes/origin/main'
2026-06-15 10:46:06.071 [info] > git rev-parse refs/remotes/origin/main [1ms]
2026-06-15 10:46:06.094 [info] > git for-each-ref --sort -committerdate --format %(refname)%00%(objectname)%00%(*objectname) [3ms]
2026-06-15 10:46:06.748 [info] > git status -z -uall [668ms]
2026-06-15 10:46:11.768 [info] > git config --get commit.template [3ms]
2026-06-15 10:46:11.775 [info] > git for-each-ref --format=%(refname)%00%(upstream:short)%00%(objectname)%00%(upstream:track)%00%(upstream:remotename)%00%(upstream:remoteref) refs/heads/main refs/remotes/main [2ms]
2026-06-15 10:46:11.779 [warning] [Git][revParse] Unable to read file: ENOENT: no such file or directory, open '/home/alunos/.arthuruser001/webdesign.tri2.ativ1/.git/refs/remotes/origin/main'
2026-06-15 10:46:11.780 [info] > git rev-parse refs/remotes/origin/main [1ms]
2026-06-15 10:46:11.797 [info] > git for-each-ref --sort -committerdate --format %(refname)%00%(objectname)%00%(*objectname) [2ms]
2026-06-15 10:46:12.403 [info] > git status -z -uall [617ms]
2026-06-15 10:46:17.426 [info] > git config --get commit.template [3ms]
2026-06-15 10:46:17.437 [info] > git for-each-ref --format=%(refname)%00%(upstream:short)%00%(objectname)%00%(upstream:track)%00%(upstream:remotename)%00%(upstream:remoteref) refs/heads/main refs/remotes/main [2ms]
2026-06-15 10:46:17.442 [warning] [Git][revParse] Unable to read file: ENOENT: no such file or directory, open '/home/alunos/.arthuruser001/webdesign.tri2.ativ1/.git/refs/remotes/origin/main'
2026-06-15 10:46:17.443 [info] > git rev-parse refs/remotes/origin/main [1ms]
2026-06-15 10:46:17.457 [info] > git for-each-ref --sort -committerdate --format %(refname)%00%(objectname)%00%(*objectname) [2ms]
2026-06-15 10:46:18.078 [info] > git status -z -uall [631ms]
2026-06-15 10:46:23.104 [info] > git config --get commit.template [3ms]
2026-06-15 10:46:23.113 [info] > git for-each-ref --format=%(refname)%00%(upstream:short)%00%(objectname)%00%(upstream:track)%00%(upstream:remotename)%00%(upstream:remoteref) refs/heads/main refs/remotes/main [3ms]
2026-06-15 10:46:23.118 [warning] [Git][revParse] Unable to read file: ENOENT: no such file or directory, open '/home/alunos/.arthuruser001/webdesign.tri2.ativ1/.git/refs/remotes/origin/main'
2026-06-15 10:46:23.120 [info] > git rev-parse refs/remotes/origin/main [2ms]
2026-06-15 10:46:23.138 [info] > git for-each-ref --sort -committerdate --format %(refname)%00%(objectname)%00%(*objectname) [2ms]
2026-06-15 10:46:23.764 [info] > git status -z -uall [639ms]
2026-06-15 10:46:28.794 [info] > git config --get commit.template [7ms]
2026-06-15 10:46:28.796 [info] > git for-each-ref --format=%(refname)%00%(upstream:short)%00%(objectname)%00%(upstream:track)%00%(upstream:remotename)%00%(upstream:remoteref) refs/heads/main refs/remotes/main [3ms]
2026-06-15 10:46:28.801 [warning] [Git][revParse] Unable to read file: ENOENT: no such file or directory, open '/home/alunos/.arthuruser001/webdesign.tri2.ativ1/.git/refs/remotes/origin/main'
2026-06-15 10:46:28.803 [info] > git rev-parse refs/remotes/origin/main [2ms]
2026-06-15 10:46:28.820 [info] > git for-each-ref --sort -committerdate --format %(refname)%00%(objectname)%00%(*objectname) [1ms]
2026-06-15 10:46:29.444 [info] > git status -z -uall [637ms]
2026-06-15 10:46:44.074 [info] > git config --get commit.template [2ms]
2026-06-15 10:46:44.088 [info] > git for-each-ref --format=%(refname)%00%(upstream:short)%00%(objectname)%00%(upstream:track)%00%(upstream:remotename)%00%(upstream:remoteref) refs/heads/main refs/remotes/main [2ms]
2026-06-15 10:46:44.093 [warning] [Git][revParse] Unable to read file: ENOENT: no such file or directory, open '/home/alunos/.arthuruser001/webdesign.tri2.ativ1/.git/refs/remotes/origin/main'
2026-06-15 10:46:44.094 [info] > git rev-parse refs/remotes/origin/main [1ms]
2026-06-15 10:46:44.111 [info] > git for-each-ref --sort -committerdate --format %(refname)%00%(objectname)%00%(*objectname) [2ms]
2026-06-15 10:46:44.733 [info] > git status -z -uall [632ms]
2026-06-15 10:46:49.755 [info] > git config --get commit.template [1ms]
2026-06-15 10:46:49.762 [info] > git for-each-ref --format=%(refname)%00%(upstream:short)%00%(objectname)%00%(upstream:track)%00%(upstream:remotename)%00%(upstream:remoteref) refs/heads/main refs/remotes/main [2ms]
2026-06-15 10:46:49.767 [warning] [Git][revParse] Unable to read file: ENOENT: no such file or directory, open '/home/alunos/.arthuruser001/webdesign.tri2.ativ1/.git/refs/remotes/origin/main'
2026-06-15 10:46:49.770 [info] > git rev-parse refs/remotes/origin/main [2ms]
2026-06-15 10:46:49.789 [info] > git for-each-ref --sort -committerdate --format %(refname)%00%(objectname)%00%(*objectname) [6ms]
2026-06-15 10:46:50.427 [info] > git status -z -uall [651ms]
2026-06-15 10:46:55.467 [info] > git config --get commit.template [4ms]
2026-06-15 10:46:55.481 [info] > git for-each-ref --format=%(refname)%00%(upstream:short)%00%(objectname)%00%(upstream:track)%00%(upstream:remotename)%00%(upstream:remoteref) refs/heads/main refs/remotes/main [5ms]
2026-06-15 10:46:55.489 [warning] [Git][revParse] Unable to read file: ENOENT: no such file or directory, open '/home/alunos/.arthuruser001/webdesign.tri2.ativ1/.git/refs/remotes/origin/main'
2026-06-15 10:46:55.493 [info] > git rev-parse refs/remotes/origin/main [3ms]
2026-06-15 10:46:55.524 [info] > git for-each-ref --sort -committerdate --format %(refname)%00%(objectname)%00%(*objectname) [3ms]
2026-06-15 10:46:56.155 [info] > git status -z -uall [647ms]
2026-06-15 10:47:01.173 [info] > git config --get commit.template [2ms]
2026-06-15 10:47:01.187 [info] > git for-each-ref --format=%(refname)%00%(upstream:short)%00%(objectname)%00%(upstream:track)%00%(upstream:remotename)%00%(upstream:remoteref) refs/heads/main refs/remotes/main [2ms]
2026-06-15 10:47:01.195 [warning] [Git][revParse] Unable to read file: ENOENT: no such file or directory, open '/home/alunos/.arthuruser001/webdesign.tri2.ativ1/.git/refs/remotes/origin/main'
2026-06-15 10:47:01.200 [info] > git rev-parse refs/remotes/origin/main [5ms]
2026-06-15 10:47:01.229 [info] > git for-each-ref --sort -committerdate --format %(refname)%00%(objectname)%00%(*objectname) [10ms]
2026-06-15 10:47:01.957 [info] > git status -z -uall [751ms]
2026-06-15 10:47:06.982 [info] > git config --get commit.template [2ms]
2026-06-15 10:47:06.992 [info] > git for-each-ref --format=%(refname)%00%(upstream:short)%00%(objectname)%00%(upstream:track)%00%(upstream:remotename)%00%(upstream:remoteref) refs/heads/main refs/remotes/main [3ms]
2026-06-15 10:47:06.998 [warning] [Git][revParse] Unable to read file: ENOENT: no such file or directory, open '/home/alunos/.arthuruser001/webdesign.tri2.ativ1/.git/refs/remotes/origin/main'
2026-06-15 10:47:07.000 [info] > git rev-parse refs/remotes/origin/main [2ms]
2026-06-15 10:47:07.021 [info] > git for-each-ref --sort -committerdate --format %(refname)%00%(objectname)%00%(*objectname) [3ms]
2026-06-15 10:47:07.642 [info] > git status -z -uall [634ms]
2026-06-15 10:47:12.693 [info] > git config --get commit.template [10ms]
2026-06-15 10:47:12.693 [info] > git for-each-ref --format=%(refname)%00%(upstream:short)%00%(objectname)%00%(upstream:track)%00%(upstream:remotename)%00%(upstream:remoteref) refs/heads/main refs/remotes/main [2ms]
2026-06-15 10:47:12.708 [warning] [Git][revParse] Unable to read file: ENOENT: no such file or directory, open '/home/alunos/.arthuruser001/webdesign.tri2.ativ1/.git/refs/remotes/origin/main'
2026-06-15 10:47:12.710 [info] > git rev-parse refs/remotes/origin/main [2ms]
2026-06-15 10:47:12.728 [info] > git for-each-ref --sort -committerdate --format %(refname)%00%(objectname)%00%(*objectname) [1ms]
2026-06-15 10:47:13.375 [info] > git status -z -uall [658ms]
2026-06-15 10:47:18.396 [info] > git config --get commit.template [3ms]
2026-06-15 10:47:18.408 [info] > git for-each-ref --format=%(refname)%00%(upstream:short)%00%(objectname)%00%(upstream:track)%00%(upstream:remotename)%00%(upstream:remoteref) refs/heads/main refs/remotes/main [3ms]
2026-06-15 10:47:18.416 [warning] [Git][revParse] Unable to read file: ENOENT: no such file or directory, open '/home/alunos/.arthuruser001/webdesign.tri2.ativ1/.git/refs/remotes/origin/main'
2026-06-15 10:47:18.418 [info] > git rev-parse refs/remotes/origin/main [2ms]
2026-06-15 10:47:18.439 [info] > git for-each-ref --sort -committerdate --format %(refname)%00%(objectname)%00%(*objectname) [2ms]
2026-06-15 10:47:19.063 [info] > git status -z -uall [639ms]
2026-06-15 10:47:24.083 [info] > git config --get commit.template [5ms]
2026-06-15 10:47:24.085 [info] > git for-each-ref --format=%(refname)%00%(upstream:short)%00%(objectname)%00%(upstream:track)%00%(upstream:remotename)%00%(upstream:remoteref) refs/heads/main refs/remotes/main [2ms]
2026-06-15 10:47:24.090 [warning] [Git][revParse] Unable to read file: ENOENT: no such file or directory, open '/home/alunos/.arthuruser001/webdesign.tri2.ativ1/.git/refs/remotes/origin/main'
2026-06-15 10:47:24.092 [info] > git rev-parse refs/remotes/origin/main [1ms]
2026-06-15 10:47:24.105 [info] > git for-each-ref --sort -committerdate --format %(refname)%00%(objectname)%00%(*objectname) [2ms]
2026-06-15 10:47:24.713 [info] > git status -z -uall [617ms]
2026-06-15 10:47:29.733 [info] > git config --get commit.template [6ms]
2026-06-15 10:47:29.734 [info] > git for-each-ref --format=%(refname)%00%(upstream:short)%00%(objectname)%00%(upstream:track)%00%(upstream:remotename)%00%(upstream:remoteref) refs/heads/main refs/remotes/main [1ms]
2026-06-15 10:47:29.740 [warning] [Git][revParse] Unable to read file: ENOENT: no such file or directory, open '/home/alunos/.arthuruser001/webdesign.tri2.ativ1/.git/refs/remotes/origin/main'
2026-06-15 10:47:29.741 [info] > git rev-parse refs/remotes/origin/main [1ms]
2026-06-15 10:47:29.755 [info] > git for-each-ref --sort -committerdate --format %(refname)%00%(objectname)%00%(*objectname) [3ms]
2026-06-15 10:47:30.370 [info] > git status -z -uall [625ms]
2026-06-15 10:47:35.393 [info] > git config --get commit.template [8ms]
2026-06-15 10:47:35.394 [info] > git for-each-ref --format=%(refname)%00%(upstream:short)%00%(objectname)%00%(upstream:track)%00%(upstream:remotename)%00%(upstream:remoteref) refs/heads/main refs/remotes/main [2ms]
2026-06-15 10:47:35.401 [warning] [Git][revParse] Unable to read file: ENOENT: no such file or directory, open '/home/alunos/.arthuruser001/webdesign.tri2.ativ1/.git/refs/remotes/origin/main'
2026-06-15 10:47:35.403 [info] > git rev-parse refs/remotes/origin/main [2ms]
2026-06-15 10:47:35.416 [info] > git for-each-ref --sort -committerdate --format %(refname)%00%(objectname)%00%(*objectname) [1ms]
2026-06-15 10:47:36.022 [info] > git status -z -uall [615ms]
2026-06-15 10:47:41.044 [info] > git config --get commit.template [9ms]
2026-06-15 10:47:41.046 [info] > git for-each-ref --format=%(refname)%00%(upstream:short)%00%(objectname)%00%(upstream:track)%00%(upstream:remotename)%00%(upstream:remoteref) refs/heads/main refs/remotes/main [3ms]
2026-06-15 10:47:41.051 [warning] [Git][revParse] Unable to read file: ENOENT: no such file or directory, open '/home/alunos/.arthuruser001/webdesign.tri2.ativ1/.git/refs/remotes/origin/main'
2026-06-15 10:47:41.053 [info] > git rev-parse refs/remotes/origin/main [2ms]
2026-06-15 10:47:41.067 [info] > git for-each-ref --sort -committerdate --format %(refname)%00%(objectname)%00%(*objectname) [2ms]
2026-06-15 10:47:41.679 [info] > git status -z -uall [621ms]
2026-06-15 10:47:46.703 [info] > git config --get commit.template [7ms]
2026-06-15 10:47:46.704 [info] > git for-each-ref --format=%(refname)%00%(upstream:short)%00%(objectname)%00%(upstream:track)%00%(upstream:remotename)%00%(upstream:remoteref) refs/heads/main refs/remotes/main [2ms]
2026-06-15 10:47:46.709 [warning] [Git][revParse] Unable to read file: ENOENT: no such file or directory, open '/home/alunos/.arthuruser001/webdesign.tri2.ativ1/.git/refs/remotes/origin/main'
2026-06-15 10:47:46.710 [info] > git rev-parse refs/remotes/origin/main [1ms]
2026-06-15 10:47:46.724 [info] > git for-each-ref --sort -committerdate --format %(refname)%00%(objectname)%00%(*objectname) [2ms]
2026-06-15 10:47:47.315 [info] > git status -z -uall [601ms]
2026-06-15 10:47:48.425 [info] > git check-ignore -v -z --stdin [8ms]
2026-06-15 10:47:48.463 [info] > git show --textconv :index.html [13ms]
2026-06-15 10:47:48.471 [info] > git ls-files --stage -- index.html [9ms]
2026-06-15 10:47:48.488 [info] > git cat-file -s 5284b817a6b2f8b751157486a70e2e8c7e2c5f53 [3ms]
2026-06-15 10:47:52.338 [info] > git config --get commit.template [7ms]
2026-06-15 10:47:52.339 [info] > git for-each-ref --format=%(refname)%00%(upstream:short)%00%(objectname)%00%(upstream:track)%00%(upstream:remotename)%00%(upstream:remoteref) refs/heads/main refs/remotes/main [2ms]
2026-06-15 10:47:52.345 [warning] [Git][revParse] Unable to read file: ENOENT: no such file or directory, open '/home/alunos/.arthuruser001/webdesign.tri2.ativ1/.git/refs/remotes/origin/main'
2026-06-15 10:47:52.346 [info] > git rev-parse refs/remotes/origin/main [1ms]
2026-06-15 10:47:52.360 [info] > git for-each-ref --sort -committerdate --format %(refname)%00%(objectname)%00%(*objectname) [1ms]
2026-06-15 10:47:52.961 [info] > git status -z -uall [610ms]
2026-06-15 10:47:53.369 [info] > git check-ignore -v -z --stdin [4ms]
2026-06-15 10:47:57.986 [info] > git config --get commit.template [7ms]
2026-06-15 10:47:57.986 [info] > git for-each-ref --format=%(refname)%00%(upstream:short)%00%(objectname)%00%(upstream:track)%00%(upstream:remotename)%00%(upstream:remoteref) refs/heads/main refs/remotes/main [2ms]
2026-06-15 10:47:57.991 [warning] [Git][revParse] Unable to read file: ENOENT: no such file or directory, open '/home/alunos/.arthuruser001/webdesign.tri2.ativ1/.git/refs/remotes/origin/main'
2026-06-15 10:47:57.992 [info] > git rev-parse refs/remotes/origin/main [1ms]
2026-06-15 10:47:58.006 [info] > git for-each-ref --sort -committerdate --format %(refname)%00%(objectname)%00%(*objectname) [3ms]
2026-06-15 10:47:58.588 [info] > git status -z -uall [592ms]
2026-06-15 10:47:58.987 [info] > git check-ignore -v -z --stdin [4ms]
2026-06-15 10:48:06.699 [info] > git config --get commit.template [2ms]
2026-06-15 10:48:06.711 [info] > git for-each-ref --format=%(refname)%00%(upstream:short)%00%(objectname)%00%(upstream:track)%00%(upstream:remotename)%00%(upstream:remoteref) refs/heads/main refs/remotes/main [4ms]
2026-06-15 10:48:06.718 [warning] [Git][revParse] Unable to read file: ENOENT: no such file or directory, open '/home/alunos/.arthuruser001/webdesign.tri2.ativ1/.git/refs/remotes/origin/main'
2026-06-15 10:48:06.720 [info] > git rev-parse refs/remotes/origin/main [2ms]
2026-06-15 10:48:06.740 [info] > git for-each-ref --sort -committerdate --format %(refname)%00%(objectname)%00%(*objectname) [1ms]
2026-06-15 10:48:07.356 [info] > git status -z -uall [630ms]
2026-06-15 10:48:07.769 [info] > git check-ignore -v -z --stdin [3ms]
2026-06-15 10:48:12.381 [info] > git config --get commit.template [6ms]
2026-06-15 10:48:12.383 [info] > git for-each-ref --format=%(refname)%00%(upstream:short)%00%(objectname)%00%(upstream:track)%00%(upstream:remotename)%00%(upstream:remoteref) refs/heads/main refs/remotes/main [2ms]
2026-06-15 10:48:12.388 [warning] [Git][revParse] Unable to read file: ENOENT: no such file or directory, open '/home/alunos/.arthuruser001/webdesign.tri2.ativ1/.git/refs/remotes/origin/main'
2026-06-15 10:48:12.389 [info] > git rev-parse refs/remotes/origin/main [1ms]
2026-06-15 10:48:12.405 [info] > git for-each-ref --sort -committerdate --format %(refname)%00%(objectname)%00%(*objectname) [3ms]
2026-06-15 10:48:13.032 [info] > git status -z -uall [638ms]
2026-06-15 10:48:13.448 [info] > git check-ignore -v -z --stdin [4ms]
2026-06-15 10:48:17.977 [info] > git check-ignore -v -z --stdin [2ms]
2026-06-15 10:48:17.994 [info] > git ls-files --stage -- aluno-cadastro.html [3ms]
2026-06-15 10:48:18.007 [info] > git show --textconv :aluno-cadastro.html [23ms]
2026-06-15 10:48:18.013 [info] > git hash-object -t tree /dev/null [7ms]
2026-06-15 10:48:18.014 [warning] [GitFileSystemProvider][stat] File not found - git:/home/alunos/.arthuruser001/webdesign.tri2.ativ1/aluno-cadastro.html.git?%7B%22path%22%3A%22%2Fhome%2Falunos%2F.arthuruser001%2Fwebdesign.tri2.ativ1%2Faluno-cadastro.html%22%2C%22ref%22%3A%22%22%7D
2026-06-15 10:48:18.015 [info] > git hash-object -t tree /dev/null [3ms]
2026-06-15 10:48:18.015 [warning] [GitFileSystemProvider][readFile] File not found - git:/home/alunos/.arthuruser001/webdesign.tri2.ativ1/aluno-cadastro.html.git?%7B%22path%22%3A%22%2Fhome%2Falunos%2F.arthuruser001%2Fwebdesign.tri2.ativ1%2Faluno-cadastro.html%22%2C%22ref%22%3A%22%22%7D
2026-06-15 10:48:18.057 [info] > git config --get commit.template [7ms]
2026-06-15 10:48:18.058 [info] > git for-each-ref --format=%(refname)%00%(upstream:short)%00%(objectname)%00%(upstream:track)%00%(upstream:remotename)%00%(upstream:remoteref) refs/heads/main refs/remotes/main [2ms]
2026-06-15 10:48:18.067 [warning] [Git][revParse] Unable to read file: ENOENT: no such file or directory, open '/home/alunos/.arthuruser001/webdesign.tri2.ativ1/.git/refs/remotes/origin/main'
2026-06-15 10:48:18.068 [info] > git rev-parse refs/remotes/origin/main [1ms]
2026-06-15 10:48:18.082 [info] > git for-each-ref --sort -committerdate --format %(refname)%00%(objectname)%00%(*objectname) [2ms]
2026-06-15 10:48:18.258 [info] > git check-ignore -v -z --stdin [5ms]
2026-06-15 10:48:18.732 [info] > git status -z -uall [657ms]
2026-06-15 10:48:23.754 [info] > git config --get commit.template [6ms]
2026-06-15 10:48:23.755 [info] > git for-each-ref --format=%(refname)%00%(upstream:short)%00%(objectname)%00%(upstream:track)%00%(upstream:remotename)%00%(upstream:remoteref) refs/heads/main refs/remotes/main [2ms]
2026-06-15 10:48:23.760 [warning] [Git][revParse] Unable to read file: ENOENT: no such file or directory, open '/home/alunos/.arthuruser001/webdesign.tri2.ativ1/.git/refs/remotes/origin/main'
2026-06-15 10:48:23.761 [info] > git rev-parse refs/remotes/origin/main [1ms]
2026-06-15 10:48:23.774 [info] > git for-each-ref --sort -committerdate --format %(refname)%00%(objectname)%00%(*objectname) [2ms]
2026-06-15 10:48:24.385 [info] > git status -z -uall [619ms]
2026-06-15 10:48:29.408 [info] > git config --get commit.template [7ms]
2026-06-15 10:48:29.409 [info] > git for-each-ref --format=%(refname)%00%(upstream:short)%00%(objectname)%00%(upstream:track)%00%(upstream:remotename)%00%(upstream:remoteref) refs/heads/main refs/remotes/main [2ms]
2026-06-15 10:48:29.413 [warning] [Git][revParse] Unable to read file: ENOENT: no such file or directory, open '/home/alunos/.arthuruser001/webdesign.tri2.ativ1/.git/refs/remotes/origin/main'
2026-06-15 10:48:29.415 [info] > git rev-parse refs/remotes/origin/main [2ms]
2026-06-15 10:48:29.431 [info] > git for-each-ref --sort -committerdate --format %(refname)%00%(objectname)%00%(*objectname) [2ms]
2026-06-15 10:48:30.065 [info] > git status -z -uall [646ms]
2026-06-15 10:48:35.098 [info] > git for-each-ref --format=%(refname)%00%(upstream:short)%00%(objectname)%00%(upstream:track)%00%(upstream:remotename)%00%(upstream:remoteref) refs/heads/main refs/remotes/main [1ms]
2026-06-15 10:48:35.098 [info] > git config --get commit.template [11ms]
2026-06-15 10:48:35.108 [warning] [Git][revParse] Unable to read file: ENOENT: no such file or directory, open '/home/alunos/.arthuruser001/webdesign.tri2.ativ1/.git/refs/remotes/origin/main'
2026-06-15 10:48:35.110 [info] > git rev-parse refs/remotes/origin/main [2ms]
2026-06-15 10:48:35.124 [info] > git for-each-ref --sort -committerdate --format %(refname)%00%(objectname)%00%(*objectname) [3ms]
2026-06-15 10:48:35.721 [info] > git status -z -uall [607ms]
2026-06-15 10:48:40.747 [info] > git config --get commit.template [8ms]
2026-06-15 10:48:40.748 [info] > git for-each-ref --format=%(refname)%00%(upstream:short)%00%(objectname)%00%(upstream:track)%00%(upstream:remotename)%00%(upstream:remoteref) refs/heads/main refs/remotes/main [2ms]
2026-06-15 10:48:40.755 [warning] [Git][revParse] Unable to read file: ENOENT: no such file or directory, open '/home/alunos/.arthuruser001/webdesign.tri2.ativ1/.git/refs/remotes/origin/main'
2026-06-15 10:48:40.756 [info] > git rev-parse refs/remotes/origin/main [1ms]
2026-06-15 10:48:40.775 [info] > git for-each-ref --sort -committerdate --format %(refname)%00%(objectname)%00%(*objectname) [5ms]
2026-06-15 10:48:41.426 [info] > git status -z -uall [664ms]
2026-06-15 10:48:46.451 [info] > git config --get commit.template [7ms]
2026-06-15 10:48:46.452 [info] > git for-each-ref --format=%(refname)%00%(upstream:short)%00%(objectname)%00%(upstream:track)%00%(upstream:remotename)%00%(upstream:remoteref) refs/heads/main refs/remotes/main [2ms]
2026-06-15 10:48:46.458 [warning] [Git][revParse] Unable to read file: ENOENT: no such file or directory, open '/home/alunos/.arthuruser001/webdesign.tri2.ativ1/.git/refs/remotes/origin/main'
2026-06-15 10:48:46.460 [info] > git rev-parse refs/remotes/origin/main [2ms]
2026-06-15 10:48:46.472 [info] > git for-each-ref --sort -committerdate --format %(refname)%00%(objectname)%00%(*objectname) [0ms]
2026-06-15 10:48:47.093 [info] > git status -z -uall [629ms]
2026-06-15 10:48:52.118 [info] > git config --get commit.template [6ms]
2026-06-15 10:48:52.120 [info] > git for-each-ref --format=%(refname)%00%(upstream:short)%00%(objectname)%00%(upstream:track)%00%(upstream:remotename)%00%(upstream:remoteref) refs/heads/main refs/remotes/main [2ms]
2026-06-15 10:48:52.126 [warning] [Git][revParse] Unable to read file: ENOENT: no such file or directory, open '/home/alunos/.arthuruser001/webdesign.tri2.ativ1/.git/refs/remotes/origin/main'
2026-06-15 10:48:52.127 [info] > git rev-parse refs/remotes/origin/main [1ms]
2026-06-15 10:48:52.145 [info] > git for-each-ref --sort -committerdate --format %(refname)%00%(objectname)%00%(*objectname) [3ms]
2026-06-15 10:48:52.761 [info] > git status -z -uall [629ms]
2026-06-15 10:48:57.783 [info] > git config --get commit.template [6ms]
2026-06-15 10:48:57.784 [info] > git for-each-ref --format=%(refname)%00%(upstream:short)%00%(objectname)%00%(upstream:track)%00%(upstream:remotename)%00%(upstream:remoteref) refs/heads/main refs/remotes/main [2ms]
2026-06-15 10:48:57.789 [warning] [Git][revParse] Unable to read file: ENOENT: no such file or directory, open '/home/alunos/.arthuruser001/webdesign.tri2.ativ1/.git/refs/remotes/origin/main'
2026-06-15 10:48:57.791 [info] > git rev-parse refs/remotes/origin/main [2ms]
2026-06-15 10:48:57.805 [info] > git for-each-ref --sort -committerdate --format %(refname)%00%(objectname)%00%(*objectname) [3ms]
2026-06-15 10:48:58.407 [info] > git status -z -uall [612ms]
2026-06-15 10:49:03.431 [info] > git config --get commit.template [6ms]
2026-06-15 10:49:03.433 [info] > git for-each-ref --format=%(refname)%00%(upstream:short)%00%(objectname)%00%(upstream:track)%00%(upstream:remotename)%00%(upstream:remoteref) refs/heads/main refs/remotes/main [2ms]
2026-06-15 10:49:03.438 [warning] [Git][revParse] Unable to read file: ENOENT: no such file or directory, open '/home/alunos/.arthuruser001/webdesign.tri2.ativ1/.git/refs/remotes/origin/main'
2026-06-15 10:49:03.439 [info] > git rev-parse refs/remotes/origin/main [1ms]
2026-06-15 10:49:03.455 [info] > git for-each-ref --sort -committerdate --format %(refname)%00%(objectname)%00%(*objectname) [1ms]
2026-06-15 10:49:04.051 [info] > git status -z -uall [607ms]
2026-06-15 10:49:33.613 [info] > git config --get commit.template [8ms]
2026-06-15 10:49:33.627 [info] > git for-each-ref --format=%(refname)%00%(upstream:short)%00%(objectname)%00%(upstream:track)%00%(upstream:remotename)%00%(upstream:remoteref) refs/heads/main refs/remotes/main [6ms]
2026-06-15 10:49:33.634 [warning] [Git][revParse] Unable to read file: ENOENT: no such file or directory, open '/home/alunos/.arthuruser001/webdesign.tri2.ativ1/.git/refs/remotes/origin/main'
2026-06-15 10:49:33.636 [info] > git rev-parse refs/remotes/origin/main [2ms]
2026-06-15 10:49:33.660 [info] > git for-each-ref --sort -committerdate --format %(refname)%00%(objectname)%00%(*objectname) [3ms]
2026-06-15 10:49:34.436 [info] > git status -z -uall [789ms]
2026-06-15 10:49:39.468 [info] > git config --get commit.template [7ms]
2026-06-15 10:49:39.469 [info] > git for-each-ref --format=%(refname)%00%(upstream:short)%00%(objectname)%00%(upstream:track)%00%(upstream:remotename)%00%(upstream:remoteref) refs/heads/main refs/remotes/main [2ms]
2026-06-15 10:49:39.474 [warning] [Git][revParse] Unable to read file: ENOENT: no such file or directory, open '/home/alunos/.arthuruser001/webdesign.tri2.ativ1/.git/refs/remotes/origin/main'
2026-06-15 10:49:39.475 [info] > git rev-parse refs/remotes/origin/main [1ms]
2026-06-15 10:49:39.491 [info] > git for-each-ref --sort -committerdate --format %(refname)%00%(objectname)%00%(*objectname) [2ms]
2026-06-15 10:49:40.095 [info] > git status -z -uall [615ms]
2026-06-15 10:49:45.119 [info] > git config --get commit.template [6ms]
2026-06-15 10:49:45.121 [info] > git for-each-ref --format=%(refname)%00%(upstream:short)%00%(objectname)%00%(upstream:track)%00%(upstream:remotename)%00%(upstream:remoteref) refs/heads/main refs/remotes/main [2ms]
2026-06-15 10:49:45.126 [warning] [Git][revParse] Unable to read file: ENOENT: no such file or directory, open '/home/alunos/.arthuruser001/webdesign.tri2.ativ1/.git/refs/remotes/origin/main'
2026-06-15 10:49:45.127 [info] > git rev-parse refs/remotes/origin/main [1ms]
2026-06-15 10:49:45.143 [info] > git for-each-ref --sort -committerdate --format %(refname)%00%(objectname)%00%(*objectname) [2ms]
2026-06-15 10:49:45.757 [info] > git status -z -uall [625ms]
2026-06-15 10:49:50.785 [info] > git config --get commit.template [8ms]
2026-06-15 10:49:50.786 [info] > git for-each-ref --format=%(refname)%00%(upstream:short)%00%(objectname)%00%(upstream:track)%00%(upstream:remotename)%00%(upstream:remoteref) refs/heads/main refs/remotes/main [2ms]
2026-06-15 10:49:50.792 [warning] [Git][revParse] Unable to read file: ENOENT: no such file or directory, open '/home/alunos/.arthuruser001/webdesign.tri2.ativ1/.git/refs/remotes/origin/main'
2026-06-15 10:49:50.794 [info] > git rev-parse refs/remotes/origin/main [2ms]
2026-06-15 10:49:50.809 [info] > git for-each-ref --sort -committerdate --format %(refname)%00%(objectname)%00%(*objectname) [3ms]
2026-06-15 10:49:51.449 [info] > git status -z -uall [650ms]
2026-06-15 10:50:12.629 [info] > git config --get commit.template [4ms]
2026-06-15 10:50:12.639 [info] > git for-each-ref --format=%(refname)%00%(upstream:short)%00%(objectname)%00%(upstream:track)%00%(upstream:remotename)%00%(upstream:remoteref) refs/heads/main refs/remotes/main [2ms]
2026-06-15 10:50:12.647 [warning] [Git][revParse] Unable to read file: ENOENT: no such file or directory, open '/home/alunos/.arthuruser001/webdesign.tri2.ativ1/.git/refs/remotes/origin/main'
2026-06-15 10:50:12.649 [info] > git rev-parse refs/remotes/origin/main [2ms]
2026-06-15 10:50:12.667 [info] > git for-each-ref --sort -committerdate --format %(refname)%00%(objectname)%00%(*objectname) [3ms]
2026-06-15 10:50:13.289 [info] > git status -z -uall [634ms]
2026-06-15 10:50:18.315 [info] > git config --get commit.template [8ms]
2026-06-15 10:50:18.316 [info] > git for-each-ref --format=%(refname)%00%(upstream:short)%00%(objectname)%00%(upstream:track)%00%(upstream:remotename)%00%(upstream:remoteref) refs/heads/main refs/remotes/main [2ms]
2026-06-15 10:50:18.322 [warning] [Git][revParse] Unable to read file: ENOENT: no such file or directory, open '/home/alunos/.arthuruser001/webdesign.tri2.ativ1/.git/refs/remotes/origin/main'
2026-06-15 10:50:18.324 [info] > git rev-parse refs/remotes/origin/main [2ms]
2026-06-15 10:50:18.347 [info] > git for-each-ref --sort -committerdate --format %(refname)%00%(objectname)%00%(*objectname) [6ms]
2026-06-15 10:50:18.954 [info] > git status -z -uall [623ms]
2026-06-15 10:50:23.978 [info] > git config --get commit.template [8ms]
2026-06-15 10:50:23.979 [info] > git for-each-ref --format=%(refname)%00%(upstream:short)%00%(objectname)%00%(upstream:track)%00%(upstream:remotename)%00%(upstream:remoteref) refs/heads/main refs/remotes/main [2ms]
2026-06-15 10:50:23.985 [warning] [Git][revParse] Unable to read file: ENOENT: no such file or directory, open '/home/alunos/.arthuruser001/webdesign.tri2.ativ1/.git/refs/remotes/origin/main'
2026-06-15 10:50:23.986 [info] > git rev-parse refs/remotes/origin/main [1ms]
2026-06-15 10:50:24.001 [info] > git for-each-ref --sort -committerdate --format %(refname)%00%(objectname)%00%(*objectname) [1ms]
2026-06-15 10:50:24.627 [info] > git status -z -uall [636ms]
2026-06-15 10:50:29.651 [info] > git config --get commit.template [6ms]
2026-06-15 10:50:29.652 [info] > git for-each-ref --format=%(refname)%00%(upstream:short)%00%(objectname)%00%(upstream:track)%00%(upstream:remotename)%00%(upstream:remoteref) refs/heads/main refs/remotes/main [2ms]
2026-06-15 10:50:29.658 [warning] [Git][revParse] Unable to read file: ENOENT: no such file or directory, open '/home/alunos/.arthuruser001/webdesign.tri2.ativ1/.git/refs/remotes/origin/main'
2026-06-15 10:50:29.659 [info] > git rev-parse refs/remotes/origin/main [1ms]
2026-06-15 10:50:29.675 [info] > git for-each-ref --sort -committerdate --format %(refname)%00%(objectname)%00%(*objectname) [3ms]
2026-06-15 10:50:30.284 [info] > git status -z -uall [620ms]
2026-06-15 10:50:35.308 [info] > git config --get commit.template [7ms]
2026-06-15 10:50:35.309 [info] > git for-each-ref --format=%(refname)%00%(upstream:short)%00%(objectname)%00%(upstream:track)%00%(upstream:remotename)%00%(upstream:remoteref) refs/heads/main refs/remotes/main [2ms]
2026-06-15 10:50:35.317 [warning] [Git][revParse] Unable to read file: ENOENT: no such file or directory, open '/home/alunos/.arthuruser001/webdesign.tri2.ativ1/.git/refs/remotes/origin/main'
2026-06-15 10:50:35.319 [info] > git rev-parse refs/remotes/origin/main [2ms]
2026-06-15 10:50:35.338 [info] > git for-each-ref --sort -committerdate --format %(refname)%00%(objectname)%00%(*objectname) [1ms]
2026-06-15 10:50:35.962 [info] > git status -z -uall [637ms]
2026-06-15 10:50:40.984 [info] > git config --get commit.template [7ms]
2026-06-15 10:50:40.985 [info] > git for-each-ref --format=%(refname)%00%(upstream:short)%00%(objectname)%00%(upstream:track)%00%(upstream:remotename)%00%(upstream:remoteref) refs/heads/main refs/remotes/main [2ms]
2026-06-15 10:50:40.990 [warning] [Git][revParse] Unable to read file: ENOENT: no such file or directory, open '/home/alunos/.arthuruser001/webdesign.tri2.ativ1/.git/refs/remotes/origin/main'
2026-06-15 10:50:40.992 [info] > git rev-parse refs/remotes/origin/main [2ms]
2026-06-15 10:50:41.012 [info] > git for-each-ref --sort -committerdate --format %(refname)%00%(objectname)%00%(*objectname) [2ms]
2026-06-15 10:50:41.656 [info] > git status -z -uall [658ms]
2026-06-15 10:50:46.698 [info] > git config --get commit.template [7ms]
2026-06-15 10:50:46.699 [info] > git for-each-ref --format=%(refname)%00%(upstream:short)%00%(objectname)%00%(upstream:track)%00%(upstream:remotename)%00%(upstream:remoteref) refs/heads/main refs/remotes/main [1ms]
2026-06-15 10:50:46.705 [warning] [Git][revParse] Unable to read file: ENOENT: no such file or directory, open '/home/alunos/.arthuruser001/webdesign.tri2.ativ1/.git/refs/remotes/origin/main'
2026-06-15 10:50:46.706 [info] > git rev-parse refs/remotes/origin/main [1ms]
2026-06-15 10:50:46.722 [info] > git for-each-ref --sort -committerdate --format %(refname)%00%(objectname)%00%(*objectname) [4ms]
2026-06-15 10:50:47.370 [info] > git status -z -uall [658ms]
2026-06-15 10:50:52.391 [info] > git config --get commit.template [3ms]
2026-06-15 10:50:52.399 [info] > git for-each-ref --format=%(refname)%00%(upstream:short)%00%(objectname)%00%(upstream:track)%00%(upstream:remotename)%00%(upstream:remoteref) refs/heads/main refs/remotes/main [2ms]
2026-06-15 10:50:52.405 [warning] [Git][revParse] Unable to read file: ENOENT: no such file or directory, open '/home/alunos/.arthuruser001/webdesign.tri2.ativ1/.git/refs/remotes/origin/main'
2026-06-15 10:50:52.407 [info] > git rev-parse refs/remotes/origin/main [2ms]
2026-06-15 10:50:52.429 [info] > git for-each-ref --sort -committerdate --format %(refname)%00%(objectname)%00%(*objectname) [4ms]
2026-06-15 10:50:53.090 [info] > git status -z -uall [677ms]
2026-06-15 10:50:58.114 [info] > git config --get commit.template [7ms]
2026-06-15 10:50:58.115 [info] > git for-each-ref --format=%(refname)%00%(upstream:short)%00%(objectname)%00%(upstream:track)%00%(upstream:remotename)%00%(upstream:remoteref) refs/heads/main refs/remotes/main [2ms]
2026-06-15 10:50:58.121 [warning] [Git][revParse] Unable to read file: ENOENT: no such file or directory, open '/home/alunos/.arthuruser001/webdesign.tri2.ativ1/.git/refs/remotes/origin/main'
2026-06-15 10:50:58.123 [info] > git rev-parse refs/remotes/origin/main [2ms]
2026-06-15 10:50:58.137 [info] > git for-each-ref --sort -committerdate --format %(refname)%00%(objectname)%00%(*objectname) [2ms]
2026-06-15 10:50:58.773 [info] > git status -z -uall [645ms]
2026-06-15 10:51:03.797 [info] > git config --get commit.template [3ms]
2026-06-15 10:51:03.809 [info] > git for-each-ref --format=%(refname)%00%(upstream:short)%00%(objectname)%00%(upstream:track)%00%(upstream:remotename)%00%(upstream:remoteref) refs/heads/main refs/remotes/main [4ms]
2026-06-15 10:51:03.815 [warning] [Git][revParse] Unable to read file: ENOENT: no such file or directory, open '/home/alunos/.arthuruser001/webdesign.tri2.ativ1/.git/refs/remotes/origin/main'
2026-06-15 10:51:03.816 [info] > git rev-parse refs/remotes/origin/main [1ms]
2026-06-15 10:51:03.832 [info] > git for-each-ref --sort -committerdate --format %(refname)%00%(objectname)%00%(*objectname) [2ms]
2026-06-15 10:51:04.457 [info] > git status -z -uall [636ms]
2026-06-15 10:51:09.484 [info] > git config --get commit.template [6ms]
2026-06-15 10:51:09.485 [info] > git for-each-ref --format=%(refname)%00%(upstream:short)%00%(objectname)%00%(upstream:track)%00%(upstream:remotename)%00%(upstream:remoteref) refs/heads/main refs/remotes/main [2ms]
2026-06-15 10:51:09.490 [warning] [Git][revParse] Unable to read file: ENOENT: no such file or directory, open '/home/alunos/.arthuruser001/webdesign.tri2.ativ1/.git/refs/remotes/origin/main'
2026-06-15 10:51:09.492 [info] > git rev-parse refs/remotes/origin/main [2ms]
2026-06-15 10:51:09.507 [info] > git for-each-ref --sort -committerdate --format %(refname)%00%(objectname)%00%(*objectname) [2ms]
2026-06-15 10:51:10.117 [info] > git status -z -uall [620ms]
2026-06-15 10:51:15.139 [info] > git config --get commit.template [6ms]
2026-06-15 10:51:15.140 [info] > git for-each-ref --format=%(refname)%00%(upstream:short)%00%(objectname)%00%(upstream:track)%00%(upstream:remotename)%00%(upstream:remoteref) refs/heads/main refs/remotes/main [2ms]
2026-06-15 10:51:15.147 [warning] [Git][revParse] Unable to read file: ENOENT: no such file or directory, open '/home/alunos/.arthuruser001/webdesign.tri2.ativ1/.git/refs/remotes/origin/main'
2026-06-15 10:51:15.148 [info] > git rev-parse refs/remotes/origin/main [1ms]
2026-06-15 10:51:15.163 [info] > git for-each-ref --sort -committerdate --format %(refname)%00%(objectname)%00%(*objectname) [5ms]
2026-06-15 10:51:15.808 [info] > git status -z -uall [655ms]
2026-06-15 10:51:20.829 [info] > git config --get commit.template [2ms]
2026-06-15 10:51:20.842 [info] > git for-each-ref --format=%(refname)%00%(upstream:short)%00%(objectname)%00%(upstream:track)%00%(upstream:remotename)%00%(upstream:remoteref) refs/heads/main refs/remotes/main [3ms]
2026-06-15 10:51:20.851 [warning] [Git][revParse] Unable to read file: ENOENT: no such file or directory, open '/home/alunos/.arthuruser001/webdesign.tri2.ativ1/.git/refs/remotes/origin/main'
2026-06-15 10:51:20.853 [info] > git rev-parse refs/remotes/origin/main [2ms]
2026-06-15 10:51:20.876 [info] > git for-each-ref --sort -committerdate --format %(refname)%00%(objectname)%00%(*objectname) [3ms]
2026-06-15 10:51:21.461 [info] > git status -z -uall [599ms]
2026-06-15 10:51:26.479 [info] > git config --get commit.template [2ms]
2026-06-15 10:51:26.487 [info] > git for-each-ref --format=%(refname)%00%(upstream:short)%00%(objectname)%00%(upstream:track)%00%(upstream:remotename)%00%(upstream:remoteref) refs/heads/main refs/remotes/main [2ms]
2026-06-15 10:51:26.493 [warning] [Git][revParse] Unable to read file: ENOENT: no such file or directory, open '/home/alunos/.arthuruser001/webdesign.tri2.ativ1/.git/refs/remotes/origin/main'
2026-06-15 10:51:26.495 [info] > git rev-parse refs/remotes/origin/main [2ms]
2026-06-15 10:51:26.511 [info] > git for-each-ref --sort -committerdate --format %(refname)%00%(objectname)%00%(*objectname) [3ms]
2026-06-15 10:51:27.172 [info] > git status -z -uall [672ms]
2026-06-15 10:51:32.196 [info] > git config --get commit.template [6ms]
2026-06-15 10:51:32.198 [info] > git for-each-ref --format=%(refname)%00%(upstream:short)%00%(objectname)%00%(upstream:track)%00%(upstream:remotename)%00%(upstream:remoteref) refs/heads/main refs/remotes/main [2ms]
2026-06-15 10:51:32.202 [warning] [Git][revParse] Unable to read file: ENOENT: no such file or directory, open '/home/alunos/.arthuruser001/webdesign.tri2.ativ1/.git/refs/remotes/origin/main'
2026-06-15 10:51:32.204 [info] > git rev-parse refs/remotes/origin/main [2ms]
2026-06-15 10:51:32.218 [info] > git for-each-ref --sort -committerdate --format %(refname)%00%(objectname)%00%(*objectname) [2ms]
2026-06-15 10:51:32.824 [info] > git status -z -uall [615ms]
2026-06-15 10:51:37.846 [info] > git config --get commit.template [6ms]
2026-06-15 10:51:37.847 [info] > git for-each-ref --format=%(refname)%00%(upstream:short)%00%(objectname)%00%(upstream:track)%00%(upstream:remotename)%00%(upstream:remoteref) refs/heads/main refs/remotes/main [2ms]
2026-06-15 10:51:37.852 [warning] [Git][revParse] Unable to read file: ENOENT: no such file or directory, open '/home/alunos/.arthuruser001/webdesign.tri2.ativ1/.git/refs/remotes/origin/main'
2026-06-15 10:51:37.854 [info] > git rev-parse refs/remotes/origin/main [2ms]
2026-06-15 10:51:37.868 [info] > git for-each-ref --sort -committerdate --format %(refname)%00%(objectname)%00%(*objectname) [1ms]
2026-06-15 10:51:38.486 [info] > git status -z -uall [627ms]
2026-06-15 10:52:45.190 [info] > git config --get commit.template [8ms]
2026-06-15 10:52:45.193 [info] > git for-each-ref --format=%(refname)%00%(upstream:short)%00%(objectname)%00%(upstream:track)%00%(upstream:remotename)%00%(upstream:remoteref) refs/heads/main refs/remotes/main [3ms]
2026-06-15 10:52:45.201 [warning] [Git][revParse] Unable to read file: ENOENT: no such file or directory, open '/home/alunos/.arthuruser001/webdesign.tri2.ativ1/.git/refs/remotes/origin/main'
2026-06-15 10:52:45.203 [info] > git rev-parse refs/remotes/origin/main [2ms]
2026-06-15 10:52:45.221 [info] > git for-each-ref --sort -committerdate --format %(refname)%00%(objectname)%00%(*objectname) [3ms]
2026-06-15 10:52:45.884 [info] > git status -z -uall [674ms]
2026-06-15 10:52:50.910 [info] > git config --get commit.template [7ms]
2026-06-15 10:52:50.911 [info] > git for-each-ref --format=%(refname)%00%(upstream:short)%00%(objectname)%00%(upstream:track)%00%(upstream:remotename)%00%(upstream:remoteref) refs/heads/main refs/remotes/main [2ms]
2026-06-15 10:52:50.917 [warning] [Git][revParse] Unable to read file: ENOENT: no such file or directory, open '/home/alunos/.arthuruser001/webdesign.tri2.ativ1/.git/refs/remotes/origin/main'
2026-06-15 10:52:50.918 [info] > git rev-parse refs/remotes/origin/main [1ms]
2026-06-15 10:52:50.933 [info] > git for-each-ref --sort -committerdate --format %(refname)%00%(objectname)%00%(*objectname) [2ms]
2026-06-15 10:52:51.544 [info] > git status -z -uall [621ms]
2026-06-15 10:52:56.576 [info] > git config --get commit.template [7ms]
2026-06-15 10:52:56.579 [info] > git for-each-ref --format=%(refname)%00%(upstream:short)%00%(objectname)%00%(upstream:track)%00%(upstream:remotename)%00%(upstream:remoteref) refs/heads/main refs/remotes/main [4ms]
2026-06-15 10:52:56.586 [warning] [Git][revParse] Unable to read file: ENOENT: no such file or directory, open '/home/alunos/.arthuruser001/webdesign.tri2.ativ1/.git/refs/remotes/origin/main'
2026-06-15 10:52:56.588 [info] > git rev-parse refs/remotes/origin/main [2ms]
2026-06-15 10:52:56.608 [info] > git for-each-ref --sort -committerdate --format %(refname)%00%(objectname)%00%(*objectname) [3ms]
2026-06-15 10:52:57.273 [info] > git status -z -uall [679ms]
2026-06-15 10:53:02.303 [info] > git config --get commit.template [8ms]
2026-06-15 10:53:02.304 [info] > git for-each-ref --format=%(refname)%00%(upstream:short)%00%(objectname)%00%(upstream:track)%00%(upstream:remotename)%00%(upstream:remoteref) refs/heads/main refs/remotes/main [1ms]
2026-06-15 10:53:02.310 [warning] [Git][revParse] Unable to read file: ENOENT: no such file or directory, open '/home/alunos/.arthuruser001/webdesign.tri2.ativ1/.git/refs/remotes/origin/main'
2026-06-15 10:53:02.312 [info] > git rev-parse refs/remotes/origin/main [2ms]
2026-06-15 10:53:02.328 [info] > git for-each-ref --sort -committerdate --format %(refname)%00%(objectname)%00%(*objectname) [3ms]
2026-06-15 10:53:02.970 [info] > git status -z -uall [652ms]
2026-06-15 10:53:07.999 [info] > git config --get commit.template [4ms]
2026-06-15 10:53:08.015 [info] > git for-each-ref --format=%(refname)%00%(upstream:short)%00%(objectname)%00%(upstream:track)%00%(upstream:remotename)%00%(upstream:remoteref) refs/heads/main refs/remotes/main [4ms]
2026-06-15 10:53:08.027 [warning] [Git][revParse] Unable to read file: ENOENT: no such file or directory, open '/home/alunos/.arthuruser001/webdesign.tri2.ativ1/.git/refs/remotes/origin/main'
2026-06-15 10:53:08.030 [info] > git rev-parse refs/remotes/origin/main [3ms]
2026-06-15 10:53:08.061 [info] > git for-each-ref --sort -committerdate --format %(refname)%00%(objectname)%00%(*objectname) [2ms]
2026-06-15 10:53:08.719 [info] > git status -z -uall [680ms]
2026-06-15 10:53:13.743 [info] > git config --get commit.template [7ms]
2026-06-15 10:53:13.744 [info] > git for-each-ref --format=%(refname)%00%(upstream:short)%00%(objectname)%00%(upstream:track)%00%(upstream:remotename)%00%(upstream:remoteref) refs/heads/main refs/remotes/main [2ms]
2026-06-15 10:53:13.749 [warning] [Git][revParse] Unable to read file: ENOENT: no such file or directory, open '/home/alunos/.arthuruser001/webdesign.tri2.ativ1/.git/refs/remotes/origin/main'
2026-06-15 10:53:13.750 [info] > git rev-parse refs/remotes/origin/main [1ms]
2026-06-15 10:53:13.765 [info] > git for-each-ref --sort -committerdate --format %(refname)%00%(objectname)%00%(*objectname) [1ms]
2026-06-15 10:53:14.404 [info] > git status -z -uall [647ms]
2026-06-15 10:53:19.431 [info] > git config --get commit.template [7ms]
2026-06-15 10:53:19.433 [info] > git for-each-ref --format=%(refname)%00%(upstream:short)%00%(objectname)%00%(upstream:track)%00%(upstream:remotename)%00%(upstream:remoteref) refs/heads/main refs/remotes/main [2ms]
2026-06-15 10:53:19.439 [warning] [Git][revParse] Unable to read file: ENOENT: no such file or directory, open '/home/alunos/.arthuruser001/webdesign.tri2.ativ1/.git/refs/remotes/origin/main'
2026-06-15 10:53:19.441 [info] > git rev-parse refs/remotes/origin/main [2ms]
2026-06-15 10:53:19.461 [info] > git for-each-ref --sort -committerdate --format %(refname)%00%(objectname)%00%(*objectname) [4ms]
2026-06-15 10:53:20.107 [info] > git status -z -uall [660ms]
2026-06-15 10:53:25.145 [info] > git config --get commit.template [4ms]
2026-06-15 10:53:25.156 [info] > git for-each-ref --format=%(refname)%00%(upstream:short)%00%(objectname)%00%(upstream:track)%00%(upstream:remotename)%00%(upstream:remoteref) refs/heads/main refs/remotes/main [3ms]
2026-06-15 10:53:25.169 [warning] [Git][revParse] Unable to read file: ENOENT: no such file or directory, open '/home/alunos/.arthuruser001/webdesign.tri2.ativ1/.git/refs/remotes/origin/main'
2026-06-15 10:53:25.172 [info] > git rev-parse refs/remotes/origin/main [3ms]
2026-06-15 10:53:25.211 [info] > git for-each-ref --sort -committerdate --format %(refname)%00%(objectname)%00%(*objectname) [6ms]
2026-06-15 10:53:25.870 [info] > git status -z -uall [679ms]
2026-06-15 10:53:30.897 [info] > git config --get commit.template [6ms]
2026-06-15 10:53:30.898 [info] > git for-each-ref --format=%(refname)%00%(upstream:short)%00%(objectname)%00%(upstream:track)%00%(upstream:remotename)%00%(upstream:remoteref) refs/heads/main refs/remotes/main [2ms]
2026-06-15 10:53:30.904 [warning] [Git][revParse] Unable to read file: ENOENT: no such file or directory, open '/home/alunos/.arthuruser001/webdesign.tri2.ativ1/.git/refs/remotes/origin/main'
2026-06-15 10:53:30.905 [info] > git rev-parse refs/remotes/origin/main [1ms]
2026-06-15 10:53:30.922 [info] > git for-each-ref --sort -committerdate --format %(refname)%00%(objectname)%00%(*objectname) [3ms]
2026-06-15 10:53:31.562 [info] > git status -z -uall [652ms]
2026-06-15 10:53:36.599 [info] > git config --get commit.template [7ms]
2026-06-15 10:53:36.603 [info] > git for-each-ref --format=%(refname)%00%(upstream:short)%00%(objectname)%00%(upstream:track)%00%(upstream:remotename)%00%(upstream:remoteref) refs/heads/main refs/remotes/main [5ms]
2026-06-15 10:53:36.613 [warning] [Git][revParse] Unable to read file: ENOENT: no such file or directory, open '/home/alunos/.arthuruser001/webdesign.tri2.ativ1/.git/refs/remotes/origin/main'
2026-06-15 10:53:36.621 [info] > git rev-parse refs/remotes/origin/main [8ms]
2026-06-15 10:53:36.639 [info] > git for-each-ref --sort -committerdate --format %(refname)%00%(objectname)%00%(*objectname) [1ms]
2026-06-15 10:53:37.342 [info] > git status -z -uall [715ms]
2026-06-15 10:53:42.362 [info] > git config --get commit.template [6ms]
2026-06-15 10:53:42.363 [info] > git for-each-ref --format=%(refname)%00%(upstream:short)%00%(objectname)%00%(upstream:track)%00%(upstream:remotename)%00%(upstream:remoteref) refs/heads/main refs/remotes/main [2ms]
2026-06-15 10:53:42.368 [warning] [Git][revParse] Unable to read file: ENOENT: no such file or directory, open '/home/alunos/.arthuruser001/webdesign.tri2.ativ1/.git/refs/remotes/origin/main'
2026-06-15 10:53:42.370 [info] > git rev-parse refs/remotes/origin/main [2ms]
2026-06-15 10:53:42.384 [info] > git for-each-ref --sort -committerdate --format %(refname)%00%(objectname)%00%(*objectname) [3ms]
2026-06-15 10:53:42.993 [info] > git status -z -uall [619ms]
2026-06-15 10:53:48.013 [info] > git config --get commit.template [6ms]
2026-06-15 10:53:48.015 [info] > git for-each-ref --format=%(refname)%00%(upstream:short)%00%(objectname)%00%(upstream:track)%00%(upstream:remotename)%00%(upstream:remoteref) refs/heads/main refs/remotes/main [3ms]
2026-06-15 10:53:48.021 [warning] [Git][revParse] Unable to read file: ENOENT: no such file or directory, open '/home/alunos/.arthuruser001/webdesign.tri2.ativ1/.git/refs/remotes/origin/main'
2026-06-15 10:53:48.023 [info] > git rev-parse refs/remotes/origin/main [2ms]
2026-06-15 10:53:48.038 [info] > git for-each-ref --sort -committerdate --format %(refname)%00%(objectname)%00%(*objectname) [4ms]
2026-06-15 10:53:48.655 [info] > git status -z -uall [627ms]
2026-06-15 10:53:53.680 [info] > git config --get commit.template [6ms]
2026-06-15 10:53:53.681 [info] > git for-each-ref --format=%(refname)%00%(upstream:short)%00%(objectname)%00%(upstream:track)%00%(upstream:remotename)%00%(upstream:remoteref) refs/heads/main refs/remotes/main [2ms]
2026-06-15 10:53:53.688 [warning] [Git][revParse] Unable to read file: ENOENT: no such file or directory, open '/home/alunos/.arthuruser001/webdesign.tri2.ativ1/.git/refs/remotes/origin/main'
2026-06-15 10:53:53.689 [info] > git rev-parse refs/remotes/origin/main [2ms]
2026-06-15 10:53:53.704 [info] > git for-each-ref --sort -committerdate --format %(refname)%00%(objectname)%00%(*objectname) [5ms]
2026-06-15 10:53:54.439 [info] > git status -z -uall [746ms]
2026-06-15 10:53:59.477 [info] > git config --get commit.template [7ms]
2026-06-15 10:53:59.479 [info] > git for-each-ref --format=%(refname)%00%(upstream:short)%00%(objectname)%00%(upstream:track)%00%(upstream:remotename)%00%(upstream:remoteref) refs/heads/main refs/remotes/main [3ms]
2026-06-15 10:53:59.484 [warning] [Git][revParse] Unable to read file: ENOENT: no such file or directory, open '/home/alunos/.arthuruser001/webdesign.tri2.ativ1/.git/refs/remotes/origin/main'
2026-06-15 10:53:59.486 [info] > git rev-parse refs/remotes/origin/main [2ms]
2026-06-15 10:53:59.501 [info] > git for-each-ref --sort -committerdate --format %(refname)%00%(objectname)%00%(*objectname) [0ms]
2026-06-15 10:54:00.108 [info] > git status -z -uall [618ms]
2026-06-15 10:54:05.135 [info] > git config --get commit.template [7ms]
2026-06-15 10:54:05.136 [info] > git for-each-ref --format=%(refname)%00%(upstream:short)%00%(objectname)%00%(upstream:track)%00%(upstream:remotename)%00%(upstream:remoteref) refs/heads/main refs/remotes/main [2ms]
2026-06-15 10:54:05.141 [warning] [Git][revParse] Unable to read file: ENOENT: no such file or directory, open '/home/alunos/.arthuruser001/webdesign.tri2.ativ1/.git/refs/remotes/origin/main'
2026-06-15 10:54:05.143 [info] > git rev-parse refs/remotes/origin/main [1ms]
2026-06-15 10:54:05.157 [info] > git for-each-ref --sort -committerdate --format %(refname)%00%(objectname)%00%(*objectname) [3ms]
2026-06-15 10:54:05.755 [info] > git status -z -uall [608ms]
2026-06-15 10:54:10.780 [info] > git config --get commit.template [6ms]
2026-06-15 10:54:10.781 [info] > git for-each-ref --format=%(refname)%00%(upstream:short)%00%(objectname)%00%(upstream:track)%00%(upstream:remotename)%00%(upstream:remoteref) refs/heads/main refs/remotes/main [2ms]
2026-06-15 10:54:10.786 [warning] [Git][revParse] Unable to read file: ENOENT: no such file or directory, open '/home/alunos/.arthuruser001/webdesign.tri2.ativ1/.git/refs/remotes/origin/main'
2026-06-15 10:54:10.788 [info] > git rev-parse refs/remotes/origin/main [2ms]
2026-06-15 10:54:10.803 [info] > git for-each-ref --sort -committerdate --format %(refname)%00%(objectname)%00%(*objectname) [2ms]
2026-06-15 10:54:11.377 [info] > git status -z -uall [585ms]
2026-06-15 10:54:16.400 [info] > git config --get commit.template [6ms]
2026-06-15 10:54:16.402 [info] > git for-each-ref --format=%(refname)%00%(upstream:short)%00%(objectname)%00%(upstream:track)%00%(upstream:remotename)%00%(upstream:remoteref) refs/heads/main refs/remotes/main [2ms]
2026-06-15 10:54:16.407 [warning] [Git][revParse] Unable to read file: ENOENT: no such file or directory, open '/home/alunos/.arthuruser001/webdesign.tri2.ativ1/.git/refs/remotes/origin/main'
2026-06-15 10:54:16.408 [info] > git rev-parse refs/remotes/origin/main [1ms]
2026-06-15 10:54:16.423 [info] > git for-each-ref --sort -committerdate --format %(refname)%00%(objectname)%00%(*objectname) [1ms]
2026-06-15 10:54:17.025 [info] > git status -z -uall [612ms]
2026-06-15 10:54:22.048 [info] > git config --get commit.template [6ms]
2026-06-15 10:54:22.050 [info] > git for-each-ref --format=%(refname)%00%(upstream:short)%00%(objectname)%00%(upstream:track)%00%(upstream:remotename)%00%(upstream:remoteref) refs/heads/main refs/remotes/main [3ms]
2026-06-15 10:54:22.056 [warning] [Git][revParse] Unable to read file: ENOENT: no such file or directory, open '/home/alunos/.arthuruser001/webdesign.tri2.ativ1/.git/refs/remotes/origin/main'
2026-06-15 10:54:22.057 [info] > git rev-parse refs/remotes/origin/main [1ms]
2026-06-15 10:54:22.073 [info] > git for-each-ref --sort -committerdate --format %(refname)%00%(objectname)%00%(*objectname) [3ms]
2026-06-15 10:54:22.676 [info] > git status -z -uall [613ms]
2026-06-15 10:54:27.700 [info] > git config --get commit.template [4ms]
2026-06-15 10:54:27.708 [info] > git for-each-ref --format=%(refname)%00%(upstream:short)%00%(objectname)%00%(upstream:track)%00%(upstream:remotename)%00%(upstream:remoteref) refs/heads/main refs/remotes/main [1ms]
2026-06-15 10:54:27.714 [warning] [Git][revParse] Unable to read file: ENOENT: no such file or directory, open '/home/alunos/.arthuruser001/webdesign.tri2.ativ1/.git/refs/remotes/origin/main'
2026-06-15 10:54:27.715 [info] > git rev-parse refs/remotes/origin/main [1ms]
2026-06-15 10:54:27.733 [info] > git for-each-ref --sort -committerdate --format %(refname)%00%(objectname)%00%(*objectname) [1ms]
2026-06-15 10:54:28.342 [info] > git status -z -uall [620ms]
2026-06-15 10:54:33.364 [info] > git config --get commit.template [6ms]
2026-06-15 10:54:33.365 [info] > git for-each-ref --format=%(refname)%00%(upstream:short)%00%(objectname)%00%(upstream:track)%00%(upstream:remotename)%00%(upstream:remoteref) refs/heads/main refs/remotes/main [2ms]
2026-06-15 10:54:33.370 [warning] [Git][revParse] Unable to read file: ENOENT: no such file or directory, open '/home/alunos/.arthuruser001/webdesign.tri2.ativ1/.git/refs/remotes/origin/main'
2026-06-15 10:54:33.372 [info] > git rev-parse refs/remotes/origin/main [2ms]
2026-06-15 10:54:33.386 [info] > git for-each-ref --sort -committerdate --format %(refname)%00%(objectname)%00%(*objectname) [2ms]
2026-06-15 10:54:33.983 [info] > git status -z -uall [607ms]
2026-06-15 10:54:39.008 [info] > git config --get commit.template [7ms]
2026-06-15 10:54:39.008 [info] > git for-each-ref --format=%(refname)%00%(upstream:short)%00%(objectname)%00%(upstream:track)%00%(upstream:remotename)%00%(upstream:remoteref) refs/heads/main refs/remotes/main [2ms]
2026-06-15 10:54:39.014 [warning] [Git][revParse] Unable to read file: ENOENT: no such file or directory, open '/home/alunos/.arthuruser001/webdesign.tri2.ativ1/.git/refs/remotes/origin/main'
2026-06-15 10:54:39.016 [info] > git rev-parse refs/remotes/origin/main [2ms]
2026-06-15 10:54:39.029 [info] > git for-each-ref --sort -committerdate --format %(refname)%00%(objectname)%00%(*objectname) [0ms]
2026-06-15 10:54:39.656 [info] > git status -z -uall [636ms]
2026-06-15 10:54:44.680 [info] > git config --get commit.template [7ms]
2026-06-15 10:54:44.681 [info] > git for-each-ref --format=%(refname)%00%(upstream:short)%00%(objectname)%00%(upstream:track)%00%(upstream:remotename)%00%(upstream:remoteref) refs/heads/main refs/remotes/main [2ms]
2026-06-15 10:54:44.687 [warning] [Git][revParse] Unable to read file: ENOENT: no such file or directory, open '/home/alunos/.arthuruser001/webdesign.tri2.ativ1/.git/refs/remotes/origin/main'
2026-06-15 10:54:44.690 [info] > git rev-parse refs/remotes/origin/main [3ms]
2026-06-15 10:54:44.708 [info] > git for-each-ref --sort -committerdate --format %(refname)%00%(objectname)%00%(*objectname) [3ms]
2026-06-15 10:54:45.338 [info] > git status -z -uall [642ms]
2026-06-15 10:54:50.360 [info] > git config --get commit.template [5ms]
2026-06-15 10:54:50.361 [info] > git for-each-ref --format=%(refname)%00%(upstream:short)%00%(objectname)%00%(upstream:track)%00%(upstream:remotename)%00%(upstream:remoteref) refs/heads/main refs/remotes/main [2ms]
2026-06-15 10:54:50.367 [warning] [Git][revParse] Unable to read file: ENOENT: no such file or directory, open '/home/alunos/.arthuruser001/webdesign.tri2.ativ1/.git/refs/remotes/origin/main'
2026-06-15 10:54:50.368 [info] > git rev-parse refs/remotes/origin/main [1ms]
2026-06-15 10:54:50.387 [info] > git for-each-ref --sort -committerdate --format %(refname)%00%(objectname)%00%(*objectname) [5ms]
2026-06-15 10:54:50.985 [info] > git status -z -uall [612ms]
2026-06-15 10:54:56.009 [info] > git config --get commit.template [7ms]
2026-06-15 10:54:56.010 [info] > git for-each-ref --format=%(refname)%00%(upstream:short)%00%(objectname)%00%(upstream:track)%00%(upstream:remotename)%00%(upstream:remoteref) refs/heads/main refs/remotes/main [1ms]
2026-06-15 10:54:56.016 [warning] [Git][revParse] Unable to read file: ENOENT: no such file or directory, open '/home/alunos/.arthuruser001/webdesign.tri2.ativ1/.git/refs/remotes/origin/main'
2026-06-15 10:54:56.017 [info] > git rev-parse refs/remotes/origin/main [1ms]
2026-06-15 10:54:56.033 [info] > git for-each-ref --sort -committerdate --format %(refname)%00%(objectname)%00%(*objectname) [3ms]
2026-06-15 10:54:56.630 [info] > git status -z -uall [608ms]
2026-06-15 10:55:01.653 [info] > git config --get commit.template [7ms]
2026-06-15 10:55:01.654 [info] > git for-each-ref --format=%(refname)%00%(upstream:short)%00%(objectname)%00%(upstream:track)%00%(upstream:remotename)%00%(upstream:remoteref) refs/heads/main refs/remotes/main [2ms]
2026-06-15 10:55:01.659 [warning] [Git][revParse] Unable to read file: ENOENT: no such file or directory, open '/home/alunos/.arthuruser001/webdesign.tri2.ativ1/.git/refs/remotes/origin/main'
2026-06-15 10:55:01.660 [info] > git rev-parse refs/remotes/origin/main [1ms]
2026-06-15 10:55:01.675 [info] > git for-each-ref --sort -committerdate --format %(refname)%00%(objectname)%00%(*objectname) [4ms]
2026-06-15 10:55:02.279 [info] > git status -z -uall [614ms]
2026-06-15 10:55:07.298 [info] > git config --get commit.template [3ms]
2026-06-15 10:55:07.305 [info] > git for-each-ref --format=%(refname)%00%(upstream:short)%00%(objectname)%00%(upstream:track)%00%(upstream:remotename)%00%(upstream:remoteref) refs/heads/main refs/remotes/main [2ms]
2026-06-15 10:55:07.310 [warning] [Git][revParse] Unable to read file: ENOENT: no such file or directory, open '/home/alunos/.arthuruser001/webdesign.tri2.ativ1/.git/refs/remotes/origin/main'
2026-06-15 10:55:07.311 [info] > git rev-parse refs/remotes/origin/main [1ms]
2026-06-15 10:55:07.329 [info] > git for-each-ref --sort -committerdate --format %(refname)%00%(objectname)%00%(*objectname) [2ms]
2026-06-15 10:55:07.945 [info] > git status -z -uall [628ms]
2026-06-15 10:55:12.967 [info] > git config --get commit.template [7ms]
2026-06-15 10:55:12.968 [info] > git for-each-ref --format=%(refname)%00%(upstream:short)%00%(objectname)%00%(upstream:track)%00%(upstream:remotename)%00%(upstream:remoteref) refs/heads/main refs/remotes/main [2ms]
2026-06-15 10:55:12.973 [warning] [Git][revParse] Unable to read file: ENOENT: no such file or directory, open '/home/alunos/.arthuruser001/webdesign.tri2.ativ1/.git/refs/remotes/origin/main'
2026-06-15 10:55:12.974 [info] > git rev-parse refs/remotes/origin/main [1ms]
2026-06-15 10:55:12.990 [info] > git for-each-ref --sort -committerdate --format %(refname)%00%(objectname)%00%(*objectname) [1ms]
2026-06-15 10:55:13.587 [info] > git status -z -uall [608ms]
2026-06-15 10:55:18.613 [info] > git config --get commit.template [7ms]
2026-06-15 10:55:18.614 [info] > git for-each-ref --format=%(refname)%00%(upstream:short)%00%(objectname)%00%(upstream:track)%00%(upstream:remotename)%00%(upstream:remoteref) refs/heads/main refs/remotes/main [2ms]
2026-06-15 10:55:18.619 [warning] [Git][revParse] Unable to read file: ENOENT: no such file or directory, open '/home/alunos/.arthuruser001/webdesign.tri2.ativ1/.git/refs/remotes/origin/main'
2026-06-15 10:55:18.620 [info] > git rev-parse refs/remotes/origin/main [1ms]
2026-06-15 10:55:18.635 [info] > git for-each-ref --sort -committerdate --format %(refname)%00%(objectname)%00%(*objectname) [3ms]
2026-06-15 10:55:19.250 [info] > git status -z -uall [625ms]
2026-06-15 10:55:24.275 [info] > git config --get commit.template [7ms]
2026-06-15 10:55:24.276 [info] > git for-each-ref --format=%(refname)%00%(upstream:short)%00%(objectname)%00%(upstream:track)%00%(upstream:remotename)%00%(upstream:remoteref) refs/heads/main refs/remotes/main [2ms]
2026-06-15 10:55:24.282 [warning] [Git][revParse] Unable to read file: ENOENT: no such file or directory, open '/home/alunos/.arthuruser001/webdesign.tri2.ativ1/.git/refs/remotes/origin/main'
2026-06-15 10:55:24.283 [info] > git rev-parse refs/remotes/origin/main [1ms]
2026-06-15 10:55:24.299 [info] > git for-each-ref --sort -committerdate --format %(refname)%00%(objectname)%00%(*objectname) [2ms]
2026-06-15 10:55:24.911 [info] > git status -z -uall [623ms]
2026-06-15 10:55:29.938 [info] > git config --get commit.template [9ms]
2026-06-15 10:55:29.940 [info] > git for-each-ref --format=%(refname)%00%(upstream:short)%00%(objectname)%00%(upstream:track)%00%(upstream:remotename)%00%(upstream:remoteref) refs/heads/main refs/remotes/main [3ms]
2026-06-15 10:55:29.947 [warning] [Git][revParse] Unable to read file: ENOENT: no such file or directory, open '/home/alunos/.arthuruser001/webdesign.tri2.ativ1/.git/refs/remotes/origin/main'
2026-06-15 10:55:29.948 [info] > git rev-parse refs/remotes/origin/main [1ms]
2026-06-15 10:55:29.966 [info] > git for-each-ref --sort -committerdate --format %(refname)%00%(objectname)%00%(*objectname) [3ms]
2026-06-15 10:55:30.598 [info] > git status -z -uall [644ms]
2026-06-15 10:55:35.622 [info] > git config --get commit.template [7ms]
2026-06-15 10:55:35.624 [info] > git for-each-ref --format=%(refname)%00%(upstream:short)%00%(objectname)%00%(upstream:track)%00%(upstream:remotename)%00%(upstream:remoteref) refs/heads/main refs/remotes/main [3ms]
2026-06-15 10:55:35.630 [warning] [Git][revParse] Unable to read file: ENOENT: no such file or directory, open '/home/alunos/.arthuruser001/webdesign.tri2.ativ1/.git/refs/remotes/origin/main'
2026-06-15 10:55:35.631 [info] > git rev-parse refs/remotes/origin/main [1ms]
2026-06-15 10:55:35.649 [info] > git for-each-ref --sort -committerdate --format %(refname)%00%(objectname)%00%(*objectname) [1ms]
2026-06-15 10:55:36.269 [info] > git status -z -uall [633ms]
2026-06-15 10:55:41.294 [info] > git config --get commit.template [8ms]
2026-06-15 10:55:41.295 [info] > git for-each-ref --format=%(refname)%00%(upstream:short)%00%(objectname)%00%(upstream:track)%00%(upstream:remotename)%00%(upstream:remoteref) refs/heads/main refs/remotes/main [2ms]
2026-06-15 10:55:41.301 [warning] [Git][revParse] Unable to read file: ENOENT: no such file or directory, open '/home/alunos/.arthuruser001/webdesign.tri2.ativ1/.git/refs/remotes/origin/main'
2026-06-15 10:55:41.302 [info] > git rev-parse refs/remotes/origin/main [2ms]
2026-06-15 10:55:41.319 [info] > git for-each-ref --sort -committerdate --format %(refname)%00%(objectname)%00%(*objectname) [2ms]
2026-06-15 10:55:41.940 [info] > git status -z -uall [632ms]
2026-06-15 10:55:46.963 [info] > git config --get commit.template [7ms]
2026-06-15 10:55:46.964 [info] > git for-each-ref --format=%(refname)%00%(upstream:short)%00%(objectname)%00%(upstream:track)%00%(upstream:remotename)%00%(upstream:remoteref) refs/heads/main refs/remotes/main [2ms]
2026-06-15 10:55:46.969 [warning] [Git][revParse] Unable to read file: ENOENT: no such file or directory, open '/home/alunos/.arthuruser001/webdesign.tri2.ativ1/.git/refs/remotes/origin/main'
2026-06-15 10:55:46.970 [info] > git rev-parse refs/remotes/origin/main [1ms]
2026-06-15 10:55:46.985 [info] > git for-each-ref --sort -committerdate --format %(refname)%00%(objectname)%00%(*objectname) [3ms]
2026-06-15 10:55:47.591 [info] > git status -z -uall [616ms]
2026-06-15 10:55:52.615 [info] > git config --get commit.template [7ms]
2026-06-15 10:55:52.616 [info] > git for-each-ref --format=%(refname)%00%(upstream:short)%00%(objectname)%00%(upstream:track)%00%(upstream:remotename)%00%(upstream:remoteref) refs/heads/main refs/remotes/main [1ms]
2026-06-15 10:55:52.622 [warning] [Git][revParse] Unable to read file: ENOENT: no such file or directory, open '/home/alunos/.arthuruser001/webdesign.tri2.ativ1/.git/refs/remotes/origin/main'
2026-06-15 10:55:52.623 [info] > git rev-parse refs/remotes/origin/main [1ms]
2026-06-15 10:55:52.641 [info] > git for-each-ref --sort -committerdate --format %(refname)%00%(objectname)%00%(*objectname) [2ms]
2026-06-15 10:55:53.288 [info] > git status -z -uall [659ms]
2026-06-15 10:55:58.311 [info] > git config --get commit.template [6ms]
2026-06-15 10:55:58.313 [info] > git for-each-ref --format=%(refname)%00%(upstream:short)%00%(objectname)%00%(upstream:track)%00%(upstream:remotename)%00%(upstream:remoteref) refs/heads/main refs/remotes/main [3ms]
2026-06-15 10:55:58.318 [warning] [Git][revParse] Unable to read file: ENOENT: no such file or directory, open '/home/alunos/.arthuruser001/webdesign.tri2.ativ1/.git/refs/remotes/origin/main'
2026-06-15 10:55:58.319 [info] > git rev-parse refs/remotes/origin/main [1ms]
2026-06-15 10:55:58.335 [info] > git for-each-ref --sort -committerdate --format %(refname)%00%(objectname)%00%(*objectname) [1ms]
2026-06-15 10:55:58.954 [info] > git status -z -uall [629ms]
2026-06-15 10:56:03.982 [info] > git config --get commit.template [10ms]
2026-06-15 10:56:03.983 [info] > git for-each-ref --format=%(refname)%00%(upstream:short)%00%(objectname)%00%(upstream:track)%00%(upstream:remotename)%00%(upstream:remoteref) refs/heads/main refs/remotes/main [2ms]
2026-06-15 10:56:03.988 [warning] [Git][revParse] Unable to read file: ENOENT: no such file or directory, open '/home/alunos/.arthuruser001/webdesign.tri2.ativ1/.git/refs/remotes/origin/main'
2026-06-15 10:56:03.990 [info] > git rev-parse refs/remotes/origin/main [2ms]
2026-06-15 10:56:04.009 [info] > git for-each-ref --sort -committerdate --format %(refname)%00%(objectname)%00%(*objectname) [2ms]
2026-06-15 10:56:04.630 [info] > git status -z -uall [634ms]
2026-06-15 10:56:09.653 [info] > git config --get commit.template [6ms]
2026-06-15 10:56:09.654 [info] > git for-each-ref --format=%(refname)%00%(upstream:short)%00%(objectname)%00%(upstream:track)%00%(upstream:remotename)%00%(upstream:remoteref) refs/heads/main refs/remotes/main [2ms]
2026-06-15 10:56:09.659 [warning] [Git][revParse] Unable to read file: ENOENT: no such file or directory, open '/home/alunos/.arthuruser001/webdesign.tri2.ativ1/.git/refs/remotes/origin/main'
2026-06-15 10:56:09.660 [info] > git rev-parse refs/remotes/origin/main [1ms]
2026-06-15 10:56:09.674 [info] > git for-each-ref --sort -committerdate --format %(refname)%00%(objectname)%00%(*objectname) [2ms]
2026-06-15 10:56:10.319 [info] > git status -z -uall [654ms]
2026-06-15 10:56:15.339 [info] > git config --get commit.template [3ms]
2026-06-15 10:56:15.347 [info] > git for-each-ref --format=%(refname)%00%(upstream:short)%00%(objectname)%00%(upstream:track)%00%(upstream:remotename)%00%(upstream:remoteref) refs/heads/main refs/remotes/main [1ms]
2026-06-15 10:56:15.353 [warning] [Git][revParse] Unable to read file: ENOENT: no such file or directory, open '/home/alunos/.arthuruser001/webdesign.tri2.ativ1/.git/refs/remotes/origin/main'
2026-06-15 10:56:15.354 [info] > git rev-parse refs/remotes/origin/main [1ms]
2026-06-15 10:56:15.371 [info] > git for-each-ref --sort -committerdate --format %(refname)%00%(objectname)%00%(*objectname) [2ms]
2026-06-15 10:56:16.006 [info] > git status -z -uall [647ms]
2026-06-15 10:56:21.031 [info] > git config --get commit.template [7ms]
2026-06-15 10:56:21.032 [info] > git for-each-ref --format=%(refname)%00%(upstream:short)%00%(objectname)%00%(upstream:track)%00%(upstream:remotename)%00%(upstream:remoteref) refs/heads/main refs/remotes/main [2ms]
2026-06-15 10:56:21.037 [warning] [Git][revParse] Unable to read file: ENOENT: no such file or directory, open '/home/alunos/.arthuruser001/webdesign.tri2.ativ1/.git/refs/remotes/origin/main'
2026-06-15 10:56:21.038 [info] > git rev-parse refs/remotes/origin/main [1ms]
2026-06-15 10:56:21.053 [info] > git for-each-ref --sort -committerdate --format %(refname)%00%(objectname)%00%(*objectname) [2ms]
2026-06-15 10:56:21.667 [info] > git status -z -uall [623ms]
2026-06-15 10:56:26.690 [info] > git config --get commit.template [7ms]
2026-06-15 10:56:26.691 [info] > git for-each-ref --format=%(refname)%00%(upstream:short)%00%(objectname)%00%(upstream:track)%00%(upstream:remotename)%00%(upstream:remoteref) refs/heads/main refs/remotes/main [2ms]
2026-06-15 10:56:26.697 [warning] [Git][revParse] Unable to read file: ENOENT: no such file or directory, open '/home/alunos/.arthuruser001/webdesign.tri2.ativ1/.git/refs/remotes/origin/main'
2026-06-15 10:56:26.698 [info] > git rev-parse refs/remotes/origin/main [1ms]
2026-06-15 10:56:26.714 [info] > git for-each-ref --sort -committerdate --format %(refname)%00%(objectname)%00%(*objectname) [2ms]
2026-06-15 10:56:27.325 [info] > git status -z -uall [621ms]
2026-06-15 10:56:32.350 [info] > git config --get commit.template [8ms]
2026-06-15 10:56:32.351 [info] > git for-each-ref --format=%(refname)%00%(upstream:short)%00%(objectname)%00%(upstream:track)%00%(upstream:remotename)%00%(upstream:remoteref) refs/heads/main refs/remotes/main [2ms]
2026-06-15 10:56:32.356 [warning] [Git][revParse] Unable to read file: ENOENT: no such file or directory, open '/home/alunos/.arthuruser001/webdesign.tri2.ativ1/.git/refs/remotes/origin/main'
2026-06-15 10:56:32.358 [info] > git rev-parse refs/remotes/origin/main [2ms]
2026-06-15 10:56:32.373 [info] > git for-each-ref --sort -committerdate --format %(refname)%00%(objectname)%00%(*objectname) [2ms]
2026-06-15 10:56:32.972 [info] > git status -z -uall [608ms]
2026-06-15 10:56:37.998 [info] > git config --get commit.template [8ms]
2026-06-15 10:56:38.000 [info] > git for-each-ref --format=%(refname)%00%(upstream:short)%00%(objectname)%00%(upstream:track)%00%(upstream:remotename)%00%(upstream:remoteref) refs/heads/main refs/remotes/main [3ms]
2026-06-15 10:56:38.006 [warning] [Git][revParse] Unable to read file: ENOENT: no such file or directory, open '/home/alunos/.arthuruser001/webdesign.tri2.ativ1/.git/refs/remotes/origin/main'
2026-06-15 10:56:38.007 [info] > git rev-parse refs/remotes/origin/main [1ms]
2026-06-15 10:56:38.026 [info] > git for-each-ref --sort -committerdate --format %(refname)%00%(objectname)%00%(*objectname) [0ms]
2026-06-15 10:56:38.677 [info] > git status -z -uall [663ms]
2026-06-15 10:56:38.882 [info] > git for-each-ref --sort -committerdate --format %(refname)%00%(objectname)%00%(*objectname)%00%(parent)%00%(*parent)%00%(authorname)%00%(*authorname)%00%(committerdate:unix)%00%(*committerdate:unix)%00%(subject)%00%(*subject)%00%(upstream:track) [2ms]
2026-06-15 10:56:43.701 [info] > git config --get commit.template [6ms]
2026-06-15 10:56:43.702 [info] > git for-each-ref --format=%(refname)%00%(upstream:short)%00%(objectname)%00%(upstream:track)%00%(upstream:remotename)%00%(upstream:remoteref) refs/heads/main refs/remotes/main [2ms]
2026-06-15 10:56:43.708 [warning] [Git][revParse] Unable to read file: ENOENT: no such file or directory, open '/home/alunos/.arthuruser001/webdesign.tri2.ativ1/.git/refs/remotes/origin/main'
2026-06-15 10:56:43.711 [info] > git rev-parse refs/remotes/origin/main [3ms]
2026-06-15 10:56:43.725 [info] > git for-each-ref --sort -committerdate --format %(refname)%00%(objectname)%00%(*objectname) [3ms]
2026-06-15 10:56:44.317 [info] > git status -z -uall [602ms]
2026-06-15 10:56:49.343 [info] > git config --get commit.template [8ms]
2026-06-15 10:56:49.344 [info] > git for-each-ref --format=%(refname)%00%(upstream:short)%00%(objectname)%00%(upstream:track)%00%(upstream:remotename)%00%(upstream:remoteref) refs/heads/main refs/remotes/main [2ms]
2026-06-15 10:56:49.350 [warning] [Git][revParse] Unable to read file: ENOENT: no such file or directory, open '/home/alunos/.arthuruser001/webdesign.tri2.ativ1/.git/refs/remotes/origin/main'
2026-06-15 10:56:49.352 [info] > git rev-parse refs/remotes/origin/main [2ms]
2026-06-15 10:56:49.370 [info] > git for-each-ref --sort -committerdate --format %(refname)%00%(objectname)%00%(*objectname) [2ms]
2026-06-15 10:56:49.984 [info] > git status -z -uall [628ms]
2026-06-15 10:56:55.006 [info] > git config --get commit.template [6ms]
2026-06-15 10:56:55.007 [info] > git for-each-ref --format=%(refname)%00%(upstream:short)%00%(objectname)%00%(upstream:track)%00%(upstream:remotename)%00%(upstream:remoteref) refs/heads/main refs/remotes/main [2ms]
2026-06-15 10:56:55.013 [warning] [Git][revParse] Unable to read file: ENOENT: no such file or directory, open '/home/alunos/.arthuruser001/webdesign.tri2.ativ1/.git/refs/remotes/origin/main'
2026-06-15 10:56:55.014 [info] > git rev-parse refs/remotes/origin/main [1ms]
2026-06-15 10:56:55.030 [info] > git for-each-ref --sort -committerdate --format %(refname)%00%(objectname)%00%(*objectname) [1ms]
2026-06-15 10:56:55.615 [info] > git status -z -uall [596ms]
2026-06-15 10:57:00.640 [info] > git config --get commit.template [6ms]
2026-06-15 10:57:00.641 [info] > git for-each-ref --format=%(refname)%00%(upstream:short)%00%(objectname)%00%(upstream:track)%00%(upstream:remotename)%00%(upstream:remoteref) refs/heads/main refs/remotes/main [2ms]
2026-06-15 10:57:00.646 [warning] [Git][revParse] Unable to read file: ENOENT: no such file or directory, open '/home/alunos/.arthuruser001/webdesign.tri2.ativ1/.git/refs/remotes/origin/main'
2026-06-15 10:57:00.648 [info] > git rev-parse refs/remotes/origin/main [1ms]
2026-06-15 10:57:00.663 [info] > git for-each-ref --sort -committerdate --format %(refname)%00%(objectname)%00%(*objectname) [2ms]
2026-06-15 10:57:01.264 [info] > git status -z -uall [612ms]
2026-06-15 10:57:06.286 [info] > git config --get commit.template [5ms]
2026-06-15 10:57:06.287 [info] > git for-each-ref --format=%(refname)%00%(upstream:short)%00%(objectname)%00%(upstream:track)%00%(upstream:remotename)%00%(upstream:remoteref) refs/heads/main refs/remotes/main [1ms]
2026-06-15 10:57:06.293 [warning] [Git][revParse] Unable to read file: ENOENT: no such file or directory, open '/home/alunos/.arthuruser001/webdesign.tri2.ativ1/.git/refs/remotes/origin/main'
2026-06-15 10:57:06.294 [info] > git rev-parse refs/remotes/origin/main [1ms]
2026-06-15 10:57:06.306 [info] > git for-each-ref --sort -committerdate --format %(refname)%00%(objectname)%00%(*objectname) [0ms]
2026-06-15 10:57:06.889 [info] > git status -z -uall [589ms]
2026-06-15 10:57:11.912 [info] > git config --get commit.template [7ms]
2026-06-15 10:57:11.913 [info] > git for-each-ref --format=%(refname)%00%(upstream:short)%00%(objectname)%00%(upstream:track)%00%(upstream:remotename)%00%(upstream:remoteref) refs/heads/main refs/remotes/main [2ms]
2026-06-15 10:57:11.920 [warning] [Git][revParse] Unable to read file: ENOENT: no such file or directory, open '/home/alunos/.arthuruser001/webdesign.tri2.ativ1/.git/refs/remotes/origin/main'
2026-06-15 10:57:11.921 [info] > git rev-parse refs/remotes/origin/main [2ms]
2026-06-15 10:57:11.940 [info] > git for-each-ref --sort -committerdate --format %(refname)%00%(objectname)%00%(*objectname) [2ms]
2026-06-15 10:57:12.517 [info] > git status -z -uall [590ms]
2026-06-15 10:57:17.538 [info] > git config --get commit.template [6ms]
2026-06-15 10:57:17.539 [info] > git for-each-ref --format=%(refname)%00%(upstream:short)%00%(objectname)%00%(upstream:track)%00%(upstream:remotename)%00%(upstream:remoteref) refs/heads/main refs/remotes/main [2ms]
2026-06-15 10:57:17.544 [warning] [Git][revParse] Unable to read file: ENOENT: no such file or directory, open '/home/alunos/.arthuruser001/webdesign.tri2.ativ1/.git/refs/remotes/origin/main'
2026-06-15 10:57:17.546 [info] > git rev-parse refs/remotes/origin/main [2ms]
2026-06-15 10:57:17.561 [info] > git for-each-ref --sort -committerdate --format %(refname)%00%(objectname)%00%(*objectname) [2ms]
2026-06-15 10:57:18.163 [info] > git status -z -uall [613ms]
2026-06-15 10:57:23.184 [info] > git config --get commit.template [6ms]
2026-06-15 10:57:23.185 [info] > git for-each-ref --format=%(refname)%00%(upstream:short)%00%(objectname)%00%(upstream:track)%00%(upstream:remotename)%00%(upstream:remoteref) refs/heads/main refs/remotes/main [2ms]
2026-06-15 10:57:23.190 [warning] [Git][revParse] Unable to read file: ENOENT: no such file or directory, open '/home/alunos/.arthuruser001/webdesign.tri2.ativ1/.git/refs/remotes/origin/main'
2026-06-15 10:57:23.192 [info] > git rev-parse refs/remotes/origin/main [2ms]
2026-06-15 10:57:23.206 [info] > git for-each-ref --sort -committerdate --format %(refname)%00%(objectname)%00%(*objectname) [1ms]
2026-06-15 10:57:23.808 [info] > git status -z -uall [611ms]
2026-06-15 10:57:28.833 [info] > git config --get commit.template [7ms]
2026-06-15 10:57:28.834 [info] > git for-each-ref --format=%(refname)%00%(upstream:short)%00%(objectname)%00%(upstream:track)%00%(upstream:remotename)%00%(upstream:remoteref) refs/heads/main refs/remotes/main [2ms]
2026-06-15 10:57:28.839 [warning] [Git][revParse] Unable to read file: ENOENT: no such file or directory, open '/home/alunos/.arthuruser001/webdesign.tri2.ativ1/.git/refs/remotes/origin/main'
2026-06-15 10:57:28.842 [info] > git rev-parse refs/remotes/origin/main [3ms]
2026-06-15 10:57:28.868 [info] > git for-each-ref --sort -committerdate --format %(refname)%00%(objectname)%00%(*objectname) [3ms]
2026-06-15 10:57:29.558 [info] > git status -z -uall [709ms]
2026-06-15 10:57:34.583 [info] > git config --get commit.template [7ms]
2026-06-15 10:57:34.584 [info] > git for-each-ref --format=%(refname)%00%(upstream:short)%00%(objectname)%00%(upstream:track)%00%(upstream:remotename)%00%(upstream:remoteref) refs/heads/main refs/remotes/main [2ms]
2026-06-15 10:57:34.589 [warning] [Git][revParse] Unable to read file: ENOENT: no such file or directory, open '/home/alunos/.arthuruser001/webdesign.tri2.ativ1/.git/refs/remotes/origin/main'
2026-06-15 10:57:34.590 [info] > git rev-parse refs/remotes/origin/main [1ms]
2026-06-15 10:57:34.604 [info] > git for-each-ref --sort -committerdate --format %(refname)%00%(objectname)%00%(*objectname) [2ms]
2026-06-15 10:57:35.245 [info] > git status -z -uall [649ms]
2026-06-15 10:57:40.275 [info] > git config --get commit.template [8ms]
2026-06-15 10:57:40.276 [info] > git for-each-ref --format=%(refname)%00%(upstream:short)%00%(objectname)%00%(upstream:track)%00%(upstream:remotename)%00%(upstream:remoteref) refs/heads/main refs/remotes/main [2ms]
2026-06-15 10:57:40.282 [warning] [Git][revParse] Unable to read file: ENOENT: no such file or directory, open '/home/alunos/.arthuruser001/webdesign.tri2.ativ1/.git/refs/remotes/origin/main'
2026-06-15 10:57:40.284 [info] > git rev-parse refs/remotes/origin/main [2ms]
2026-06-15 10:57:40.303 [info] > git for-each-ref --sort -committerdate --format %(refname)%00%(objectname)%00%(*objectname) [2ms]
2026-06-15 10:57:40.955 [info] > git status -z -uall [663ms]
2026-06-15 10:57:45.324 [info] > git log --format=%H%n%aN%n%aE%n%at%n%ct%n%P%n%D%n%B -z --shortstat --diff-merges=first-parent -n50 --skip=0 --topo-order --decorate=full --stdin [1923ms]
2026-06-15 10:57:45.339 [info] > git merge-base main origin/main [4ms]
2026-06-15 10:57:45.980 [info] > git config --get commit.template [8ms]
2026-06-15 10:57:45.981 [info] > git for-each-ref --format=%(refname)%00%(upstream:short)%00%(objectname)%00%(upstream:track)%00%(upstream:remotename)%00%(upstream:remoteref) refs/heads/main refs/remotes/main [2ms]
2026-06-15 10:57:45.988 [warning] [Git][revParse] Unable to read file: ENOENT: no such file or directory, open '/home/alunos/.arthuruser001/webdesign.tri2.ativ1/.git/refs/remotes/origin/main'
2026-06-15 10:57:45.990 [info] > git rev-parse refs/remotes/origin/main [2ms]
2026-06-15 10:57:46.013 [info] > git for-each-ref --sort -committerdate --format %(refname)%00%(objectname)%00%(*objectname) [5ms]
2026-06-15 10:57:47.078 [info] > git status -z -uall [1081ms]
2026-06-15 10:57:52.114 [info] > git config --get commit.template [9ms]
2026-06-15 10:57:52.116 [info] > git for-each-ref --format=%(refname)%00%(upstream:short)%00%(objectname)%00%(upstream:track)%00%(upstream:remotename)%00%(upstream:remoteref) refs/heads/main refs/remotes/main [3ms]
2026-06-15 10:57:52.122 [warning] [Git][revParse] Unable to read file: ENOENT: no such file or directory, open '/home/alunos/.arthuruser001/webdesign.tri2.ativ1/.git/refs/remotes/origin/main'
2026-06-15 10:57:52.124 [info] > git rev-parse refs/remotes/origin/main [3ms]
2026-06-15 10:57:52.141 [info] > git for-each-ref --sort -committerdate --format %(refname)%00%(objectname)%00%(*objectname) [5ms]
2026-06-15 10:57:52.759 [info] > git status -z -uall [629ms]
2026-06-15 10:57:57.786 [info] > git config --get commit.template [6ms]
2026-06-15 10:57:57.787 [info] > git for-each-ref --format=%(refname)%00%(upstream:short)%00%(objectname)%00%(upstream:track)%00%(upstream:remotename)%00%(upstream:remoteref) refs/heads/main refs/remotes/main [2ms]
2026-06-15 10:57:57.793 [warning] [Git][revParse] Unable to read file: ENOENT: no such file or directory, open '/home/alunos/.arthuruser001/webdesign.tri2.ativ1/.git/refs/remotes/origin/main'
2026-06-15 10:57:57.794 [info] > git rev-parse refs/remotes/origin/main [1ms]
2026-06-15 10:57:57.811 [info] > git for-each-ref --sort -committerdate --format %(refname)%00%(objectname)%00%(*objectname) [2ms]
2026-06-15 10:57:58.441 [info] > git status -z -uall [642ms]
2026-06-15 10:58:03.464 [info] > git config --get commit.template [7ms]
2026-06-15 10:58:03.466 [info] > git for-each-ref --format=%(refname)%00%(upstream:short)%00%(objectname)%00%(upstream:track)%00%(upstream:remotename)%00%(upstream:remoteref) refs/heads/main refs/remotes/main [1ms]
2026-06-15 10:58:03.471 [warning] [Git][revParse] Unable to read file: ENOENT: no such file or directory, open '/home/alunos/.arthuruser001/webdesign.tri2.ativ1/.git/refs/remotes/origin/main'
2026-06-15 10:58:03.473 [info] > git rev-parse refs/remotes/origin/main [2ms]
2026-06-15 10:58:03.489 [info] > git for-each-ref --sort -committerdate --format %(refname)%00%(objectname)%00%(*objectname) [1ms]
2026-06-15 10:58:04.109 [info] > git status -z -uall [630ms]
2026-06-15 10:58:09.137 [info] > git config --get commit.template [9ms]
2026-06-15 10:58:09.138 [info] > git for-each-ref --format=%(refname)%00%(upstream:short)%00%(objectname)%00%(upstream:track)%00%(upstream:remotename)%00%(upstream:remoteref) refs/heads/main refs/remotes/main [3ms]
2026-06-15 10:58:09.144 [warning] [Git][revParse] Unable to read file: ENOENT: no such file or directory, open '/home/alunos/.arthuruser001/webdesign.tri2.ativ1/.git/refs/remotes/origin/main'
2026-06-15 10:58:09.146 [info] > git rev-parse refs/remotes/origin/main [2ms]
2026-06-15 10:58:09.168 [info] > git for-each-ref --sort -committerdate --format %(refname)%00%(objectname)%00%(*objectname) [2ms]
2026-06-15 10:58:09.800 [info] > git status -z -uall [647ms]
2026-06-15 10:58:14.823 [info] > git config --get commit.template [7ms]
2026-06-15 10:58:14.824 [info] > git for-each-ref --format=%(refname)%00%(upstream:short)%00%(objectname)%00%(upstream:track)%00%(upstream:remotename)%00%(upstream:remoteref) refs/heads/main refs/remotes/main [2ms]
2026-06-15 10:58:14.830 [warning] [Git][revParse] Unable to read file: ENOENT: no such file or directory, open '/home/alunos/.arthuruser001/webdesign.tri2.ativ1/.git/refs/remotes/origin/main'
2026-06-15 10:58:14.831 [info] > git rev-parse refs/remotes/origin/main [1ms]
2026-06-15 10:58:14.848 [info] > git for-each-ref --sort -committerdate --format %(refname)%00%(objectname)%00%(*objectname) [1ms]
2026-06-15 10:58:15.466 [info] > git status -z -uall [629ms]
2026-06-15 10:58:20.488 [info] > git config --get commit.template [6ms]
2026-06-15 10:58:20.490 [info] > git for-each-ref --format=%(refname)%00%(upstream:short)%00%(objectname)%00%(upstream:track)%00%(upstream:remotename)%00%(upstream:remoteref) refs/heads/main refs/remotes/main [3ms]
2026-06-15 10:58:20.495 [warning] [Git][revParse] Unable to read file: ENOENT: no such file or directory, open '/home/alunos/.arthuruser001/webdesign.tri2.ativ1/.git/refs/remotes/origin/main'
2026-06-15 10:58:20.496 [info] > git rev-parse refs/remotes/origin/main [1ms]
2026-06-15 10:58:20.527 [info] > git for-each-ref --sort -committerdate --format %(refname)%00%(objectname)%00%(*objectname) [6ms]
2026-06-15 10:58:21.191 [info] > git status -z -uall [687ms]
2026-06-15 10:58:26.217 [info] > git config --get commit.template [8ms]
2026-06-15 10:58:26.218 [info] > git for-each-ref --format=%(refname)%00%(upstream:short)%00%(objectname)%00%(upstream:track)%00%(upstream:remotename)%00%(upstream:remoteref) refs/heads/main refs/remotes/main [2ms]
2026-06-15 10:58:26.228 [warning] [Git][revParse] Unable to read file: ENOENT: no such file or directory, open '/home/alunos/.arthuruser001/webdesign.tri2.ativ1/.git/refs/remotes/origin/main'
2026-06-15 10:58:26.230 [info] > git rev-parse refs/remotes/origin/main [2ms]
2026-06-15 10:58:26.248 [info] > git for-each-ref --sort -committerdate --format %(refname)%00%(objectname)%00%(*objectname) [2ms]
2026-06-15 10:58:26.885 [info] > git status -z -uall [649ms]
2026-06-15 10:58:31.909 [info] > git config --get commit.template [6ms]
2026-06-15 10:58:31.910 [info] > git for-each-ref --format=%(refname)%00%(upstream:short)%00%(objectname)%00%(upstream:track)%00%(upstream:remotename)%00%(upstream:remoteref) refs/heads/main refs/remotes/main [2ms]
2026-06-15 10:58:31.916 [warning] [Git][revParse] Unable to read file: ENOENT: no such file or directory, open '/home/alunos/.arthuruser001/webdesign.tri2.ativ1/.git/refs/remotes/origin/main'
2026-06-15 10:58:31.918 [info] > git rev-parse refs/remotes/origin/main [2ms]
2026-06-15 10:58:31.934 [info] > git for-each-ref --sort -committerdate --format %(refname)%00%(objectname)%00%(*objectname) [2ms]
2026-06-15 10:58:32.559 [info] > git status -z -uall [637ms]
2026-06-15 10:58:37.586 [info] > git config --get commit.template [9ms]
2026-06-15 10:58:37.587 [info] > git for-each-ref --format=%(refname)%00%(upstream:short)%00%(objectname)%00%(upstream:track)%00%(upstream:remotename)%00%(upstream:remoteref) refs/heads/main refs/remotes/main [2ms]
2026-06-15 10:58:37.593 [warning] [Git][revParse] Unable to read file: ENOENT: no such file or directory, open '/home/alunos/.arthuruser001/webdesign.tri2.ativ1/.git/refs/remotes/origin/main'
2026-06-15 10:58:37.595 [info] > git rev-parse refs/remotes/origin/main [2ms]
2026-06-15 10:58:37.616 [info] > git for-each-ref --sort -committerdate --format %(refname)%00%(objectname)%00%(*objectname) [6ms]
2026-06-15 10:58:38.215 [info] > git status -z -uall [614ms]
2026-06-15 10:58:41.897 [info] [main] Log level: Info
2026-06-15 10:58:41.897 [info] [main] Validating found git in: "git"
2026-06-15 10:58:41.897 [info] [main] Using git "2.43.0" from "git"
2026-06-15 10:58:41.897 [info] [Model][doInitialScan] Initial repository scan started
2026-06-15 10:58:41.897 [info] > git rev-parse --show-toplevel [139ms]
2026-06-15 10:58:42.048 [info] > git rev-parse --git-dir --git-common-dir --show-superproject-working-tree [92ms]
2026-06-15 10:58:42.105 [info] [Model][openRepository] Opened repository (path): /home/alunos/.arthuruser001/webdesign.tri2.ativ1
2026-06-15 10:58:42.105 [info] [Model][openRepository] Opened repository (real path): /home/alunos/.arthuruser001/webdesign.tri2.ativ1
2026-06-15 10:58:42.105 [info] [Model][openRepository] Opened repository (kind): repository
2026-06-15 10:58:42.148 [info] > git rev-parse --show-toplevel [20ms]
2026-06-15 10:58:42.149 [info] > git config --get commit.template [27ms]
2026-06-15 10:58:42.150 [info] > git config --get --local core.virtualfilesystem [36ms]
2026-06-15 10:58:42.150 [warning] [Git][config] git config failed: Failed to execute git
2026-06-15 10:58:42.186 [info] > git rev-parse --show-toplevel [23ms]
2026-06-15 10:58:42.189 [info] [Model][doInitialScan] Initial repository scan completed - repositories (1), closed repositories (0), parent repositories (0), unsafe repositories (0)
2026-06-15 10:58:42.244 [info] > git for-each-ref --format=%(refname)%00%(upstream:short)%00%(objectname)%00%(upstream:track)%00%(upstream:remotename)%00%(upstream:remoteref) refs/heads/main refs/remotes/main [62ms]
2026-06-15 10:58:42.260 [warning] [Git][revParse] Unable to read file: ENOENT: no such file or directory, open '/home/alunos/.arthuruser001/webdesign.tri2.ativ1/.git/refs/remotes/origin/main'
2026-06-15 10:58:42.268 [info] > git rev-parse refs/remotes/origin/main [8ms]
2026-06-15 10:58:42.318 [info] > git for-each-ref --sort -committerdate --format %(refname)%00%(objectname)%00%(*objectname) [15ms]
2026-06-15 10:58:42.452 [info] > git check-ignore -v -z --stdin [5ms]
2026-06-15 10:58:42.476 [info] > git show --textconv :aluno-cadastro.html [12ms]
2026-06-15 10:58:42.486 [info] > git ls-files --stage -- aluno-cadastro.html [13ms]
2026-06-15 10:58:42.495 [info] > git hash-object -t tree /dev/null [10ms]
2026-06-15 10:58:42.495 [warning] [GitFileSystemProvider][readFile] File not found - git:/home/alunos/.arthuruser001/webdesign.tri2.ativ1/aluno-cadastro.html.git?%7B%22path%22%3A%22%2Fhome%2Falunos%2F.arthuruser001%2Fwebdesign.tri2.ativ1%2Faluno-cadastro.html%22%2C%22ref%22%3A%22%22%7D
2026-06-15 10:58:42.496 [info] > git hash-object -t tree /dev/null [2ms]
2026-06-15 10:58:42.497 [warning] [GitFileSystemProvider][stat] File not found - git:/home/alunos/.arthuruser001/webdesign.tri2.ativ1/aluno-cadastro.html.git?%7B%22path%22%3A%22%2Fhome%2Falunos%2F.arthuruser001%2Fwebdesign.tri2.ativ1%2Faluno-cadastro.html%22%2C%22ref%22%3A%22%22%7D
2026-06-15 10:58:42.514 [info] > git blame --root --incremental 34da9ab9f2006d571dd0f0d8bda6d377260e66fa -- aluno-cadastro.html [3ms]
2026-06-15 10:58:42.514 [info] fatal: no such path aluno-cadastro.html in 34da9ab9f2006d571dd0f0d8bda6d377260e66fa
2026-06-15 10:58:42.723 [info] > git check-ignore -v -z --stdin [8ms]
2026-06-15 10:58:42.998 [info] > git status -z -uall [717ms]
2026-06-15 10:58:43.049 [info] > git for-each-ref --format=%(refname)%00%(upstream:short)%00%(objectname)%00%(upstream:track)%00%(upstream:remotename)%00%(upstream:remoteref) refs/heads/main refs/remotes/main [10ms]
2026-06-15 10:58:43.061 [info] > git config --get --local branch.main.vscode-merge-base [6ms]
2026-06-15 10:58:43.067 [info] > git config --get commit.template [19ms]
2026-06-15 10:58:43.069 [info] > git for-each-ref --format=%(refname)%00%(upstream:short)%00%(objectname)%00%(upstream:track)%00%(upstream:remotename)%00%(upstream:remoteref) refs/heads/origin/main refs/remotes/origin/main [2ms]
2026-06-15 10:58:43.085 [info] > git merge-base refs/heads/main refs/remotes/origin/main [8ms]
2026-06-15 10:58:43.092 [info] > git for-each-ref --format=%(refname)%00%(upstream:short)%00%(objectname)%00%(upstream:track)%00%(upstream:remotename)%00%(upstream:remoteref) refs/heads/main refs/remotes/main [9ms]
2026-06-15 10:58:43.099 [warning] [Git][revParse] Unable to read file: ENOENT: no such file or directory, open '/home/alunos/.arthuruser001/webdesign.tri2.ativ1/.git/refs/remotes/origin/main'
2026-06-15 10:58:43.100 [info] > git diff --raw --numstat --diff-filter=ADMR -z --find-renames=50% 34da9ab9f2006d571dd0f0d8bda6d377260e66fa...refs/remotes/origin/main -- [9ms]
2026-06-15 10:58:43.101 [info] > git rev-parse refs/remotes/origin/main [2ms]
2026-06-15 10:58:43.282 [info] > git for-each-ref --sort -committerdate --format %(refname)%00%(objectname)%00%(*objectname) [168ms]
2026-06-15 10:58:43.749 [info] > git status -z -uall [642ms]
2026-06-15 10:58:46.533 [info] > git config --get commit.template [7ms]
2026-06-15 10:58:46.534 [info] > git for-each-ref --format=%(refname)%00%(upstream:short)%00%(objectname)%00%(upstream:track)%00%(upstream:remotename)%00%(upstream:remoteref) refs/heads/main refs/remotes/main [2ms]
2026-06-15 10:58:46.540 [warning] [Git][revParse] Unable to read file: ENOENT: no such file or directory, open '/home/alunos/.arthuruser001/webdesign.tri2.ativ1/.git/refs/remotes/origin/main'
2026-06-15 10:58:46.541 [info] > git rev-parse refs/remotes/origin/main [1ms]
2026-06-15 10:58:46.559 [info] > git for-each-ref --sort -committerdate --format %(refname)%00%(objectname)%00%(*objectname) [1ms]
2026-06-15 10:58:47.193 [info] > git status -z -uall [646ms]
2026-06-15 10:58:52.222 [info] > git config --get commit.template [6ms]
2026-06-15 10:58:52.224 [info] > git for-each-ref --format=%(refname)%00%(upstream:short)%00%(objectname)%00%(upstream:track)%00%(upstream:remotename)%00%(upstream:remoteref) refs/heads/main refs/remotes/main [2ms]
2026-06-15 10:58:52.231 [warning] [Git][revParse] Unable to read file: ENOENT: no such file or directory, open '/home/alunos/.arthuruser001/webdesign.tri2.ativ1/.git/refs/remotes/origin/main'
2026-06-15 10:58:52.232 [info] > git rev-parse refs/remotes/origin/main [1ms]
2026-06-15 10:58:52.249 [info] > git for-each-ref --sort -committerdate --format %(refname)%00%(objectname)%00%(*objectname) [2ms]
2026-06-15 10:58:52.853 [info] > git status -z -uall [616ms]
2026-06-15 10:58:57.882 [info] > git config --get commit.template [8ms]
2026-06-15 10:58:57.883 [info] > git for-each-ref --format=%(refname)%00%(upstream:short)%00%(objectname)%00%(upstream:track)%00%(upstream:remotename)%00%(upstream:remoteref) refs/heads/main refs/remotes/main [2ms]
2026-06-15 10:58:57.889 [warning] [Git][revParse] Unable to read file: ENOENT: no such file or directory, open '/home/alunos/.arthuruser001/webdesign.tri2.ativ1/.git/refs/remotes/origin/main'
2026-06-15 10:58:57.890 [info] > git rev-parse refs/remotes/origin/main [1ms]
2026-06-15 10:58:57.909 [info] > git for-each-ref --sort -committerdate --format %(refname)%00%(objectname)%00%(*objectname) [3ms]
2026-06-15 10:58:58.535 [info] > git status -z -uall [639ms]
2026-06-15 10:59:03.570 [info] > git config --get commit.template [8ms]
2026-06-15 10:59:03.570 [info] > git for-each-ref --format=%(refname)%00%(upstream:short)%00%(objectname)%00%(upstream:track)%00%(upstream:remotename)%00%(upstream:remoteref) refs/heads/main refs/remotes/main [2ms]
2026-06-15 10:59:03.583 [warning] [Git][revParse] Unable to read file: ENOENT: no such file or directory, open '/home/alunos/.arthuruser001/webdesign.tri2.ativ1/.git/refs/remotes/origin/main'
2026-06-15 10:59:03.583 [info] > git rev-parse refs/remotes/origin/main [0ms]
2026-06-15 10:59:03.603 [info] > git for-each-ref --sort -committerdate --format %(refname)%00%(objectname)%00%(*objectname) [3ms]
2026-06-15 10:59:04.247 [info] > git status -z -uall [658ms]
2026-06-15 10:59:09.276 [info] > git config --get commit.template [6ms]
2026-06-15 10:59:09.277 [info] > git for-each-ref --format=%(refname)%00%(upstream:short)%00%(objectname)%00%(upstream:track)%00%(upstream:remotename)%00%(upstream:remoteref) refs/heads/main refs/remotes/main [2ms]
2026-06-15 10:59:09.284 [warning] [Git][revParse] Unable to read file: ENOENT: no such file or directory, open '/home/alunos/.arthuruser001/webdesign.tri2.ativ1/.git/refs/remotes/origin/main'
2026-06-15 10:59:09.285 [info] > git rev-parse refs/remotes/origin/main [1ms]
2026-06-15 10:59:09.302 [info] > git for-each-ref --sort -committerdate --format %(refname)%00%(objectname)%00%(*objectname) [2ms]
2026-06-15 10:59:09.894 [info] > git status -z -uall [604ms]
2026-06-15 10:59:14.924 [info] > git config --get commit.template [6ms]
2026-06-15 10:59:14.925 [info] > git for-each-ref --format=%(refname)%00%(upstream:short)%00%(objectname)%00%(upstream:track)%00%(upstream:remotename)%00%(upstream:remoteref) refs/heads/main refs/remotes/main [2ms]
2026-06-15 10:59:14.931 [warning] [Git][revParse] Unable to read file: ENOENT: no such file or directory, open '/home/alunos/.arthuruser001/webdesign.tri2.ativ1/.git/refs/remotes/origin/main'
2026-06-15 10:59:14.932 [info] > git rev-parse refs/remotes/origin/main [1ms]
2026-06-15 10:59:14.945 [info] > git for-each-ref --sort -committerdate --format %(refname)%00%(objectname)%00%(*objectname) [1ms]
2026-06-15 10:59:15.524 [info] > git status -z -uall [587ms]
2026-06-15 10:59:20.553 [info] > git config --get commit.template [7ms]
2026-06-15 10:59:20.554 [info] > git for-each-ref --format=%(refname)%00%(upstream:short)%00%(objectname)%00%(upstream:track)%00%(upstream:remotename)%00%(upstream:remoteref) refs/heads/main refs/remotes/main [2ms]
2026-06-15 10:59:20.559 [warning] [Git][revParse] Unable to read file: ENOENT: no such file or directory, open '/home/alunos/.arthuruser001/webdesign.tri2.ativ1/.git/refs/remotes/origin/main'
2026-06-15 10:59:20.561 [info] > git rev-parse refs/remotes/origin/main [2ms]
2026-06-15 10:59:20.576 [info] > git for-each-ref --sort -committerdate --format %(refname)%00%(objectname)%00%(*objectname) [2ms]
2026-06-15 10:59:21.151 [info] > git status -z -uall [584ms]
2026-06-15 10:59:26.178 [info] > git config --get commit.template [6ms]
2026-06-15 10:59:26.179 [info] > git for-each-ref --format=%(refname)%00%(upstream:short)%00%(objectname)%00%(upstream:track)%00%(upstream:remotename)%00%(upstream:remoteref) refs/heads/main refs/remotes/main [2ms]
2026-06-15 10:59:26.184 [warning] [Git][revParse] Unable to read file: ENOENT: no such file or directory, open '/home/alunos/.arthuruser001/webdesign.tri2.ativ1/.git/refs/remotes/origin/main'
2026-06-15 10:59:26.186 [info] > git rev-parse refs/remotes/origin/main [2ms]
2026-06-15 10:59:26.204 [info] > git for-each-ref --sort -committerdate --format %(refname)%00%(objectname)%00%(*objectname) [5ms]
2026-06-15 10:59:26.776 [info] > git status -z -uall [586ms]
2026-06-15 10:59:31.805 [info] > git config --get commit.template [7ms]
2026-06-15 10:59:31.806 [info] > git for-each-ref --format=%(refname)%00%(upstream:short)%00%(objectname)%00%(upstream:track)%00%(upstream:remotename)%00%(upstream:remoteref) refs/heads/main refs/remotes/main [2ms]
2026-06-15 10:59:31.811 [warning] [Git][revParse] Unable to read file: ENOENT: no such file or directory, open '/home/alunos/.arthuruser001/webdesign.tri2.ativ1/.git/refs/remotes/origin/main'
2026-06-15 10:59:31.813 [info] > git rev-parse refs/remotes/origin/main [2ms]
2026-06-15 10:59:31.826 [info] > git for-each-ref --sort -committerdate --format %(refname)%00%(objectname)%00%(*objectname) [3ms]
2026-06-15 10:59:32.400 [info] > git status -z -uall [582ms]
2026-06-15 10:59:37.428 [info] > git config --get commit.template [6ms]
2026-06-15 10:59:37.429 [info] > git for-each-ref --format=%(refname)%00%(upstream:short)%00%(objectname)%00%(upstream:track)%00%(upstream:remotename)%00%(upstream:remoteref) refs/heads/main refs/remotes/main [2ms]
2026-06-15 10:59:37.434 [warning] [Git][revParse] Unable to read file: ENOENT: no such file or directory, open '/home/alunos/.arthuruser001/webdesign.tri2.ativ1/.git/refs/remotes/origin/main'
2026-06-15 10:59:37.436 [info] > git rev-parse refs/remotes/origin/main [2ms]
2026-06-15 10:59:37.450 [info] > git for-each-ref --sort -committerdate --format %(refname)%00%(objectname)%00%(*objectname) [2ms]
2026-06-15 10:59:38.023 [info] > git status -z -uall [583ms]
2026-06-15 10:59:43.049 [info] > git config --get commit.template [7ms]
2026-06-15 10:59:43.050 [info] > git for-each-ref --format=%(refname)%00%(upstream:short)%00%(objectname)%00%(upstream:track)%00%(upstream:remotename)%00%(upstream:remoteref) refs/heads/main refs/remotes/main [2ms]
2026-06-15 10:59:43.055 [warning] [Git][revParse] Unable to read file: ENOENT: no such file or directory, open '/home/alunos/.arthuruser001/webdesign.tri2.ativ1/.git/refs/remotes/origin/main'
2026-06-15 10:59:43.057 [info] > git rev-parse refs/remotes/origin/main [2ms]
2026-06-15 10:59:43.072 [info] > git for-each-ref --sort -committerdate --format %(refname)%00%(objectname)%00%(*objectname) [1ms]
2026-06-15 10:59:43.645 [info] > git status -z -uall [583ms]
2026-06-15 10:59:48.671 [info] > git config --get commit.template [6ms]
2026-06-15 10:59:48.672 [info] > git for-each-ref --format=%(refname)%00%(upstream:short)%00%(objectname)%00%(upstream:track)%00%(upstream:remotename)%00%(upstream:remoteref) refs/heads/main refs/remotes/main [2ms]
2026-06-15 10:59:48.677 [warning] [Git][revParse] Unable to read file: ENOENT: no such file or directory, open '/home/alunos/.arthuruser001/webdesign.tri2.ativ1/.git/refs/remotes/origin/main'
2026-06-15 10:59:48.679 [info] > git rev-parse refs/remotes/origin/main [2ms]
2026-06-15 10:59:48.692 [info] > git for-each-ref --sort -committerdate --format %(refname)%00%(objectname)%00%(*objectname) [1ms]
2026-06-15 10:59:49.266 [info] > git status -z -uall [583ms]
2026-06-15 10:59:54.291 [info] > git config --get commit.template [6ms]
2026-06-15 10:59:54.292 [info] > git for-each-ref --format=%(refname)%00%(upstream:short)%00%(objectname)%00%(upstream:track)%00%(upstream:remotename)%00%(upstream:remoteref) refs/heads/main refs/remotes/main [2ms]
2026-06-15 10:59:54.298 [warning] [Git][revParse] Unable to read file: ENOENT: no such file or directory, open '/home/alunos/.arthuruser001/webdesign.tri2.ativ1/.git/refs/remotes/origin/main'
2026-06-15 10:59:54.299 [info] > git rev-parse refs/remotes/origin/main [1ms]
2026-06-15 10:59:54.315 [info] > git for-each-ref --sort -committerdate --format %(refname)%00%(objectname)%00%(*objectname) [2ms]
2026-06-15 10:59:54.909 [info] > git status -z -uall [605ms]
2026-06-15 10:59:59.936 [info] > git config --get commit.template [7ms]
2026-06-15 10:59:59.937 [info] > git for-each-ref --format=%(refname)%00%(upstream:short)%00%(objectname)%00%(upstream:track)%00%(upstream:remotename)%00%(upstream:remoteref) refs/heads/main refs/remotes/main [2ms]
2026-06-15 10:59:59.944 [warning] [Git][revParse] Unable to read file: ENOENT: no such file or directory, open '/home/alunos/.arthuruser001/webdesign.tri2.ativ1/.git/refs/remotes/origin/main'
2026-06-15 10:59:59.945 [info] > git rev-parse refs/remotes/origin/main [1ms]
2026-06-15 10:59:59.960 [info] > git for-each-ref --sort -committerdate --format %(refname)%00%(objectname)%00%(*objectname) [2ms]
2026-06-15 11:00:00.562 [info] > git status -z -uall [612ms]
2026-06-15 11:00:05.599 [info] > git config --get commit.template [8ms]
2026-06-15 11:00:05.600 [info] > git for-each-ref --format=%(refname)%00%(upstream:short)%00%(objectname)%00%(upstream:track)%00%(upstream:remotename)%00%(upstream:remoteref) refs/heads/main refs/remotes/main [2ms]
2026-06-15 11:00:05.605 [warning] [Git][revParse] Unable to read file: ENOENT: no such file or directory, open '/home/alunos/.arthuruser001/webdesign.tri2.ativ1/.git/refs/remotes/origin/main'
2026-06-15 11:00:05.607 [info] > git rev-parse refs/remotes/origin/main [2ms]
2026-06-15 11:00:05.623 [info] > git for-each-ref --sort -committerdate --format %(refname)%00%(objectname)%00%(*objectname) [4ms]
2026-06-15 11:00:06.280 [info] > git status -z -uall [667ms]
2026-06-15 11:00:11.310 [info] > git config --get commit.template [8ms]
2026-06-15 11:00:11.311 [info] > git for-each-ref --format=%(refname)%00%(upstream:short)%00%(objectname)%00%(upstream:track)%00%(upstream:remotename)%00%(upstream:remoteref) refs/heads/main refs/remotes/main [2ms]
2026-06-15 11:00:11.316 [warning] [Git][revParse] Unable to read file: ENOENT: no such file or directory, open '/home/alunos/.arthuruser001/webdesign.tri2.ativ1/.git/refs/remotes/origin/main'
2026-06-15 11:00:11.317 [info] > git rev-parse refs/remotes/origin/main [1ms]
2026-06-15 11:00:11.332 [info] > git for-each-ref --sort -committerdate --format %(refname)%00%(objectname)%00%(*objectname) [2ms]
2026-06-15 11:00:11.965 [info] > git status -z -uall [643ms]
2026-06-15 11:00:16.995 [info] > git config --get commit.template [1ms]
2026-06-15 11:00:17.002 [info] > git for-each-ref --format=%(refname)%00%(upstream:short)%00%(objectname)%00%(upstream:track)%00%(upstream:remotename)%00%(upstream:remoteref) refs/heads/main refs/remotes/main [2ms]
2026-06-15 11:00:17.007 [warning] [Git][revParse] Unable to read file: ENOENT: no such file or directory, open '/home/alunos/.arthuruser001/webdesign.tri2.ativ1/.git/refs/remotes/origin/main'
2026-06-15 11:00:17.008 [info] > git rev-parse refs/remotes/origin/main [1ms]
2026-06-15 11:00:17.024 [info] > git for-each-ref --sort -committerdate --format %(refname)%00%(objectname)%00%(*objectname) [2ms]
2026-06-15 11:00:17.631 [info] > git status -z -uall [618ms]
2026-06-15 11:00:22.661 [info] > git config --get commit.template [9ms]
2026-06-15 11:00:22.663 [info] > git for-each-ref --format=%(refname)%00%(upstream:short)%00%(objectname)%00%(upstream:track)%00%(upstream:remotename)%00%(upstream:remoteref) refs/heads/main refs/remotes/main [3ms]
2026-06-15 11:00:22.670 [warning] [Git][revParse] Unable to read file: ENOENT: no such file or directory, open '/home/alunos/.arthuruser001/webdesign.tri2.ativ1/.git/refs/remotes/origin/main'
2026-06-15 11:00:22.672 [info] > git rev-parse refs/remotes/origin/main [2ms]
2026-06-15 11:00:22.688 [info] > git for-each-ref --sort -committerdate --format %(refname)%00%(objectname)%00%(*objectname) [1ms]
2026-06-15 11:00:23.329 [info] > git status -z -uall [650ms]
2026-06-15 11:00:28.356 [info] > git config --get commit.template [7ms]
2026-06-15 11:00:28.357 [info] > git for-each-ref --format=%(refname)%00%(upstream:short)%00%(objectname)%00%(upstream:track)%00%(upstream:remotename)%00%(upstream:remoteref) refs/heads/main refs/remotes/main [2ms]
2026-06-15 11:00:28.363 [warning] [Git][revParse] Unable to read file: ENOENT: no such file or directory, open '/home/alunos/.arthuruser001/webdesign.tri2.ativ1/.git/refs/remotes/origin/main'
2026-06-15 11:00:28.365 [info] > git rev-parse refs/remotes/origin/main [2ms]
2026-06-15 11:00:28.377 [info] > git for-each-ref --sort -committerdate --format %(refname)%00%(objectname)%00%(*objectname) [2ms]
2026-06-15 11:00:28.986 [info] > git status -z -uall [617ms]
2026-06-15 11:00:34.013 [info] > git config --get commit.template [8ms]
2026-06-15 11:00:34.014 [info] > git for-each-ref --format=%(refname)%00%(upstream:short)%00%(objectname)%00%(upstream:track)%00%(upstream:remotename)%00%(upstream:remoteref) refs/heads/main refs/remotes/main [2ms]
2026-06-15 11:00:34.019 [warning] [Git][revParse] Unable to read file: ENOENT: no such file or directory, open '/home/alunos/.arthuruser001/webdesign.tri2.ativ1/.git/refs/remotes/origin/main'
2026-06-15 11:00:34.020 [info] > git rev-parse refs/remotes/origin/main [1ms]
2026-06-15 11:00:34.035 [info] > git for-each-ref --sort -committerdate --format %(refname)%00%(objectname)%00%(*objectname) [3ms]
2026-06-15 11:00:34.636 [info] > git status -z -uall [611ms]
2026-06-15 11:00:39.662 [info] > git config --get commit.template [6ms]
2026-06-15 11:00:39.663 [info] > git for-each-ref --format=%(refname)%00%(upstream:short)%00%(objectname)%00%(upstream:track)%00%(upstream:remotename)%00%(upstream:remoteref) refs/heads/main refs/remotes/main [2ms]
2026-06-15 11:00:39.668 [warning] [Git][revParse] Unable to read file: ENOENT: no such file or directory, open '/home/alunos/.arthuruser001/webdesign.tri2.ativ1/.git/refs/remotes/origin/main'
2026-06-15 11:00:39.669 [info] > git rev-parse refs/remotes/origin/main [1ms]
2026-06-15 11:00:39.684 [info] > git for-each-ref --sort -committerdate --format %(refname)%00%(objectname)%00%(*objectname) [2ms]
2026-06-15 11:00:40.258 [info] > git status -z -uall [584ms]
2026-06-15 11:00:45.283 [info] > git config --get commit.template [6ms]
2026-06-15 11:00:45.284 [info] > git for-each-ref --format=%(refname)%00%(upstream:short)%00%(objectname)%00%(upstream:track)%00%(upstream:remotename)%00%(upstream:remoteref) refs/heads/main refs/remotes/main [2ms]
2026-06-15 11:00:45.289 [warning] [Git][revParse] Unable to read file: ENOENT: no such file or directory, open '/home/alunos/.arthuruser001/webdesign.tri2.ativ1/.git/refs/remotes/origin/main'
2026-06-15 11:00:45.291 [info] > git rev-parse refs/remotes/origin/main [2ms]
2026-06-15 11:00:45.306 [info] > git for-each-ref --sort -committerdate --format %(refname)%00%(objectname)%00%(*objectname) [1ms]
2026-06-15 11:00:45.881 [info] > git status -z -uall [585ms]
2026-06-15 11:00:50.904 [info] > git config --get commit.template [6ms]
2026-06-15 11:00:50.905 [info] > git for-each-ref --format=%(refname)%00%(upstream:short)%00%(objectname)%00%(upstream:track)%00%(upstream:remotename)%00%(upstream:remoteref) refs/heads/main refs/remotes/main [2ms]
2026-06-15 11:00:50.913 [warning] [Git][revParse] Unable to read file: ENOENT: no such file or directory, open '/home/alunos/.arthuruser001/webdesign.tri2.ativ1/.git/refs/remotes/origin/main'
2026-06-15 11:00:50.914 [info] > git rev-parse refs/remotes/origin/main [1ms]
2026-06-15 11:00:50.929 [info] > git for-each-ref --sort -committerdate --format %(refname)%00%(objectname)%00%(*objectname) [3ms]
2026-06-15 11:00:51.504 [info] > git status -z -uall [585ms]
2026-06-15 11:00:56.529 [info] > git config --get commit.template [7ms]
2026-06-15 11:00:56.530 [info] > git for-each-ref --format=%(refname)%00%(upstream:short)%00%(objectname)%00%(upstream:track)%00%(upstream:remotename)%00%(upstream:remoteref) refs/heads/main refs/remotes/main [2ms]
2026-06-15 11:00:56.536 [warning] [Git][revParse] Unable to read file: ENOENT: no such file or directory, open '/home/alunos/.arthuruser001/webdesign.tri2.ativ1/.git/refs/remotes/origin/main'
2026-06-15 11:00:56.538 [info] > git rev-parse refs/remotes/origin/main [2ms]
2026-06-15 11:00:56.554 [info] > git for-each-ref --sort -committerdate --format %(refname)%00%(objectname)%00%(*objectname) [1ms]
2026-06-15 11:00:57.129 [info] > git status -z -uall [586ms]
2026-06-15 11:01:02.152 [info] > git config --get commit.template [5ms]
2026-06-15 11:01:02.154 [info] > git for-each-ref --format=%(refname)%00%(upstream:short)%00%(objectname)%00%(upstream:track)%00%(upstream:remotename)%00%(upstream:remoteref) refs/heads/main refs/remotes/main [2ms]
2026-06-15 11:01:02.159 [warning] [Git][revParse] Unable to read file: ENOENT: no such file or directory, open '/home/alunos/.arthuruser001/webdesign.tri2.ativ1/.git/refs/remotes/origin/main'
2026-06-15 11:01:02.161 [info] > git rev-parse refs/remotes/origin/main [2ms]
2026-06-15 11:01:02.175 [info] > git for-each-ref --sort -committerdate --format %(refname)%00%(objectname)%00%(*objectname) [1ms]
2026-06-15 11:01:02.751 [info] > git status -z -uall [586ms]
2026-06-15 11:01:07.783 [info] > git config --get commit.template [6ms]
2026-06-15 11:01:07.784 [info] > git for-each-ref --format=%(refname)%00%(upstream:short)%00%(objectname)%00%(upstream:track)%00%(upstream:remotename)%00%(upstream:remoteref) refs/heads/main refs/remotes/main [2ms]
2026-06-15 11:01:07.789 [warning] [Git][revParse] Unable to read file: ENOENT: no such file or directory, open '/home/alunos/.arthuruser001/webdesign.tri2.ativ1/.git/refs/remotes/origin/main'
2026-06-15 11:01:07.790 [info] > git rev-parse refs/remotes/origin/main [1ms]
2026-06-15 11:01:07.805 [info] > git for-each-ref --sort -committerdate --format %(refname)%00%(objectname)%00%(*objectname) [3ms]
2026-06-15 11:01:08.384 [info] > git status -z -uall [589ms]
2026-06-15 11:01:13.408 [info] > git config --get commit.template [7ms]
2026-06-15 11:01:13.409 [info] > git for-each-ref --format=%(refname)%00%(upstream:short)%00%(objectname)%00%(upstream:track)%00%(upstream:remotename)%00%(upstream:remoteref) refs/heads/main refs/remotes/main [2ms]
2026-06-15 11:01:13.414 [warning] [Git][revParse] Unable to read file: ENOENT: no such file or directory, open '/home/alunos/.arthuruser001/webdesign.tri2.ativ1/.git/refs/remotes/origin/main'
2026-06-15 11:01:13.415 [info] > git rev-parse refs/remotes/origin/main [1ms]
2026-06-15 11:01:13.430 [info] > git for-each-ref --sort -committerdate --format %(refname)%00%(objectname)%00%(*objectname) [3ms]
2026-06-15 11:01:14.011 [info] > git status -z -uall [591ms]
2026-06-15 11:01:19.038 [info] > git config --get commit.template [6ms]
2026-06-15 11:01:19.039 [info] > git for-each-ref --format=%(refname)%00%(upstream:short)%00%(objectname)%00%(upstream:track)%00%(upstream:remotename)%00%(upstream:remoteref) refs/heads/main refs/remotes/main [2ms]
2026-06-15 11:01:19.044 [warning] [Git][revParse] Unable to read file: ENOENT: no such file or directory, open '/home/alunos/.arthuruser001/webdesign.tri2.ativ1/.git/refs/remotes/origin/main'
2026-06-15 11:01:19.046 [info] > git rev-parse refs/remotes/origin/main [2ms]
2026-06-15 11:01:19.060 [info] > git for-each-ref --sort -committerdate --format %(refname)%00%(objectname)%00%(*objectname) [1ms]
2026-06-15 11:01:19.633 [info] > git status -z -uall [583ms]
2026-06-15 11:01:24.660 [info] > git config --get commit.template [7ms]
2026-06-15 11:01:24.661 [info] > git for-each-ref --format=%(refname)%00%(upstream:short)%00%(objectname)%00%(upstream:track)%00%(upstream:remotename)%00%(upstream:remoteref) refs/heads/main refs/remotes/main [2ms]
2026-06-15 11:01:24.666 [warning] [Git][revParse] Unable to read file: ENOENT: no such file or directory, open '/home/alunos/.arthuruser001/webdesign.tri2.ativ1/.git/refs/remotes/origin/main'
2026-06-15 11:01:24.668 [info] > git rev-parse refs/remotes/origin/main [2ms]
2026-06-15 11:01:24.682 [info] > git for-each-ref --sort -committerdate --format %(refname)%00%(objectname)%00%(*objectname) [2ms]
2026-06-15 11:01:25.257 [info] > git status -z -uall [585ms]
2026-06-15 11:01:30.284 [info] > git config --get commit.template [7ms]
2026-06-15 11:01:30.285 [info] > git for-each-ref --format=%(refname)%00%(upstream:short)%00%(objectname)%00%(upstream:track)%00%(upstream:remotename)%00%(upstream:remoteref) refs/heads/main refs/remotes/main [2ms]
2026-06-15 11:01:30.290 [warning] [Git][revParse] Unable to read file: ENOENT: no such file or directory, open '/home/alunos/.arthuruser001/webdesign.tri2.ativ1/.git/refs/remotes/origin/main'
2026-06-15 11:01:30.292 [info] > git rev-parse refs/remotes/origin/main [2ms]
2026-06-15 11:01:30.307 [info] > git for-each-ref --sort -committerdate --format %(refname)%00%(objectname)%00%(*objectname) [3ms]
2026-06-15 11:01:30.880 [info] > git status -z -uall [583ms]
2026-06-15 11:01:35.903 [info] > git config --get commit.template [6ms]
2026-06-15 11:01:35.904 [info] > git for-each-ref --format=%(refname)%00%(upstream:short)%00%(objectname)%00%(upstream:track)%00%(upstream:remotename)%00%(upstream:remoteref) refs/heads/main refs/remotes/main [2ms]
2026-06-15 11:01:35.910 [warning] [Git][revParse] Unable to read file: ENOENT: no such file or directory, open '/home/alunos/.arthuruser001/webdesign.tri2.ativ1/.git/refs/remotes/origin/main'
2026-06-15 11:01:35.911 [info] > git rev-parse refs/remotes/origin/main [1ms]
2026-06-15 11:01:35.926 [info] > git for-each-ref --sort -committerdate --format %(refname)%00%(objectname)%00%(*objectname) [1ms]
2026-06-15 11:01:36.522 [info] > git status -z -uall [605ms]
2026-06-15 11:01:41.545 [info] > git config --get commit.template [6ms]
2026-06-15 11:01:41.547 [info] > git for-each-ref --format=%(refname)%00%(upstream:short)%00%(objectname)%00%(upstream:track)%00%(upstream:remotename)%00%(upstream:remoteref) refs/heads/main refs/remotes/main [2ms]
2026-06-15 11:01:41.552 [warning] [Git][revParse] Unable to read file: ENOENT: no such file or directory, open '/home/alunos/.arthuruser001/webdesign.tri2.ativ1/.git/refs/remotes/origin/main'
2026-06-15 11:01:41.553 [info] > git rev-parse refs/remotes/origin/main [1ms]
2026-06-15 11:01:41.568 [info] > git for-each-ref --sort -committerdate --format %(refname)%00%(objectname)%00%(*objectname) [1ms]
2026-06-15 11:01:42.141 [info] > git status -z -uall [583ms]
2026-06-15 11:01:47.165 [info] > git config --get commit.template [6ms]
2026-06-15 11:01:47.166 [info] > git for-each-ref --format=%(refname)%00%(upstream:short)%00%(objectname)%00%(upstream:track)%00%(upstream:remotename)%00%(upstream:remoteref) refs/heads/main refs/remotes/main [2ms]
2026-06-15 11:01:47.171 [warning] [Git][revParse] Unable to read file: ENOENT: no such file or directory, open '/home/alunos/.arthuruser001/webdesign.tri2.ativ1/.git/refs/remotes/origin/main'
2026-06-15 11:01:47.173 [info] > git rev-parse refs/remotes/origin/main [2ms]
2026-06-15 11:01:47.189 [info] > git for-each-ref --sort -committerdate --format %(refname)%00%(objectname)%00%(*objectname) [3ms]
2026-06-15 11:01:47.769 [info] > git status -z -uall [591ms]
2026-06-15 11:01:52.790 [info] > git config --get commit.template [3ms]
2026-06-15 11:01:52.797 [info] > git for-each-ref --format=%(refname)%00%(upstream:short)%00%(objectname)%00%(upstream:track)%00%(upstream:remotename)%00%(upstream:remoteref) refs/heads/main refs/remotes/main [2ms]
2026-06-15 11:01:52.802 [warning] [Git][revParse] Unable to read file: ENOENT: no such file or directory, open '/home/alunos/.arthuruser001/webdesign.tri2.ativ1/.git/refs/remotes/origin/main'
2026-06-15 11:01:52.803 [info] > git rev-parse refs/remotes/origin/main [2ms]
2026-06-15 11:01:52.817 [info] > git for-each-ref --sort -committerdate --format %(refname)%00%(objectname)%00%(*objectname) [1ms]
2026-06-15 11:01:53.393 [info] > git status -z -uall [585ms]
2026-06-15 11:01:58.417 [info] > git config --get commit.template [6ms]
2026-06-15 11:01:58.418 [info] > git for-each-ref --format=%(refname)%00%(upstream:short)%00%(objectname)%00%(upstream:track)%00%(upstream:remotename)%00%(upstream:remoteref) refs/heads/main refs/remotes/main [2ms]
2026-06-15 11:01:58.424 [warning] [Git][revParse] Unable to read file: ENOENT: no such file or directory, open '/home/alunos/.arthuruser001/webdesign.tri2.ativ1/.git/refs/remotes/origin/main'
2026-06-15 11:01:58.425 [info] > git rev-parse refs/remotes/origin/main [1ms]
2026-06-15 11:01:58.439 [info] > git for-each-ref --sort -committerdate --format %(refname)%00%(objectname)%00%(*objectname) [2ms]
2026-06-15 11:01:59.013 [info] > git status -z -uall [583ms]
2026-06-15 11:02:04.040 [info] > git config --get commit.template [7ms]
2026-06-15 11:02:04.041 [info] > git for-each-ref --format=%(refname)%00%(upstream:short)%00%(objectname)%00%(upstream:track)%00%(upstream:remotename)%00%(upstream:remoteref) refs/heads/main refs/remotes/main [2ms]
2026-06-15 11:02:04.047 [warning] [Git][revParse] Unable to read file: ENOENT: no such file or directory, open '/home/alunos/.arthuruser001/webdesign.tri2.ativ1/.git/refs/remotes/origin/main'
2026-06-15 11:02:04.048 [info] > git rev-parse refs/remotes/origin/main [1ms]
2026-06-15 11:02:04.064 [info] > git for-each-ref --sort -committerdate --format %(refname)%00%(objectname)%00%(*objectname) [2ms]
2026-06-15 11:02:04.636 [info] > git status -z -uall [583ms]
2026-06-15 11:02:09.662 [info] > git config --get commit.template [7ms]
2026-06-15 11:02:09.664 [info] > git for-each-ref --format=%(refname)%00%(upstream:short)%00%(objectname)%00%(upstream:track)%00%(upstream:remotename)%00%(upstream:remoteref) refs/heads/main refs/remotes/main [3ms]
2026-06-15 11:02:09.669 [warning] [Git][revParse] Unable to read file: ENOENT: no such file or directory, open '/home/alunos/.arthuruser001/webdesign.tri2.ativ1/.git/refs/remotes/origin/main'
2026-06-15 11:02:09.672 [info] > git rev-parse refs/remotes/origin/main [3ms]
2026-06-15 11:02:09.689 [info] > git for-each-ref --sort -committerdate --format %(refname)%00%(objectname)%00%(*objectname) [4ms]
2026-06-15 11:02:10.293 [info] > git status -z -uall [616ms]
2026-06-15 11:02:15.318 [info] > git config --get commit.template [6ms]
2026-06-15 11:02:15.319 [info] > git for-each-ref --format=%(refname)%00%(upstream:short)%00%(objectname)%00%(upstream:track)%00%(upstream:remotename)%00%(upstream:remoteref) refs/heads/main refs/remotes/main [2ms]
2026-06-15 11:02:15.325 [warning] [Git][revParse] Unable to read file: ENOENT: no such file or directory, open '/home/alunos/.arthuruser001/webdesign.tri2.ativ1/.git/refs/remotes/origin/main'
2026-06-15 11:02:15.326 [info] > git rev-parse refs/remotes/origin/main [2ms]
2026-06-15 11:02:15.341 [info] > git for-each-ref --sort -committerdate --format %(refname)%00%(objectname)%00%(*objectname) [3ms]
2026-06-15 11:02:15.913 [info] > git status -z -uall [583ms]
2026-06-15 11:02:20.940 [info] > git config --get commit.template [7ms]
2026-06-15 11:02:20.942 [info] > git for-each-ref --format=%(refname)%00%(upstream:short)%00%(objectname)%00%(upstream:track)%00%(upstream:remotename)%00%(upstream:remoteref) refs/heads/main refs/remotes/main [2ms]
2026-06-15 11:02:20.947 [warning] [Git][revParse] Unable to read file: ENOENT: no such file or directory, open '/home/alunos/.arthuruser001/webdesign.tri2.ativ1/.git/refs/remotes/origin/main'
2026-06-15 11:02:20.948 [info] > git rev-parse refs/remotes/origin/main [1ms]
2026-06-15 11:02:20.965 [info] > git for-each-ref --sort -committerdate --format %(refname)%00%(objectname)%00%(*objectname) [2ms]
2026-06-15 11:02:21.534 [info] > git status -z -uall [581ms]
2026-06-15 11:02:26.560 [info] > git config --get commit.template [7ms]
2026-06-15 11:02:26.561 [info] > git for-each-ref --format=%(refname)%00%(upstream:short)%00%(objectname)%00%(upstream:track)%00%(upstream:remotename)%00%(upstream:remoteref) refs/heads/main refs/remotes/main [1ms]
2026-06-15 11:02:26.567 [warning] [Git][revParse] Unable to read file: ENOENT: no such file or directory, open '/home/alunos/.arthuruser001/webdesign.tri2.ativ1/.git/refs/remotes/origin/main'
2026-06-15 11:02:26.568 [info] > git rev-parse refs/remotes/origin/main [1ms]
2026-06-15 11:02:26.584 [info] > git for-each-ref --sort -committerdate --format %(refname)%00%(objectname)%00%(*objectname) [4ms]
2026-06-15 11:02:27.158 [info] > git status -z -uall [585ms]
2026-06-15 11:02:32.185 [info] > git config --get commit.template [6ms]
2026-06-15 11:02:32.186 [info] > git for-each-ref --format=%(refname)%00%(upstream:short)%00%(objectname)%00%(upstream:track)%00%(upstream:remotename)%00%(upstream:remoteref) refs/heads/main refs/remotes/main [2ms]
2026-06-15 11:02:32.192 [warning] [Git][revParse] Unable to read file: ENOENT: no such file or directory, open '/home/alunos/.arthuruser001/webdesign.tri2.ativ1/.git/refs/remotes/origin/main'
2026-06-15 11:02:32.193 [info] > git rev-parse refs/remotes/origin/main [1ms]
2026-06-15 11:02:32.208 [info] > git for-each-ref --sort -committerdate --format %(refname)%00%(objectname)%00%(*objectname) [3ms]
2026-06-15 11:02:32.781 [info] > git status -z -uall [583ms]
2026-06-15 11:02:37.810 [info] > git config --get commit.template [7ms]
2026-06-15 11:02:37.811 [info] > git for-each-ref --format=%(refname)%00%(upstream:short)%00%(objectname)%00%(upstream:track)%00%(upstream:remotename)%00%(upstream:remoteref) refs/heads/main refs/remotes/main [2ms]
2026-06-15 11:02:37.815 [warning] [Git][revParse] Unable to read file: ENOENT: no such file or directory, open '/home/alunos/.arthuruser001/webdesign.tri2.ativ1/.git/refs/remotes/origin/main'
2026-06-15 11:02:37.817 [info] > git rev-parse refs/remotes/origin/main [2ms]
2026-06-15 11:02:37.831 [info] > git for-each-ref --sort -committerdate --format %(refname)%00%(objectname)%00%(*objectname) [1ms]
2026-06-15 11:02:38.404 [info] > git status -z -uall [582ms]
2026-06-15 11:02:43.429 [info] > git config --get commit.template [6ms]
2026-06-15 11:02:43.430 [info] > git for-each-ref --format=%(refname)%00%(upstream:short)%00%(objectname)%00%(upstream:track)%00%(upstream:remotename)%00%(upstream:remoteref) refs/heads/main refs/remotes/main [2ms]
2026-06-15 11:02:43.435 [warning] [Git][revParse] Unable to read file: ENOENT: no such file or directory, open '/home/alunos/.arthuruser001/webdesign.tri2.ativ1/.git/refs/remotes/origin/main'
2026-06-15 11:02:43.437 [info] > git rev-parse refs/remotes/origin/main [2ms]
2026-06-15 11:02:43.453 [info] > git for-each-ref --sort -committerdate --format %(refname)%00%(objectname)%00%(*objectname) [1ms]
2026-06-15 11:02:44.033 [info] > git status -z -uall [591ms]
2026-06-15 11:02:49.053 [info] > git config --get commit.template [2ms]
2026-06-15 11:02:49.060 [info] > git for-each-ref --format=%(refname)%00%(upstream:short)%00%(objectname)%00%(upstream:track)%00%(upstream:remotename)%00%(upstream:remoteref) refs/heads/main refs/remotes/main [1ms]
2026-06-15 11:02:49.065 [warning] [Git][revParse] Unable to read file: ENOENT: no such file or directory, open '/home/alunos/.arthuruser001/webdesign.tri2.ativ1/.git/refs/remotes/origin/main'
2026-06-15 11:02:49.066 [info] > git rev-parse refs/remotes/origin/main [1ms]
2026-06-15 11:02:49.081 [info] > git for-each-ref --sort -committerdate --format %(refname)%00%(objectname)%00%(*objectname) [3ms]
2026-06-15 11:02:49.655 [info] > git status -z -uall [583ms]
2026-06-15 11:02:54.682 [info] > git config --get commit.template [6ms]
2026-06-15 11:02:54.683 [info] > git for-each-ref --format=%(refname)%00%(upstream:short)%00%(objectname)%00%(upstream:track)%00%(upstream:remotename)%00%(upstream:remoteref) refs/heads/main refs/remotes/main [2ms]
2026-06-15 11:02:54.689 [warning] [Git][revParse] Unable to read file: ENOENT: no such file or directory, open '/home/alunos/.arthuruser001/webdesign.tri2.ativ1/.git/refs/remotes/origin/main'
2026-06-15 11:02:54.691 [info] > git rev-parse refs/remotes/origin/main [2ms]
2026-06-15 11:02:54.704 [info] > git for-each-ref --sort -committerdate --format %(refname)%00%(objectname)%00%(*objectname) [3ms]
2026-06-15 11:02:55.281 [info] > git status -z -uall [586ms]
2026-06-15 11:03:00.308 [info] > git config --get commit.template [6ms]
2026-06-15 11:03:00.310 [info] > git for-each-ref --format=%(refname)%00%(upstream:short)%00%(objectname)%00%(upstream:track)%00%(upstream:remotename)%00%(upstream:remoteref) refs/heads/main refs/remotes/main [2ms]
2026-06-15 11:03:00.314 [warning] [Git][revParse] Unable to read file: ENOENT: no such file or directory, open '/home/alunos/.arthuruser001/webdesign.tri2.ativ1/.git/refs/remotes/origin/main'
2026-06-15 11:03:00.316 [info] > git rev-parse refs/remotes/origin/main [2ms]
2026-06-15 11:03:00.332 [info] > git for-each-ref --sort -committerdate --format %(refname)%00%(objectname)%00%(*objectname) [2ms]
2026-06-15 11:03:00.904 [info] > git status -z -uall [583ms]
2026-06-15 11:03:05.928 [info] > git config --get commit.template [6ms]
2026-06-15 11:03:05.929 [info] > git for-each-ref --format=%(refname)%00%(upstream:short)%00%(objectname)%00%(upstream:track)%00%(upstream:remotename)%00%(upstream:remoteref) refs/heads/main refs/remotes/main [2ms]
2026-06-15 11:03:05.934 [warning] [Git][revParse] Unable to read file: ENOENT: no such file or directory, open '/home/alunos/.arthuruser001/webdesign.tri2.ativ1/.git/refs/remotes/origin/main'
2026-06-15 11:03:05.936 [info] > git rev-parse refs/remotes/origin/main [2ms]
2026-06-15 11:03:05.951 [info] > git for-each-ref --sort -committerdate --format %(refname)%00%(objectname)%00%(*objectname) [2ms]
2026-06-15 11:03:06.522 [info] > git status -z -uall [581ms]
2026-06-15 11:03:11.546 [info] > git config --get commit.template [7ms]
2026-06-15 11:03:11.547 [info] > git for-each-ref --format=%(refname)%00%(upstream:short)%00%(objectname)%00%(upstream:track)%00%(upstream:remotename)%00%(upstream:remoteref) refs/heads/main refs/remotes/main [2ms]
2026-06-15 11:03:11.553 [warning] [Git][revParse] Unable to read file: ENOENT: no such file or directory, open '/home/alunos/.arthuruser001/webdesign.tri2.ativ1/.git/refs/remotes/origin/main'
2026-06-15 11:03:11.554 [info] > git rev-parse refs/remotes/origin/main [1ms]
2026-06-15 11:03:11.569 [info] > git for-each-ref --sort -committerdate --format %(refname)%00%(objectname)%00%(*objectname) [3ms]
2026-06-15 11:03:12.142 [info] > git status -z -uall [583ms]
2026-06-15 11:03:17.170 [info] > git config --get commit.template [7ms]
2026-06-15 11:03:17.172 [info] > git for-each-ref --format=%(refname)%00%(upstream:short)%00%(objectname)%00%(upstream:track)%00%(upstream:remotename)%00%(upstream:remoteref) refs/heads/main refs/remotes/main [2ms]
2026-06-15 11:03:17.177 [warning] [Git][revParse] Unable to read file: ENOENT: no such file or directory, open '/home/alunos/.arthuruser001/webdesign.tri2.ativ1/.git/refs/remotes/origin/main'
2026-06-15 11:03:17.179 [info] > git rev-parse refs/remotes/origin/main [2ms]
2026-06-15 11:03:17.196 [info] > git for-each-ref --sort -committerdate --format %(refname)%00%(objectname)%00%(*objectname) [2ms]
2026-06-15 11:03:17.768 [info] > git status -z -uall [584ms]
2026-06-15 11:03:22.794 [info] > git config --get commit.template [7ms]
2026-06-15 11:03:22.795 [info] > git for-each-ref --format=%(refname)%00%(upstream:short)%00%(objectname)%00%(upstream:track)%00%(upstream:remotename)%00%(upstream:remoteref) refs/heads/main refs/remotes/main [2ms]
2026-06-15 11:03:22.800 [warning] [Git][revParse] Unable to read file: ENOENT: no such file or directory, open '/home/alunos/.arthuruser001/webdesign.tri2.ativ1/.git/refs/remotes/origin/main'
2026-06-15 11:03:22.801 [info] > git rev-parse refs/remotes/origin/main [1ms]
2026-06-15 11:03:22.816 [info] > git for-each-ref --sort -committerdate --format %(refname)%00%(objectname)%00%(*objectname) [2ms]
2026-06-15 11:03:23.388 [info] > git status -z -uall [582ms]
2026-06-15 11:03:28.411 [info] > git config --get commit.template [6ms]
2026-06-15 11:03:28.413 [info] > git for-each-ref --format=%(refname)%00%(upstream:short)%00%(objectname)%00%(upstream:track)%00%(upstream:remotename)%00%(upstream:remoteref) refs/heads/main refs/remotes/main [2ms]
2026-06-15 11:03:28.418 [warning] [Git][revParse] Unable to read file: ENOENT: no such file or directory, open '/home/alunos/.arthuruser001/webdesign.tri2.ativ1/.git/refs/remotes/origin/main'
2026-06-15 11:03:28.419 [info] > git rev-parse refs/remotes/origin/main [1ms]
2026-06-15 11:03:28.435 [info] > git for-each-ref --sort -committerdate --format %(refname)%00%(objectname)%00%(*objectname) [3ms]
2026-06-15 11:03:29.006 [info] > git status -z -uall [582ms]
2026-06-15 11:03:34.034 [info] > git config --get commit.template [6ms]
2026-06-15 11:03:34.035 [info] > git for-each-ref --format=%(refname)%00%(upstream:short)%00%(objectname)%00%(upstream:track)%00%(upstream:remotename)%00%(upstream:remoteref) refs/heads/main refs/remotes/main [2ms]
2026-06-15 11:03:34.040 [warning] [Git][revParse] Unable to read file: ENOENT: no such file or directory, open '/home/alunos/.arthuruser001/webdesign.tri2.ativ1/.git/refs/remotes/origin/main'
2026-06-15 11:03:34.042 [info] > git rev-parse refs/remotes/origin/main [2ms]
2026-06-15 11:03:34.057 [info] > git for-each-ref --sort -committerdate --format %(refname)%00%(objectname)%00%(*objectname) [2ms]
2026-06-15 11:03:34.628 [info] > git status -z -uall [582ms]
2026-06-15 11:03:39.654 [info] > git config --get commit.template [7ms]
2026-06-15 11:03:39.655 [info] > git for-each-ref --format=%(refname)%00%(upstream:short)%00%(objectname)%00%(upstream:track)%00%(upstream:remotename)%00%(upstream:remoteref) refs/heads/main refs/remotes/main [2ms]
2026-06-15 11:03:39.660 [warning] [Git][revParse] Unable to read file: ENOENT: no such file or directory, open '/home/alunos/.arthuruser001/webdesign.tri2.ativ1/.git/refs/remotes/origin/main'
2026-06-15 11:03:39.662 [info] > git rev-parse refs/remotes/origin/main [2ms]
2026-06-15 11:03:39.674 [info] > git for-each-ref --sort -committerdate --format %(refname)%00%(objectname)%00%(*objectname) [0ms]
2026-06-15 11:03:40.249 [info] > git status -z -uall [583ms]
2026-06-15 11:03:45.277 [info] > git config --get commit.template [7ms]
2026-06-15 11:03:45.278 [info] > git for-each-ref --format=%(refname)%00%(upstream:short)%00%(objectname)%00%(upstream:track)%00%(upstream:remotename)%00%(upstream:remoteref) refs/heads/main refs/remotes/main [2ms]
2026-06-15 11:03:45.284 [warning] [Git][revParse] Unable to read file: ENOENT: no such file or directory, open '/home/alunos/.arthuruser001/webdesign.tri2.ativ1/.git/refs/remotes/origin/main'
2026-06-15 11:03:45.285 [info] > git rev-parse refs/remotes/origin/main [1ms]
2026-06-15 11:03:45.299 [info] > git for-each-ref --sort -committerdate --format %(refname)%00%(objectname)%00%(*objectname) [1ms]
2026-06-15 11:03:45.875 [info] > git status -z -uall [585ms]
2026-06-15 11:03:50.903 [info] > git config --get commit.template [7ms]
2026-06-15 11:03:50.904 [info] > git for-each-ref --format=%(refname)%00%(upstream:short)%00%(objectname)%00%(upstream:track)%00%(upstream:remotename)%00%(upstream:remoteref) refs/heads/main refs/remotes/main [2ms]
2026-06-15 11:03:50.912 [warning] [Git][revParse] Unable to read file: ENOENT: no such file or directory, open '/home/alunos/.arthuruser001/webdesign.tri2.ativ1/.git/refs/remotes/origin/main'
2026-06-15 11:03:50.914 [info] > git rev-parse refs/remotes/origin/main [2ms]
2026-06-15 11:03:50.928 [info] > git for-each-ref --sort -committerdate --format %(refname)%00%(objectname)%00%(*objectname) [1ms]
2026-06-15 11:03:51.505 [info] > git status -z -uall [586ms]
2026-06-15 11:03:56.536 [info] > git config --get commit.template [7ms]
2026-06-15 11:03:56.538 [info] > git for-each-ref --format=%(refname)%00%(upstream:short)%00%(objectname)%00%(upstream:track)%00%(upstream:remotename)%00%(upstream:remoteref) refs/heads/main refs/remotes/main [3ms]
2026-06-15 11:03:56.543 [warning] [Git][revParse] Unable to read file: ENOENT: no such file or directory, open '/home/alunos/.arthuruser001/webdesign.tri2.ativ1/.git/refs/remotes/origin/main'
2026-06-15 11:03:56.544 [info] > git rev-parse refs/remotes/origin/main [1ms]
2026-06-15 11:03:56.564 [info] > git for-each-ref --sort -committerdate --format %(refname)%00%(objectname)%00%(*objectname) [2ms]
2026-06-15 11:03:57.151 [info] > git status -z -uall [601ms]
2026-06-15 11:04:02.176 [info] > git config --get commit.template [7ms]
2026-06-15 11:04:02.177 [info] > git for-each-ref --format=%(refname)%00%(upstream:short)%00%(objectname)%00%(upstream:track)%00%(upstream:remotename)%00%(upstream:remoteref) refs/heads/main refs/remotes/main [2ms]
2026-06-15 11:04:02.182 [warning] [Git][revParse] Unable to read file: ENOENT: no such file or directory, open '/home/alunos/.arthuruser001/webdesign.tri2.ativ1/.git/refs/remotes/origin/main'
2026-06-15 11:04:02.183 [info] > git rev-parse refs/remotes/origin/main [1ms]
2026-06-15 11:04:02.197 [info] > git for-each-ref --sort -committerdate --format %(refname)%00%(objectname)%00%(*objectname) [1ms]
2026-06-15 11:04:02.782 [info] > git status -z -uall [594ms]
2026-06-15 11:04:07.810 [info] > git config --get commit.template [7ms]
2026-06-15 11:04:07.811 [info] > git for-each-ref --format=%(refname)%00%(upstream:short)%00%(objectname)%00%(upstream:track)%00%(upstream:remotename)%00%(upstream:remoteref) refs/heads/main refs/remotes/main [2ms]
2026-06-15 11:04:07.819 [warning] [Git][revParse] Unable to read file: ENOENT: no such file or directory, open '/home/alunos/.arthuruser001/webdesign.tri2.ativ1/.git/refs/remotes/origin/main'
2026-06-15 11:04:07.821 [info] > git rev-parse refs/remotes/origin/main [2ms]
2026-06-15 11:04:07.836 [info] > git for-each-ref --sort -committerdate --format %(refname)%00%(objectname)%00%(*objectname) [1ms]
2026-06-15 11:04:08.428 [info] > git status -z -uall [602ms]
2026-06-15 11:04:13.454 [info] > git config --get commit.template [7ms]
2026-06-15 11:04:13.455 [info] > git for-each-ref --format=%(refname)%00%(upstream:short)%00%(objectname)%00%(upstream:track)%00%(upstream:remotename)%00%(upstream:remoteref) refs/heads/main refs/remotes/main [2ms]
2026-06-15 11:04:13.460 [warning] [Git][revParse] Unable to read file: ENOENT: no such file or directory, open '/home/alunos/.arthuruser001/webdesign.tri2.ativ1/.git/refs/remotes/origin/main'
2026-06-15 11:04:13.462 [info] > git rev-parse refs/remotes/origin/main [2ms]
2026-06-15 11:04:13.478 [info] > git for-each-ref --sort -committerdate --format %(refname)%00%(objectname)%00%(*objectname) [2ms]
2026-06-15 11:04:14.051 [info] > git status -z -uall [584ms]
2026-06-15 11:04:19.076 [info] > git config --get commit.template [6ms]
2026-06-15 11:04:19.077 [info] > git for-each-ref --format=%(refname)%00%(upstream:short)%00%(objectname)%00%(upstream:track)%00%(upstream:remotename)%00%(upstream:remoteref) refs/heads/main refs/remotes/main [1ms]
2026-06-15 11:04:19.082 [warning] [Git][revParse] Unable to read file: ENOENT: no such file or directory, open '/home/alunos/.arthuruser001/webdesign.tri2.ativ1/.git/refs/remotes/origin/main'
2026-06-15 11:04:19.084 [info] > git rev-parse refs/remotes/origin/main [2ms]
2026-06-15 11:04:19.097 [info] > git for-each-ref --sort -committerdate --format %(refname)%00%(objectname)%00%(*objectname) [1ms]
2026-06-15 11:04:19.672 [info] > git status -z -uall [583ms]
2026-06-15 11:04:24.703 [info] > git config --get commit.template [7ms]
2026-06-15 11:04:24.704 [info] > git for-each-ref --format=%(refname)%00%(upstream:short)%00%(objectname)%00%(upstream:track)%00%(upstream:remotename)%00%(upstream:remoteref) refs/heads/main refs/remotes/main [2ms]
2026-06-15 11:04:24.709 [warning] [Git][revParse] Unable to read file: ENOENT: no such file or directory, open '/home/alunos/.arthuruser001/webdesign.tri2.ativ1/.git/refs/remotes/origin/main'
2026-06-15 11:04:24.711 [info] > git rev-parse refs/remotes/origin/main [2ms]
2026-06-15 11:04:24.725 [info] > git for-each-ref --sort -committerdate --format %(refname)%00%(objectname)%00%(*objectname) [2ms]
2026-06-15 11:04:25.337 [info] > git status -z -uall [622ms]
2026-06-15 11:04:30.364 [info] > git config --get commit.template [8ms]
2026-06-15 11:04:30.365 [info] > git for-each-ref --format=%(refname)%00%(upstream:short)%00%(objectname)%00%(upstream:track)%00%(upstream:remotename)%00%(upstream:remoteref) refs/heads/main refs/remotes/main [2ms]
2026-06-15 11:04:30.372 [warning] [Git][revParse] Unable to read file: ENOENT: no such file or directory, open '/home/alunos/.arthuruser001/webdesign.tri2.ativ1/.git/refs/remotes/origin/main'
2026-06-15 11:04:30.373 [info] > git rev-parse refs/remotes/origin/main [1ms]
2026-06-15 11:04:30.392 [info] > git for-each-ref --sort -committerdate --format %(refname)%00%(objectname)%00%(*objectname) [3ms]
2026-06-15 11:04:31.022 [info] > git status -z -uall [643ms]
2026-06-15 11:04:36.045 [info] > git config --get commit.template [6ms]
2026-06-15 11:04:36.046 [info] > git for-each-ref --format=%(refname)%00%(upstream:short)%00%(objectname)%00%(upstream:track)%00%(upstream:remotename)%00%(upstream:remoteref) refs/heads/main refs/remotes/main [2ms]
2026-06-15 11:04:36.054 [warning] [Git][revParse] Unable to read file: ENOENT: no such file or directory, open '/home/alunos/.arthuruser001/webdesign.tri2.ativ1/.git/refs/remotes/origin/main'
2026-06-15 11:04:36.055 [info] > git rev-parse refs/remotes/origin/main [1ms]
2026-06-15 11:04:36.069 [info] > git for-each-ref --sort -committerdate --format %(refname)%00%(objectname)%00%(*objectname) [3ms]
2026-06-15 11:04:36.678 [info] > git status -z -uall [618ms]
2026-06-15 11:04:41.702 [info] > git config --get commit.template [7ms]
2026-06-15 11:04:41.703 [info] > git for-each-ref --format=%(refname)%00%(upstream:short)%00%(objectname)%00%(upstream:track)%00%(upstream:remotename)%00%(upstream:remoteref) refs/heads/main refs/remotes/main [2ms]
2026-06-15 11:04:41.711 [warning] [Git][revParse] Unable to read file: ENOENT: no such file or directory, open '/home/alunos/.arthuruser001/webdesign.tri2.ativ1/.git/refs/remotes/origin/main'
2026-06-15 11:04:41.712 [info] > git rev-parse refs/remotes/origin/main [1ms]
2026-06-15 11:04:41.728 [info] > git for-each-ref --sort -committerdate --format %(refname)%00%(objectname)%00%(*objectname) [3ms]
2026-06-15 11:04:42.325 [info] > git status -z -uall [607ms]
2026-06-15 11:04:47.349 [info] > git config --get commit.template [6ms]
2026-06-15 11:04:47.351 [info] > git for-each-ref --format=%(refname)%00%(upstream:short)%00%(objectname)%00%(upstream:track)%00%(upstream:remotename)%00%(upstream:remoteref) refs/heads/main refs/remotes/main [2ms]
2026-06-15 11:04:47.356 [warning] [Git][revParse] Unable to read file: ENOENT: no such file or directory, open '/home/alunos/.arthuruser001/webdesign.tri2.ativ1/.git/refs/remotes/origin/main'
2026-06-15 11:04:47.357 [info] > git rev-parse refs/remotes/origin/main [1ms]
2026-06-15 11:04:47.372 [info] > git for-each-ref --sort -committerdate --format %(refname)%00%(objectname)%00%(*objectname) [1ms]
2026-06-15 11:04:47.981 [info] > git status -z -uall [619ms]
2026-06-15 11:04:53.011 [info] > git config --get commit.template [9ms]
2026-06-15 11:04:53.013 [info] > git for-each-ref --format=%(refname)%00%(upstream:short)%00%(objectname)%00%(upstream:track)%00%(upstream:remotename)%00%(upstream:remoteref) refs/heads/main refs/remotes/main [3ms]
2026-06-15 11:04:53.020 [warning] [Git][revParse] Unable to read file: ENOENT: no such file or directory, open '/home/alunos/.arthuruser001/webdesign.tri2.ativ1/.git/refs/remotes/origin/main'
2026-06-15 11:04:53.021 [info] > git rev-parse refs/remotes/origin/main [1ms]
2026-06-15 11:04:53.039 [info] > git for-each-ref --sort -committerdate --format %(refname)%00%(objectname)%00%(*objectname) [0ms]
2026-06-15 11:04:53.686 [info] > git status -z -uall [658ms]
2026-06-15 11:04:58.712 [info] > git config --get commit.template [7ms]
2026-06-15 11:04:58.714 [info] > git for-each-ref --format=%(refname)%00%(upstream:short)%00%(objectname)%00%(upstream:track)%00%(upstream:remotename)%00%(upstream:remoteref) refs/heads/main refs/remotes/main [3ms]
2026-06-15 11:04:58.719 [warning] [Git][revParse] Unable to read file: ENOENT: no such file or directory, open '/home/alunos/.arthuruser001/webdesign.tri2.ativ1/.git/refs/remotes/origin/main'
2026-06-15 11:04:58.720 [info] > git rev-parse refs/remotes/origin/main [1ms]
2026-06-15 11:04:58.739 [info] > git for-each-ref --sort -committerdate --format %(refname)%00%(objectname)%00%(*objectname) [4ms]
2026-06-15 11:04:59.398 [info] > git status -z -uall [672ms]
2026-06-15 11:05:00.951 [info] > git check-ignore -v -z --stdin [16ms]
2026-06-15 11:05:01.050 [info] > git show --textconv :main.css [24ms]
2026-06-15 11:05:01.053 [info] > git ls-files --stage -- main.css [7ms]
2026-06-15 11:05:01.070 [info] > git cat-file -s 785b4326cfac6b460098f8001121431ec92a58e4 [3ms]
2026-06-15 11:05:03.450 [info] > git check-ignore -v -z --stdin [6ms]
2026-06-15 11:05:03.477 [info] > git show --textconv :index.html [10ms]
2026-06-15 11:05:03.482 [info] > git ls-files --stage -- index.html [6ms]
2026-06-15 11:05:03.492 [info] > git cat-file -s 5284b817a6b2f8b751157486a70e2e8c7e2c5f53 [2ms]
2026-06-15 11:05:03.510 [info] > git blame --root --incremental 34da9ab9f2006d571dd0f0d8bda6d377260e66fa -- index.html [3ms]
2026-06-15 11:05:04.426 [info] > git config --get commit.template [8ms]
2026-06-15 11:05:04.427 [info] > git for-each-ref --format=%(refname)%00%(upstream:short)%00%(objectname)%00%(upstream:track)%00%(upstream:remotename)%00%(upstream:remoteref) refs/heads/main refs/remotes/main [2ms]
2026-06-15 11:05:04.434 [warning] [Git][revParse] Unable to read file: ENOENT: no such file or directory, open '/home/alunos/.arthuruser001/webdesign.tri2.ativ1/.git/refs/remotes/origin/main'
2026-06-15 11:05:04.435 [info] > git rev-parse refs/remotes/origin/main [1ms]
2026-06-15 11:05:04.454 [info] > git for-each-ref --sort -committerdate --format %(refname)%00%(objectname)%00%(*objectname) [2ms]
2026-06-15 11:05:05.047 [info] > git status -z -uall [606ms]
2026-06-15 11:05:05.516 [info] > git check-ignore -v -z --stdin [3ms]
2026-06-15 11:05:05.543 [info] > git show --textconv :main.css [10ms]
2026-06-15 11:05:05.546 [info] > git ls-files --stage -- main.css [3ms]
2026-06-15 11:05:05.556 [info] > git cat-file -s 785b4326cfac6b460098f8001121431ec92a58e4 [2ms]
2026-06-15 11:05:09.113 [info] > git check-ignore -v -z --stdin [6ms]
2026-06-15 11:05:09.136 [info] > git show --textconv :index.html [15ms]
2026-06-15 11:05:09.141 [info] > git ls-files --stage -- index.html [12ms]
2026-06-15 11:05:09.151 [info] > git cat-file -s 5284b817a6b2f8b751157486a70e2e8c7e2c5f53 [4ms]
2026-06-15 11:05:10.000 [info] > git check-ignore -v -z --stdin [4ms]
2026-06-15 11:05:10.018 [info] > git show --textconv :main.css [8ms]
2026-06-15 11:05:10.022 [info] > git ls-files --stage -- main.css [3ms]
2026-06-15 11:05:10.030 [info] > git cat-file -s 785b4326cfac6b460098f8001121431ec92a58e4 [2ms]
2026-06-15 11:05:10.076 [info] > git config --get commit.template [8ms]
2026-06-15 11:05:10.077 [info] > git for-each-ref --format=%(refname)%00%(upstream:short)%00%(objectname)%00%(upstream:track)%00%(upstream:remotename)%00%(upstream:remoteref) refs/heads/main refs/remotes/main [2ms]
2026-06-15 11:05:10.085 [warning] [Git][revParse] Unable to read file: ENOENT: no such file or directory, open '/home/alunos/.arthuruser001/webdesign.tri2.ativ1/.git/refs/remotes/origin/main'
2026-06-15 11:05:10.086 [info] > git rev-parse refs/remotes/origin/main [1ms]
2026-06-15 11:05:10.106 [info] > git for-each-ref --sort -committerdate --format %(refname)%00%(objectname)%00%(*objectname) [3ms]
2026-06-15 11:05:10.751 [info] > git status -z -uall [658ms]
2026-06-15 11:05:11.180 [info] > git check-ignore -v -z --stdin [3ms]
2026-06-15 11:05:13.052 [info] > git check-ignore -v -z --stdin [5ms]
2026-06-15 11:05:13.092 [info] > git show --textconv :index.html [19ms]
2026-06-15 11:05:13.096 [info] > git ls-files --stage -- index.html [5ms]
2026-06-15 11:05:13.117 [info] > git cat-file -s 5284b817a6b2f8b751157486a70e2e8c7e2c5f53 [5ms]
2026-06-15 11:05:15.779 [info] > git config --get commit.template [2ms]
2026-06-15 11:05:15.790 [info] > git for-each-ref --format=%(refname)%00%(upstream:short)%00%(objectname)%00%(upstream:track)%00%(upstream:remotename)%00%(upstream:remoteref) refs/heads/main refs/remotes/main [4ms]
2026-06-15 11:05:15.798 [warning] [Git][revParse] Unable to read file: ENOENT: no such file or directory, open '/home/alunos/.arthuruser001/webdesign.tri2.ativ1/.git/refs/remotes/origin/main'
2026-06-15 11:05:15.799 [info] > git rev-parse refs/remotes/origin/main [1ms]
2026-06-15 11:05:15.822 [info] > git for-each-ref --sort -committerdate --format %(refname)%00%(objectname)%00%(*objectname) [5ms]
2026-06-15 11:05:16.074 [info] > git check-ignore -v -z --stdin [8ms]
2026-06-15 11:05:16.134 [info] > git show --textconv :index.html [22ms]
2026-06-15 11:05:16.147 [info] > git ls-files --stage -- index.html [13ms]
2026-06-15 11:05:16.161 [info] > git cat-file -s 5284b817a6b2f8b751157486a70e2e8c7e2c5f53 [7ms]
2026-06-15 11:05:16.494 [info] > git status -z -uall [687ms]
2026-06-15 11:05:16.934 [info] > git check-ignore -v -z --stdin [3ms]
2026-06-15 11:05:21.523 [info] > git config --get commit.template [7ms]
2026-06-15 11:05:21.525 [info] > git for-each-ref --format=%(refname)%00%(upstream:short)%00%(objectname)%00%(upstream:track)%00%(upstream:remotename)%00%(upstream:remoteref) refs/heads/main refs/remotes/main [2ms]
2026-06-15 11:05:21.531 [warning] [Git][revParse] Unable to read file: ENOENT: no such file or directory, open '/home/alunos/.arthuruser001/webdesign.tri2.ativ1/.git/refs/remotes/origin/main'
2026-06-15 11:05:21.532 [info] > git rev-parse refs/remotes/origin/main [1ms]
2026-06-15 11:05:21.546 [info] > git for-each-ref --sort -committerdate --format %(refname)%00%(objectname)%00%(*objectname) [2ms]
2026-06-15 11:05:22.183 [info] > git status -z -uall [646ms]
2026-06-15 11:05:22.624 [info] > git check-ignore -v -z --stdin [3ms]
2026-06-15 11:05:24.913 [info] > git check-ignore -v -z --stdin [4ms]
2026-06-15 11:05:24.935 [info] > git show --textconv :main.css [9ms]
2026-06-15 11:05:24.938 [info] > git ls-files --stage -- main.css [4ms]
2026-06-15 11:05:24.945 [info] > git cat-file -s 785b4326cfac6b460098f8001121431ec92a58e4 [2ms]
2026-06-15 11:05:26.686 [info] > git blame --root --incremental 34da9ab9f2006d571dd0f0d8bda6d377260e66fa -- main.css [3ms]
2026-06-15 11:05:27.207 [info] > git config --get commit.template [7ms]
2026-06-15 11:05:27.208 [info] > git for-each-ref --format=%(refname)%00%(upstream:short)%00%(objectname)%00%(upstream:track)%00%(upstream:remotename)%00%(upstream:remoteref) refs/heads/main refs/remotes/main [2ms]
2026-06-15 11:05:27.214 [warning] [Git][revParse] Unable to read file: ENOENT: no such file or directory, open '/home/alunos/.arthuruser001/webdesign.tri2.ativ1/.git/refs/remotes/origin/main'
2026-06-15 11:05:27.216 [info] > git rev-parse refs/remotes/origin/main [2ms]
2026-06-15 11:05:27.231 [info] > git for-each-ref --sort -committerdate --format %(refname)%00%(objectname)%00%(*objectname) [2ms]
2026-06-15 11:05:27.836 [info] > git status -z -uall [615ms]
2026-06-15 11:05:28.254 [info] > git check-ignore -v -z --stdin [3ms]
2026-06-15 11:05:29.217 [info] > git check-ignore -v -z --stdin [3ms]
2026-06-15 11:05:31.286 [info] > git check-ignore -v -z --stdin [6ms]
2026-06-15 11:05:31.302 [info] > git show --textconv :index.html [8ms]
2026-06-15 11:05:31.306 [info] > git ls-files --stage -- index.html [4ms]
2026-06-15 11:05:31.316 [info] > git cat-file -s 5284b817a6b2f8b751157486a70e2e8c7e2c5f53 [2ms]
2026-06-15 11:05:32.861 [info] > git config --get commit.template [8ms]
2026-06-15 11:05:32.863 [info] > git for-each-ref --format=%(refname)%00%(upstream:short)%00%(objectname)%00%(upstream:track)%00%(upstream:remotename)%00%(upstream:remoteref) refs/heads/main refs/remotes/main [3ms]
2026-06-15 11:05:32.870 [warning] [Git][revParse] Unable to read file: ENOENT: no such file or directory, open '/home/alunos/.arthuruser001/webdesign.tri2.ativ1/.git/refs/remotes/origin/main'
2026-06-15 11:05:32.872 [info] > git rev-parse refs/remotes/origin/main [2ms]
2026-06-15 11:05:32.888 [info] > git for-each-ref --sort -committerdate --format %(refname)%00%(objectname)%00%(*objectname) [2ms]
2026-06-15 11:05:33.535 [info] > git status -z -uall [656ms]
2026-06-15 11:05:33.972 [info] > git check-ignore -v -z --stdin [3ms]
2026-06-15 11:05:38.568 [info] > git config --get commit.template [7ms]
2026-06-15 11:05:38.569 [info] > git for-each-ref --format=%(refname)%00%(upstream:short)%00%(objectname)%00%(upstream:track)%00%(upstream:remotename)%00%(upstream:remoteref) refs/heads/main refs/remotes/main [2ms]
2026-06-15 11:05:38.574 [warning] [Git][revParse] Unable to read file: ENOENT: no such file or directory, open '/home/alunos/.arthuruser001/webdesign.tri2.ativ1/.git/refs/remotes/origin/main'
2026-06-15 11:05:38.575 [info] > git rev-parse refs/remotes/origin/main [1ms]
2026-06-15 11:05:38.593 [info] > git for-each-ref --sort -committerdate --format %(refname)%00%(objectname)%00%(*objectname) [3ms]
2026-06-15 11:05:39.198 [info] > git status -z -uall [617ms]
2026-06-15 11:05:39.629 [info] > git check-ignore -v -z --stdin [3ms]
2026-06-15 11:05:40.635 [info] > git check-ignore -v -z --stdin [4ms]
2026-06-15 11:05:41.896 [info] > git check-ignore -v -z --stdin [4ms]
2026-06-15 11:05:44.225 [info] > git config --get commit.template [8ms]
2026-06-15 11:05:44.226 [info] > git for-each-ref --format=%(refname)%00%(upstream:short)%00%(objectname)%00%(upstream:track)%00%(upstream:remotename)%00%(upstream:remoteref) refs/heads/main refs/remotes/main [2ms]
2026-06-15 11:05:44.233 [warning] [Git][revParse] Unable to read file: ENOENT: no such file or directory, open '/home/alunos/.arthuruser001/webdesign.tri2.ativ1/.git/refs/remotes/origin/main'
2026-06-15 11:05:44.235 [info] > git rev-parse refs/remotes/origin/main [1ms]
2026-06-15 11:05:44.253 [info] > git for-each-ref --sort -committerdate --format %(refname)%00%(objectname)%00%(*objectname) [2ms]
2026-06-15 11:05:44.876 [info] > git status -z -uall [636ms]
2026-06-15 11:05:49.903 [info] > git config --get commit.template [8ms]
2026-06-15 11:05:49.904 [info] > git for-each-ref --format=%(refname)%00%(upstream:short)%00%(objectname)%00%(upstream:track)%00%(upstream:remotename)%00%(upstream:remoteref) refs/heads/main refs/remotes/main [2ms]
2026-06-15 11:05:49.913 [warning] [Git][revParse] Unable to read file: ENOENT: no such file or directory, open '/home/alunos/.arthuruser001/webdesign.tri2.ativ1/.git/refs/remotes/origin/main'
2026-06-15 11:05:49.915 [info] > git rev-parse refs/remotes/origin/main [2ms]
2026-06-15 11:05:49.937 [info] > git for-each-ref --sort -committerdate --format %(refname)%00%(objectname)%00%(*objectname) [2ms]
2026-06-15 11:05:50.539 [info] > git status -z -uall [616ms]
2026-06-15 11:05:55.564 [info] > git config --get commit.template [7ms]
2026-06-15 11:05:55.565 [info] > git for-each-ref --format=%(refname)%00%(upstream:short)%00%(objectname)%00%(upstream:track)%00%(upstream:remotename)%00%(upstream:remoteref) refs/heads/main refs/remotes/main [2ms]
2026-06-15 11:05:55.570 [warning] [Git][revParse] Unable to read file: ENOENT: no such file or directory, open '/home/alunos/.arthuruser001/webdesign.tri2.ativ1/.git/refs/remotes/origin/main'
2026-06-15 11:05:55.572 [info] > git rev-parse refs/remotes/origin/main [2ms]
2026-06-15 11:05:55.587 [info] > git for-each-ref --sort -committerdate --format %(refname)%00%(objectname)%00%(*objectname) [2ms]
2026-06-15 11:05:56.192 [info] > git status -z -uall [616ms]
2026-06-15 11:06:01.219 [info] > git config --get commit.template [7ms]
2026-06-15 11:06:01.220 [info] > git for-each-ref --format=%(refname)%00%(upstream:short)%00%(objectname)%00%(upstream:track)%00%(upstream:remotename)%00%(upstream:remoteref) refs/heads/main refs/remotes/main [1ms]
2026-06-15 11:06:01.226 [warning] [Git][revParse] Unable to read file: ENOENT: no such file or directory, open '/home/alunos/.arthuruser001/webdesign.tri2.ativ1/.git/refs/remotes/origin/main'
2026-06-15 11:06:01.227 [info] > git rev-parse refs/remotes/origin/main [1ms]
2026-06-15 11:06:01.244 [info] > git for-each-ref --sort -committerdate --format %(refname)%00%(objectname)%00%(*objectname) [2ms]
2026-06-15 11:06:01.858 [info] > git status -z -uall [624ms]
2026-06-15 11:06:06.314 [info] > git check-ignore -v -z --stdin [8ms]
2026-06-15 11:06:06.355 [info] > git show --textconv :main.css [14ms]
2026-06-15 11:06:06.362 [info] > git ls-files --stage -- main.css [8ms]
2026-06-15 11:06:06.376 [info] > git cat-file -s 785b4326cfac6b460098f8001121431ec92a58e4 [6ms]
2026-06-15 11:06:06.900 [info] > git config --get commit.template [16ms]
2026-06-15 11:06:06.901 [info] > git for-each-ref --format=%(refname)%00%(upstream:short)%00%(objectname)%00%(upstream:track)%00%(upstream:remotename)%00%(upstream:remoteref) refs/heads/main refs/remotes/main [8ms]
2026-06-15 11:06:06.914 [warning] [Git][revParse] Unable to read file: ENOENT: no such file or directory, open '/home/alunos/.arthuruser001/webdesign.tri2.ativ1/.git/refs/remotes/origin/main'
2026-06-15 11:06:06.915 [info] > git rev-parse refs/remotes/origin/main [1ms]
2026-06-15 11:06:06.949 [info] > git for-each-ref --sort -committerdate --format %(refname)%00%(objectname)%00%(*objectname) [2ms]
2026-06-15 11:06:07.372 [info] > git check-ignore -v -z --stdin [4ms]
2026-06-15 11:06:07.392 [info] > git show --textconv :index.html [9ms]
2026-06-15 11:06:07.398 [info] > git ls-files --stage -- index.html [6ms]
2026-06-15 11:06:07.407 [info] > git cat-file -s 5284b817a6b2f8b751157486a70e2e8c7e2c5f53 [3ms]
2026-06-15 11:06:07.650 [info] > git status -z -uall [725ms]
2026-06-15 11:06:08.093 [info] > git check-ignore -v -z --stdin [5ms]
2026-06-15 11:06:12.675 [info] > git config --get commit.template [7ms]
2026-06-15 11:06:12.676 [info] > git for-each-ref --format=%(refname)%00%(upstream:short)%00%(objectname)%00%(upstream:track)%00%(upstream:remotename)%00%(upstream:remoteref) refs/heads/main refs/remotes/main [2ms]
2026-06-15 11:06:12.682 [warning] [Git][revParse] Unable to read file: ENOENT: no such file or directory, open '/home/alunos/.arthuruser001/webdesign.tri2.ativ1/.git/refs/remotes/origin/main'
2026-06-15 11:06:12.683 [info] > git rev-parse refs/remotes/origin/main [1ms]
2026-06-15 11:06:12.700 [info] > git for-each-ref --sort -committerdate --format %(refname)%00%(objectname)%00%(*objectname) [2ms]
2026-06-15 11:06:13.308 [info] > git status -z -uall [620ms]
2026-06-15 11:06:18.341 [info] > git config --get commit.template [9ms]
2026-06-15 11:06:18.342 [info] > git for-each-ref --format=%(refname)%00%(upstream:short)%00%(objectname)%00%(upstream:track)%00%(upstream:remotename)%00%(upstream:remoteref) refs/heads/main refs/remotes/main [2ms]
2026-06-15 11:06:18.348 [warning] [Git][revParse] Unable to read file: ENOENT: no such file or directory, open '/home/alunos/.arthuruser001/webdesign.tri2.ativ1/.git/refs/remotes/origin/main'
2026-06-15 11:06:18.350 [info] > git rev-parse refs/remotes/origin/main [2ms]
2026-06-15 11:06:18.365 [info] > git for-each-ref --sort -committerdate --format %(refname)%00%(objectname)%00%(*objectname) [2ms]
2026-06-15 11:06:18.970 [info] > git status -z -uall [613ms]
2026-06-15 11:06:21.783 [info] > git check-ignore -v -z --stdin [9ms]
2026-06-15 11:06:21.804 [info] > git show --textconv :index.html [8ms]
2026-06-15 11:06:21.811 [info] > git ls-files --stage -- index.html [7ms]
2026-06-15 11:06:21.829 [info] > git cat-file -s 5284b817a6b2f8b751157486a70e2e8c7e2c5f53 [3ms]
2026-06-15 11:06:23.994 [info] > git config --get commit.template [8ms]
2026-06-15 11:06:23.996 [info] > git for-each-ref --format=%(refname)%00%(upstream:short)%00%(objectname)%00%(upstream:track)%00%(upstream:remotename)%00%(upstream:remoteref) refs/heads/main refs/remotes/main [3ms]
2026-06-15 11:06:24.002 [warning] [Git][revParse] Unable to read file: ENOENT: no such file or directory, open '/home/alunos/.arthuruser001/webdesign.tri2.ativ1/.git/refs/remotes/origin/main'
2026-06-15 11:06:24.003 [info] > git rev-parse refs/remotes/origin/main [1ms]
2026-06-15 11:06:24.024 [info] > git for-each-ref --sort -committerdate --format %(refname)%00%(objectname)%00%(*objectname) [4ms]
2026-06-15 11:06:24.683 [info] > git status -z -uall [673ms]
2026-06-15 11:06:29.709 [info] > git config --get commit.template [8ms]
2026-06-15 11:06:29.710 [info] > git for-each-ref --format=%(refname)%00%(upstream:short)%00%(objectname)%00%(upstream:track)%00%(upstream:remotename)%00%(upstream:remoteref) refs/heads/main refs/remotes/main [2ms]
2026-06-15 11:06:29.716 [warning] [Git][revParse] Unable to read file: ENOENT: no such file or directory, open '/home/alunos/.arthuruser001/webdesign.tri2.ativ1/.git/refs/remotes/origin/main'
2026-06-15 11:06:29.717 [info] > git rev-parse refs/remotes/origin/main [1ms]
2026-06-15 11:06:29.734 [info] > git for-each-ref --sort -committerdate --format %(refname)%00%(objectname)%00%(*objectname) [2ms]
2026-06-15 11:06:30.363 [info] > git status -z -uall [640ms]
2026-06-15 11:06:35.392 [info] > git config --get commit.template [7ms]
2026-06-15 11:06:35.393 [info] > git for-each-ref --format=%(refname)%00%(upstream:short)%00%(objectname)%00%(upstream:track)%00%(upstream:remotename)%00%(upstream:remoteref) refs/heads/main refs/remotes/main [2ms]
2026-06-15 11:06:35.400 [warning] [Git][revParse] Unable to read file: ENOENT: no such file or directory, open '/home/alunos/.arthuruser001/webdesign.tri2.ativ1/.git/refs/remotes/origin/main'
2026-06-15 11:06:35.402 [info] > git rev-parse refs/remotes/origin/main [2ms]
2026-06-15 11:06:35.419 [info] > git for-each-ref --sort -committerdate --format %(refname)%00%(objectname)%00%(*objectname) [3ms]
2026-06-15 11:06:36.078 [info] > git status -z -uall [670ms]
2026-06-15 11:07:09.027 [info] > git config --get commit.template [8ms]
2026-06-15 11:07:09.029 [info] > git for-each-ref --format=%(refname)%00%(upstream:short)%00%(objectname)%00%(upstream:track)%00%(upstream:remotename)%00%(upstream:remoteref) refs/heads/main refs/remotes/main [3ms]
2026-06-15 11:07:09.034 [warning] [Git][revParse] Unable to read file: ENOENT: no such file or directory, open '/home/alunos/.arthuruser001/webdesign.tri2.ativ1/.git/refs/remotes/origin/main'
2026-06-15 11:07:09.036 [info] > git rev-parse refs/remotes/origin/main [1ms]
2026-06-15 11:07:09.054 [info] > git for-each-ref --sort -committerdate --format %(refname)%00%(objectname)%00%(*objectname) [1ms]
2026-06-15 11:07:09.691 [info] > git status -z -uall [648ms]
2026-06-15 11:07:14.720 [info] > git config --get commit.template [6ms]
2026-06-15 11:07:14.722 [info] > git for-each-ref --format=%(refname)%00%(upstream:short)%00%(objectname)%00%(upstream:track)%00%(upstream:remotename)%00%(upstream:remoteref) refs/heads/main refs/remotes/main [2ms]
2026-06-15 11:07:14.729 [warning] [Git][revParse] Unable to read file: ENOENT: no such file or directory, open '/home/alunos/.arthuruser001/webdesign.tri2.ativ1/.git/refs/remotes/origin/main'
2026-06-15 11:07:14.731 [info] > git rev-parse refs/remotes/origin/main [2ms]
2026-06-15 11:07:14.747 [info] > git for-each-ref --sort -committerdate --format %(refname)%00%(objectname)%00%(*objectname) [2ms]
2026-06-15 11:07:15.346 [info] > git status -z -uall [610ms]
2026-06-15 11:07:20.374 [info] > git config --get commit.template [7ms]
2026-06-15 11:07:20.375 [info] > git for-each-ref --format=%(refname)%00%(upstream:short)%00%(objectname)%00%(upstream:track)%00%(upstream:remotename)%00%(upstream:remoteref) refs/heads/main refs/remotes/main [2ms]
2026-06-15 11:07:20.382 [warning] [Git][revParse] Unable to read file: ENOENT: no such file or directory, open '/home/alunos/.arthuruser001/webdesign.tri2.ativ1/.git/refs/remotes/origin/main'
2026-06-15 11:07:20.383 [info] > git rev-parse refs/remotes/origin/main [2ms]
2026-06-15 11:07:20.399 [info] > git for-each-ref --sort -committerdate --format %(refname)%00%(objectname)%00%(*objectname) [3ms]
2026-06-15 11:07:20.976 [info] > git status -z -uall [588ms]
2026-06-15 11:07:26.017 [info] > git config --get commit.template [15ms]
2026-06-15 11:07:26.020 [info] > git for-each-ref --format=%(refname)%00%(upstream:short)%00%(objectname)%00%(upstream:track)%00%(upstream:remotename)%00%(upstream:remoteref) refs/heads/main refs/remotes/main [6ms]
2026-06-15 11:07:26.027 [warning] [Git][revParse] Unable to read file: ENOENT: no such file or directory, open '/home/alunos/.arthuruser001/webdesign.tri2.ativ1/.git/refs/remotes/origin/main'
2026-06-15 11:07:26.028 [info] > git rev-parse refs/remotes/origin/main [2ms]
2026-06-15 11:07:26.045 [info] > git for-each-ref --sort -committerdate --format %(refname)%00%(objectname)%00%(*objectname) [2ms]
2026-06-15 11:07:26.641 [info] > git status -z -uall [606ms]
2026-06-15 11:07:31.669 [info] > git config --get commit.template [7ms]
2026-06-15 11:07:31.670 [info] > git for-each-ref --format=%(refname)%00%(upstream:short)%00%(objectname)%00%(upstream:track)%00%(upstream:remotename)%00%(upstream:remoteref) refs/heads/main refs/remotes/main [2ms]
2026-06-15 11:07:31.675 [warning] [Git][revParse] Unable to read file: ENOENT: no such file or directory, open '/home/alunos/.arthuruser001/webdesign.tri2.ativ1/.git/refs/remotes/origin/main'
2026-06-15 11:07:31.677 [info] > git rev-parse refs/remotes/origin/main [2ms]
2026-06-15 11:07:31.690 [info] > git for-each-ref --sort -committerdate --format %(refname)%00%(objectname)%00%(*objectname) [0ms]
2026-06-15 11:07:32.306 [info] > git status -z -uall [624ms]
2026-06-15 11:07:37.336 [info] > git config --get commit.template [7ms]
2026-06-15 11:07:37.337 [info] > git for-each-ref --format=%(refname)%00%(upstream:short)%00%(objectname)%00%(upstream:track)%00%(upstream:remotename)%00%(upstream:remoteref) refs/heads/main refs/remotes/main [2ms]
2026-06-15 11:07:37.345 [warning] [Git][revParse] Unable to read file: ENOENT: no such file or directory, open '/home/alunos/.arthuruser001/webdesign.tri2.ativ1/.git/refs/remotes/origin/main'
2026-06-15 11:07:37.348 [info] > git rev-parse refs/remotes/origin/main [2ms]
2026-06-15 11:07:37.366 [info] > git for-each-ref --sort -committerdate --format %(refname)%00%(objectname)%00%(*objectname) [3ms]
2026-06-15 11:07:38.054 [info] > git status -z -uall [700ms]
2026-06-15 11:07:43.078 [info] > git config --get commit.template [7ms]
2026-06-15 11:07:43.079 [info] > git for-each-ref --format=%(refname)%00%(upstream:short)%00%(objectname)%00%(upstream:track)%00%(upstream:remotename)%00%(upstream:remoteref) refs/heads/main refs/remotes/main [2ms]
2026-06-15 11:07:43.085 [warning] [Git][revParse] Unable to read file: ENOENT: no such file or directory, open '/home/alunos/.arthuruser001/webdesign.tri2.ativ1/.git/refs/remotes/origin/main'
2026-06-15 11:07:43.087 [info] > git rev-parse refs/remotes/origin/main [1ms]
2026-06-15 11:07:43.103 [info] > git for-each-ref --sort -committerdate --format %(refname)%00%(objectname)%00%(*objectname) [1ms]
2026-06-15 11:07:43.722 [info] > git status -z -uall [630ms]
2026-06-15 11:07:48.750 [info] > git config --get commit.template [9ms]
2026-06-15 11:07:48.752 [info] > git for-each-ref --format=%(refname)%00%(upstream:short)%00%(objectname)%00%(upstream:track)%00%(upstream:remotename)%00%(upstream:remoteref) refs/heads/main refs/remotes/main [3ms]
2026-06-15 11:07:48.757 [warning] [Git][revParse] Unable to read file: ENOENT: no such file or directory, open '/home/alunos/.arthuruser001/webdesign.tri2.ativ1/.git/refs/remotes/origin/main'
2026-06-15 11:07:48.759 [info] > git rev-parse refs/remotes/origin/main [2ms]
2026-06-15 11:07:48.779 [info] > git for-each-ref --sort -committerdate --format %(refname)%00%(objectname)%00%(*objectname) [2ms]
2026-06-15 11:07:49.384 [info] > git status -z -uall [618ms]
2026-06-15 11:07:54.405 [info] > git config --get commit.template [2ms]
2026-06-15 11:07:54.415 [info] > git for-each-ref --format=%(refname)%00%(upstream:short)%00%(objectname)%00%(upstream:track)%00%(upstream:remotename)%00%(upstream:remoteref) refs/heads/main refs/remotes/main [3ms]
2026-06-15 11:07:54.420 [warning] [Git][revParse] Unable to read file: ENOENT: no such file or directory, open '/home/alunos/.arthuruser001/webdesign.tri2.ativ1/.git/refs/remotes/origin/main'
2026-06-15 11:07:54.421 [info] > git rev-parse refs/remotes/origin/main [1ms]
2026-06-15 11:07:54.439 [info] > git for-each-ref --sort -committerdate --format %(refname)%00%(objectname)%00%(*objectname) [3ms]
2026-06-15 11:07:55.067 [info] > git status -z -uall [639ms]
2026-06-15 11:08:00.089 [info] > git config --get commit.template [2ms]
2026-06-15 11:08:00.113 [info] > git for-each-ref --format=%(refname)%00%(upstream:short)%00%(objectname)%00%(upstream:track)%00%(upstream:remotename)%00%(upstream:remoteref) refs/heads/main refs/remotes/main [5ms]
2026-06-15 11:08:00.125 [warning] [Git][revParse] Unable to read file: ENOENT: no such file or directory, open '/home/alunos/.arthuruser001/webdesign.tri2.ativ1/.git/refs/remotes/origin/main'
2026-06-15 11:08:00.133 [info] > git rev-parse refs/remotes/origin/main [8ms]
2026-06-15 11:08:00.164 [info] > git for-each-ref --sort -committerdate --format %(refname)%00%(objectname)%00%(*objectname) [0ms]
2026-06-15 11:08:00.822 [info] > git status -z -uall [677ms]
2026-06-15 11:08:05.848 [info] > git config --get commit.template [7ms]
2026-06-15 11:08:05.849 [info] > git for-each-ref --format=%(refname)%00%(upstream:short)%00%(objectname)%00%(upstream:track)%00%(upstream:remotename)%00%(upstream:remoteref) refs/heads/main refs/remotes/main [2ms]
2026-06-15 11:08:05.855 [warning] [Git][revParse] Unable to read file: ENOENT: no such file or directory, open '/home/alunos/.arthuruser001/webdesign.tri2.ativ1/.git/refs/remotes/origin/main'
2026-06-15 11:08:05.857 [info] > git rev-parse refs/remotes/origin/main [2ms]
2026-06-15 11:08:05.875 [info] > git for-each-ref --sort -committerdate --format %(refname)%00%(objectname)%00%(*objectname) [2ms]
2026-06-15 11:08:06.504 [info] > git status -z -uall [642ms]
2026-06-15 11:08:11.533 [info] > git config --get commit.template [10ms]
2026-06-15 11:08:11.535 [info] > git for-each-ref --format=%(refname)%00%(upstream:short)%00%(objectname)%00%(upstream:track)%00%(upstream:remotename)%00%(upstream:remoteref) refs/heads/main refs/remotes/main [3ms]
2026-06-15 11:08:11.541 [warning] [Git][revParse] Unable to read file: ENOENT: no such file or directory, open '/home/alunos/.arthuruser001/webdesign.tri2.ativ1/.git/refs/remotes/origin/main'
2026-06-15 11:08:11.543 [info] > git rev-parse refs/remotes/origin/main [2ms]
2026-06-15 11:08:11.563 [info] > git for-each-ref --sort -committerdate --format %(refname)%00%(objectname)%00%(*objectname) [4ms]
2026-06-15 11:08:12.128 [info] > git check-ignore -v -z --stdin [3ms]
2026-06-15 11:08:12.214 [info] > git status -z -uall [664ms]
2026-06-15 11:08:17.241 [info] > git config --get commit.template [7ms]
2026-06-15 11:08:17.242 [info] > git for-each-ref --format=%(refname)%00%(upstream:short)%00%(objectname)%00%(upstream:track)%00%(upstream:remotename)%00%(upstream:remoteref) refs/heads/main refs/remotes/main [2ms]
2026-06-15 11:08:17.248 [warning] [Git][revParse] Unable to read file: ENOENT: no such file or directory, open '/home/alunos/.arthuruser001/webdesign.tri2.ativ1/.git/refs/remotes/origin/main'
2026-06-15 11:08:17.250 [info] > git rev-parse refs/remotes/origin/main [2ms]
2026-06-15 11:08:17.267 [info] > git for-each-ref --sort -committerdate --format %(refname)%00%(objectname)%00%(*objectname) [3ms]
2026-06-15 11:08:17.862 [info] > git status -z -uall [607ms]
2026-06-15 11:08:22.890 [info] > git config --get commit.template [7ms]
2026-06-15 11:08:22.891 [info] > git for-each-ref --format=%(refname)%00%(upstream:short)%00%(objectname)%00%(upstream:track)%00%(upstream:remotename)%00%(upstream:remoteref) refs/heads/main refs/remotes/main [2ms]
2026-06-15 11:08:22.897 [warning] [Git][revParse] Unable to read file: ENOENT: no such file or directory, open '/home/alunos/.arthuruser001/webdesign.tri2.ativ1/.git/refs/remotes/origin/main'
2026-06-15 11:08:22.899 [info] > git rev-parse refs/remotes/origin/main [1ms]
2026-06-15 11:08:22.915 [info] > git for-each-ref --sort -committerdate --format %(refname)%00%(objectname)%00%(*objectname) [2ms]
2026-06-15 11:08:23.520 [info] > git status -z -uall [616ms]
2026-06-15 11:08:28.540 [info] > git config --get commit.template [2ms]
2026-06-15 11:08:28.547 [info] > git for-each-ref --format=%(refname)%00%(upstream:short)%00%(objectname)%00%(upstream:track)%00%(upstream:remotename)%00%(upstream:remoteref) refs/heads/main refs/remotes/main [2ms]
2026-06-15 11:08:28.552 [warning] [Git][revParse] Unable to read file: ENOENT: no such file or directory, open '/home/alunos/.arthuruser001/webdesign.tri2.ativ1/.git/refs/remotes/origin/main'
2026-06-15 11:08:28.554 [info] > git rev-parse refs/remotes/origin/main [2ms]
2026-06-15 11:08:28.570 [info] > git for-each-ref --sort -committerdate --format %(refname)%00%(objectname)%00%(*objectname) [1ms]
2026-06-15 11:08:29.156 [info] > git status -z -uall [597ms]
2026-06-15 11:08:34.184 [info] > git config --get commit.template [6ms]
2026-06-15 11:08:34.185 [info] > git for-each-ref --format=%(refname)%00%(upstream:short)%00%(objectname)%00%(upstream:track)%00%(upstream:remotename)%00%(upstream:remoteref) refs/heads/main refs/remotes/main [2ms]
2026-06-15 11:08:34.191 [warning] [Git][revParse] Unable to read file: ENOENT: no such file or directory, open '/home/alunos/.arthuruser001/webdesign.tri2.ativ1/.git/refs/remotes/origin/main'
2026-06-15 11:08:34.192 [info] > git rev-parse refs/remotes/origin/main [1ms]
2026-06-15 11:08:34.206 [info] > git for-each-ref --sort -committerdate --format %(refname)%00%(objectname)%00%(*objectname) [2ms]
2026-06-15 11:08:34.780 [info] > git status -z -uall [583ms]
2026-06-15 11:08:39.806 [info] > git config --get commit.template [7ms]
2026-06-15 11:08:39.807 [info] > git for-each-ref --format=%(refname)%00%(upstream:short)%00%(objectname)%00%(upstream:track)%00%(upstream:remotename)%00%(upstream:remoteref) refs/heads/main refs/remotes/main [2ms]
2026-06-15 11:08:39.812 [warning] [Git][revParse] Unable to read file: ENOENT: no such file or directory, open '/home/alunos/.arthuruser001/webdesign.tri2.ativ1/.git/refs/remotes/origin/main'
2026-06-15 11:08:39.814 [info] > git rev-parse refs/remotes/origin/main [2ms]
2026-06-15 11:08:39.828 [info] > git for-each-ref --sort -committerdate --format %(refname)%00%(objectname)%00%(*objectname) [2ms]
2026-06-15 11:08:40.402 [info] > git status -z -uall [583ms]
2026-06-15 11:08:47.226 [info] > git config --get commit.template [9ms]
2026-06-15 11:08:47.242 [info] > git for-each-ref --format=%(refname)%00%(upstream:short)%00%(objectname)%00%(upstream:track)%00%(upstream:remotename)%00%(upstream:remoteref) refs/heads/main refs/remotes/main [5ms]
2026-06-15 11:08:47.251 [warning] [Git][revParse] Unable to read file: ENOENT: no such file or directory, open '/home/alunos/.arthuruser001/webdesign.tri2.ativ1/.git/refs/remotes/origin/main'
2026-06-15 11:08:47.253 [info] > git rev-parse refs/remotes/origin/main [2ms]
2026-06-15 11:08:47.279 [info] > git for-each-ref --sort -committerdate --format %(refname)%00%(objectname)%00%(*objectname) [2ms]
2026-06-15 11:08:47.558 [info] > git check-ignore -v -z --stdin [5ms]
2026-06-15 11:08:47.611 [info] > git show --textconv :Arthur.css [14ms]
2026-06-15 11:08:47.612 [warning] [GitFileSystemProvider][readFile] File not found - git:/home/alunos/.arthuruser001/webdesign.tri2.ativ1/Arthur.css.git?%7B%22path%22%3A%22%2Fhome%2Falunos%2F.arthuruser001%2Fwebdesign.tri2.ativ1%2FArthur.css%22%2C%22ref%22%3A%22%22%7D
2026-06-15 11:08:47.614 [info] > git ls-files --stage -- Arthur.css [3ms]
2026-06-15 11:08:47.615 [warning] [GitFileSystemProvider][stat] File not found - git:/home/alunos/.arthuruser001/webdesign.tri2.ativ1/Arthur.css.git?%7B%22path%22%3A%22%2Fhome%2Falunos%2F.arthuruser001%2Fwebdesign.tri2.ativ1%2FArthur.css%22%2C%22ref%22%3A%22%22%7D
2026-06-15 11:08:47.998 [info] > git status -z -uall [735ms]
2026-06-15 11:09:07.142 [info] > git config --get commit.template [12ms]
2026-06-15 11:09:07.143 [info] > git for-each-ref --format=%(refname)%00%(upstream:short)%00%(objectname)%00%(upstream:track)%00%(upstream:remotename)%00%(upstream:remoteref) refs/heads/main refs/remotes/main [2ms]
2026-06-15 11:09:07.152 [warning] [Git][revParse] Unable to read file: ENOENT: no such file or directory, open '/home/alunos/.arthuruser001/webdesign.tri2.ativ1/.git/refs/remotes/origin/main'
2026-06-15 11:09:07.153 [info] > git rev-parse refs/remotes/origin/main [1ms]
2026-06-15 11:09:07.174 [info] > git for-each-ref --sort -committerdate --format %(refname)%00%(objectname)%00%(*objectname) [4ms]
2026-06-15 11:09:07.793 [info] > git status -z -uall [633ms]
2026-06-15 11:09:12.818 [info] > git config --get commit.template [8ms]
2026-06-15 11:09:12.820 [info] > git for-each-ref --format=%(refname)%00%(upstream:short)%00%(objectname)%00%(upstream:track)%00%(upstream:remotename)%00%(upstream:remoteref) refs/heads/main refs/remotes/main [2ms]
2026-06-15 11:09:12.825 [warning] [Git][revParse] Unable to read file: ENOENT: no such file or directory, open '/home/alunos/.arthuruser001/webdesign.tri2.ativ1/.git/refs/remotes/origin/main'
2026-06-15 11:09:12.827 [info] > git rev-parse refs/remotes/origin/main [2ms]
2026-06-15 11:09:12.843 [info] > git for-each-ref --sort -committerdate --format %(refname)%00%(objectname)%00%(*objectname) [2ms]
2026-06-15 11:09:13.441 [info] > git status -z -uall [609ms]
2026-06-15 11:09:18.467 [info] > git config --get commit.template [7ms]
2026-06-15 11:09:18.468 [info] > git for-each-ref --format=%(refname)%00%(upstream:short)%00%(objectname)%00%(upstream:track)%00%(upstream:remotename)%00%(upstream:remoteref) refs/heads/main refs/remotes/main [2ms]
2026-06-15 11:09:18.474 [warning] [Git][revParse] Unable to read file: ENOENT: no such file or directory, open '/home/alunos/.arthuruser001/webdesign.tri2.ativ1/.git/refs/remotes/origin/main'
2026-06-15 11:09:18.476 [info] > git rev-parse refs/remotes/origin/main [2ms]
2026-06-15 11:09:18.490 [info] > git for-each-ref --sort -committerdate --format %(refname)%00%(objectname)%00%(*objectname) [2ms]
2026-06-15 11:09:19.086 [info] > git status -z -uall [606ms]
2026-06-15 11:09:24.113 [info] > git config --get commit.template [8ms]
2026-06-15 11:09:24.114 [info] > git for-each-ref --format=%(refname)%00%(upstream:short)%00%(objectname)%00%(upstream:track)%00%(upstream:remotename)%00%(upstream:remoteref) refs/heads/main refs/remotes/main [2ms]
2026-06-15 11:09:24.121 [warning] [Git][revParse] Unable to read file: ENOENT: no such file or directory, open '/home/alunos/.arthuruser001/webdesign.tri2.ativ1/.git/refs/remotes/origin/main'
2026-06-15 11:09:24.122 [info] > git rev-parse refs/remotes/origin/main [1ms]
2026-06-15 11:09:24.139 [info] > git for-each-ref --sort -committerdate --format %(refname)%00%(objectname)%00%(*objectname) [2ms]
2026-06-15 11:09:24.872 [info] > git status -z -uall [744ms]
2026-06-15 11:09:29.895 [info] > git config --get commit.template [6ms]
2026-06-15 11:09:29.897 [info] > git for-each-ref --format=%(refname)%00%(upstream:short)%00%(objectname)%00%(upstream:track)%00%(upstream:remotename)%00%(upstream:remoteref) refs/heads/main refs/remotes/main [2ms]
2026-06-15 11:09:29.902 [warning] [Git][revParse] Unable to read file: ENOENT: no such file or directory, open '/home/alunos/.arthuruser001/webdesign.tri2.ativ1/.git/refs/remotes/origin/main'
2026-06-15 11:09:29.904 [info] > git rev-parse refs/remotes/origin/main [2ms]
2026-06-15 11:09:29.917 [info] > git for-each-ref --sort -committerdate --format %(refname)%00%(objectname)%00%(*objectname) [2ms]
2026-06-15 11:09:30.528 [info] > git status -z -uall [619ms]
2026-06-15 11:09:35.551 [info] > git config --get commit.template [6ms]
2026-06-15 11:09:35.553 [info] > git for-each-ref --format=%(refname)%00%(upstream:short)%00%(objectname)%00%(upstream:track)%00%(upstream:remotename)%00%(upstream:remoteref) refs/heads/main refs/remotes/main [2ms]
2026-06-15 11:09:35.558 [warning] [Git][revParse] Unable to read file: ENOENT: no such file or directory, open '/home/alunos/.arthuruser001/webdesign.tri2.ativ1/.git/refs/remotes/origin/main'
2026-06-15 11:09:35.559 [info] > git rev-parse refs/remotes/origin/main [1ms]
2026-06-15 11:09:35.576 [info] > git for-each-ref --sort -committerdate --format %(refname)%00%(objectname)%00%(*objectname) [2ms]
2026-06-15 11:09:36.188 [info] > git status -z -uall [624ms]
2026-06-15 11:09:41.213 [info] > git config --get commit.template [7ms]
2026-06-15 11:09:41.214 [info] > git for-each-ref --format=%(refname)%00%(upstream:short)%00%(objectname)%00%(upstream:track)%00%(upstream:remotename)%00%(upstream:remoteref) refs/heads/main refs/remotes/main [2ms]
2026-06-15 11:09:41.220 [warning] [Git][revParse] Unable to read file: ENOENT: no such file or directory, open '/home/alunos/.arthuruser001/webdesign.tri2.ativ1/.git/refs/remotes/origin/main'
2026-06-15 11:09:41.222 [info] > git rev-parse refs/remotes/origin/main [2ms]
2026-06-15 11:09:41.238 [info] > git for-each-ref --sort -committerdate --format %(refname)%00%(objectname)%00%(*objectname) [2ms]
2026-06-15 11:09:41.853 [info] > git status -z -uall [626ms]
2026-06-15 11:09:46.879 [info] > git config --get commit.template [7ms]
2026-06-15 11:09:46.881 [info] > git for-each-ref --format=%(refname)%00%(upstream:short)%00%(objectname)%00%(upstream:track)%00%(upstream:remotename)%00%(upstream:remoteref) refs/heads/main refs/remotes/main [3ms]
2026-06-15 11:09:46.887 [warning] [Git][revParse] Unable to read file: ENOENT: no such file or directory, open '/home/alunos/.arthuruser001/webdesign.tri2.ativ1/.git/refs/remotes/origin/main'
2026-06-15 11:09:46.889 [info] > git rev-parse refs/remotes/origin/main [2ms]
2026-06-15 11:09:46.907 [info] > git for-each-ref --sort -committerdate --format %(refname)%00%(objectname)%00%(*objectname) [3ms]
2026-06-15 11:09:47.513 [info] > git status -z -uall [620ms]
2026-06-15 11:09:52.538 [info] > git config --get commit.template [7ms]
2026-06-15 11:09:52.540 [info] > git for-each-ref --format=%(refname)%00%(upstream:short)%00%(objectname)%00%(upstream:track)%00%(upstream:remotename)%00%(upstream:remoteref) refs/heads/main refs/remotes/main [2ms]
2026-06-15 11:09:52.545 [warning] [Git][revParse] Unable to read file: ENOENT: no such file or directory, open '/home/alunos/.arthuruser001/webdesign.tri2.ativ1/.git/refs/remotes/origin/main'
2026-06-15 11:09:52.546 [info] > git rev-parse refs/remotes/origin/main [2ms]
2026-06-15 11:09:52.561 [info] > git for-each-ref --sort -committerdate --format %(refname)%00%(objectname)%00%(*objectname) [1ms]
2026-06-15 11:09:53.161 [info] > git status -z -uall [610ms]
2026-06-15 11:09:58.187 [info] > git config --get commit.template [8ms]
2026-06-15 11:09:58.188 [info] > git for-each-ref --format=%(refname)%00%(upstream:short)%00%(objectname)%00%(upstream:track)%00%(upstream:remotename)%00%(upstream:remoteref) refs/heads/main refs/remotes/main [2ms]
2026-06-15 11:09:58.193 [warning] [Git][revParse] Unable to read file: ENOENT: no such file or directory, open '/home/alunos/.arthuruser001/webdesign.tri2.ativ1/.git/refs/remotes/origin/main'
2026-06-15 11:09:58.195 [info] > git rev-parse refs/remotes/origin/main [2ms]
2026-06-15 11:09:58.210 [info] > git for-each-ref --sort -committerdate --format %(refname)%00%(objectname)%00%(*objectname) [2ms]
2026-06-15 11:09:58.812 [info] > git status -z -uall [612ms]
2026-06-15 11:10:03.835 [info] > git config --get commit.template [6ms]
2026-06-15 11:10:03.837 [info] > git for-each-ref --format=%(refname)%00%(upstream:short)%00%(objectname)%00%(upstream:track)%00%(upstream:remotename)%00%(upstream:remoteref) refs/heads/main refs/remotes/main [2ms]
2026-06-15 11:10:03.842 [warning] [Git][revParse] Unable to read file: ENOENT: no such file or directory, open '/home/alunos/.arthuruser001/webdesign.tri2.ativ1/.git/refs/remotes/origin/main'
2026-06-15 11:10:03.843 [info] > git rev-parse refs/remotes/origin/main [1ms]
2026-06-15 11:10:03.859 [info] > git for-each-ref --sort -committerdate --format %(refname)%00%(objectname)%00%(*objectname) [2ms]
2026-06-15 11:10:04.460 [info] > git status -z -uall [612ms]
2026-06-15 11:10:15.810 [info] > git config --get commit.template [12ms]
2026-06-15 11:10:15.812 [info] > git for-each-ref --format=%(refname)%00%(upstream:short)%00%(objectname)%00%(upstream:track)%00%(upstream:remotename)%00%(upstream:remoteref) refs/heads/main refs/remotes/main [3ms]
2026-06-15 11:10:15.820 [warning] [Git][revParse] Unable to read file: ENOENT: no such file or directory, open '/home/alunos/.arthuruser001/webdesign.tri2.ativ1/.git/refs/remotes/origin/main'
2026-06-15 11:10:15.821 [info] > git rev-parse refs/remotes/origin/main [1ms]
2026-06-15 11:10:15.840 [info] > git for-each-ref --sort -committerdate --format %(refname)%00%(objectname)%00%(*objectname) [2ms]
2026-06-15 11:10:16.499 [info] > git status -z -uall [670ms]
2026-06-15 11:10:21.539 [info] > git config --get commit.template [8ms]
2026-06-15 11:10:21.540 [info] > git for-each-ref --format=%(refname)%00%(upstream:short)%00%(objectname)%00%(upstream:track)%00%(upstream:remotename)%00%(upstream:remoteref) refs/heads/main refs/remotes/main [2ms]
2026-06-15 11:10:21.545 [warning] [Git][revParse] Unable to read file: ENOENT: no such file or directory, open '/home/alunos/.arthuruser001/webdesign.tri2.ativ1/.git/refs/remotes/origin/main'
2026-06-15 11:10:21.547 [info] > git rev-parse refs/remotes/origin/main [2ms]
2026-06-15 11:10:21.565 [info] > git for-each-ref --sort -committerdate --format %(refname)%00%(objectname)%00%(*objectname) [3ms]
2026-06-15 11:10:22.160 [info] > git status -z -uall [607ms]
2026-06-15 11:10:27.188 [info] > git config --get commit.template [8ms]
2026-06-15 11:10:27.189 [info] > git for-each-ref --format=%(refname)%00%(upstream:short)%00%(objectname)%00%(upstream:track)%00%(upstream:remotename)%00%(upstream:remoteref) refs/heads/main refs/remotes/main [2ms]
2026-06-15 11:10:27.194 [warning] [Git][revParse] Unable to read file: ENOENT: no such file or directory, open '/home/alunos/.arthuruser001/webdesign.tri2.ativ1/.git/refs/remotes/origin/main'
2026-06-15 11:10:27.196 [info] > git rev-parse refs/remotes/origin/main [2ms]
2026-06-15 11:10:27.214 [info] > git for-each-ref --sort -committerdate --format %(refname)%00%(objectname)%00%(*objectname) [1ms]
2026-06-15 11:10:27.860 [info] > git status -z -uall [658ms]
2026-06-15 11:10:37.985 [info] > git config --get commit.template [3ms]
2026-06-15 11:10:37.996 [info] > git for-each-ref --format=%(refname)%00%(upstream:short)%00%(objectname)%00%(upstream:track)%00%(upstream:remotename)%00%(upstream:remoteref) refs/heads/main refs/remotes/main [2ms]
2026-06-15 11:10:38.003 [warning] [Git][revParse] Unable to read file: ENOENT: no such file or directory, open '/home/alunos/.arthuruser001/webdesign.tri2.ativ1/.git/refs/remotes/origin/main'
2026-06-15 11:10:38.004 [info] > git rev-parse refs/remotes/origin/main [1ms]
2026-06-15 11:10:38.023 [info] > git for-each-ref --sort -committerdate --format %(refname)%00%(objectname)%00%(*objectname) [2ms]
2026-06-15 11:10:38.672 [info] > git status -z -uall [660ms]
2026-06-15 11:10:43.698 [info] > git config --get commit.template [6ms]
2026-06-15 11:10:43.699 [info] > git for-each-ref --format=%(refname)%00%(upstream:short)%00%(objectname)%00%(upstream:track)%00%(upstream:remotename)%00%(upstream:remoteref) refs/heads/main refs/remotes/main [2ms]
2026-06-15 11:10:43.706 [warning] [Git][revParse] Unable to read file: ENOENT: no such file or directory, open '/home/alunos/.arthuruser001/webdesign.tri2.ativ1/.git/refs/remotes/origin/main'
2026-06-15 11:10:43.707 [info] > git rev-parse refs/remotes/origin/main [1ms]
2026-06-15 11:10:43.722 [info] > git for-each-ref --sort -committerdate --format %(refname)%00%(objectname)%00%(*objectname) [2ms]
2026-06-15 11:10:44.356 [info] > git status -z -uall [644ms]
2026-06-15 11:10:48.165 [info] > git check-ignore -v -z --stdin [6ms]
2026-06-15 11:10:48.220 [info] > git show --textconv :index.html [14ms]
2026-06-15 11:10:48.223 [info] > git ls-files --stage -- index.html [4ms]
2026-06-15 11:10:48.231 [info] > git cat-file -s 5284b817a6b2f8b751157486a70e2e8c7e2c5f53 [2ms]
2026-06-15 11:10:49.384 [info] > git config --get commit.template [8ms]
2026-06-15 11:10:49.385 [info] > git for-each-ref --format=%(refname)%00%(upstream:short)%00%(objectname)%00%(upstream:track)%00%(upstream:remotename)%00%(upstream:remoteref) refs/heads/main refs/remotes/main [2ms]
2026-06-15 11:10:49.392 [warning] [Git][revParse] Unable to read file: ENOENT: no such file or directory, open '/home/alunos/.arthuruser001/webdesign.tri2.ativ1/.git/refs/remotes/origin/main'
2026-06-15 11:10:49.394 [info] > git rev-parse refs/remotes/origin/main [1ms]
2026-06-15 11:10:49.413 [info] > git for-each-ref --sort -committerdate --format %(refname)%00%(objectname)%00%(*objectname) [2ms]
2026-06-15 11:10:50.027 [info] > git status -z -uall [627ms]
2026-06-15 11:10:50.449 [info] > git check-ignore -v -z --stdin [4ms]
2026-06-15 11:10:55.053 [info] > git config --get commit.template [10ms]
2026-06-15 11:10:55.054 [info] > git for-each-ref --format=%(refname)%00%(upstream:short)%00%(objectname)%00%(upstream:track)%00%(upstream:remotename)%00%(upstream:remoteref) refs/heads/main refs/remotes/main [2ms]
2026-06-15 11:10:55.060 [warning] [Git][revParse] Unable to read file: ENOENT: no such file or directory, open '/home/alunos/.arthuruser001/webdesign.tri2.ativ1/.git/refs/remotes/origin/main'
2026-06-15 11:10:55.062 [info] > git rev-parse refs/remotes/origin/main [2ms]
2026-06-15 11:10:55.080 [info] > git for-each-ref --sort -committerdate --format %(refname)%00%(objectname)%00%(*objectname) [2ms]
2026-06-15 11:10:55.177 [info] > git check-ignore -v -z --stdin [3ms]
2026-06-15 11:10:55.685 [info] > git status -z -uall [616ms]
2026-06-15 11:10:56.107 [info] > git check-ignore -v -z --stdin [3ms]
2026-06-15 11:10:57.135 [info] > git check-ignore -v -z --stdin [3ms]
2026-06-15 11:10:58.987 [info] > git check-ignore -v -z --stdin [3ms]
2026-06-15 11:11:00.273 [info] > git check-ignore -v -z --stdin [3ms]
2026-06-15 11:11:00.497 [info] > git check-ignore -v -z --stdin [4ms]
2026-06-15 11:11:01.135 [info] > git check-ignore -v -z --stdin [4ms]
2026-06-15 11:11:01.593 [info] > git check-ignore -v -z --stdin [4ms]
2026-06-15 11:11:03.313 [info] > git check-ignore -v -z --stdin [4ms]
2026-06-15 11:11:03.363 [info] > git show --textconv :main.css [8ms]
2026-06-15 11:11:03.368 [info] > git ls-files --stage -- main.css [6ms]
2026-06-15 11:11:03.376 [info] > git cat-file -s 785b4326cfac6b460098f8001121431ec92a58e4 [2ms]
2026-06-15 11:11:04.522 [info] > git config --get commit.template [9ms]
2026-06-15 11:11:04.523 [info] > git for-each-ref --format=%(refname)%00%(upstream:short)%00%(objectname)%00%(upstream:track)%00%(upstream:remotename)%00%(upstream:remoteref) refs/heads/main refs/remotes/main [2ms]
2026-06-15 11:11:04.529 [warning] [Git][revParse] Unable to read file: ENOENT: no such file or directory, open '/home/alunos/.arthuruser001/webdesign.tri2.ativ1/.git/refs/remotes/origin/main'
2026-06-15 11:11:04.530 [info] > git rev-parse refs/remotes/origin/main [1ms]
2026-06-15 11:11:04.549 [info] > git for-each-ref --sort -committerdate --format %(refname)%00%(objectname)%00%(*objectname) [4ms]
2026-06-15 11:11:05.194 [info] > git status -z -uall [657ms]
2026-06-15 11:11:05.689 [info] > git check-ignore -v -z --stdin [4ms]
2026-06-15 11:11:05.730 [info] > git show --textconv :index.html [14ms]
2026-06-15 11:11:05.736 [info] > git ls-files --stage -- index.html [7ms]
2026-06-15 11:11:05.745 [info] > git cat-file -s 5284b817a6b2f8b751157486a70e2e8c7e2c5f53 [3ms]
2026-06-15 11:11:39.771 [info] > git config --get commit.template [12ms]
2026-06-15 11:11:39.772 [info] > git for-each-ref --format=%(refname)%00%(upstream:short)%00%(objectname)%00%(upstream:track)%00%(upstream:remotename)%00%(upstream:remoteref) refs/heads/main refs/remotes/main [2ms]
2026-06-15 11:11:39.778 [warning] [Git][revParse] Unable to read file: ENOENT: no such file or directory, open '/home/alunos/.arthuruser001/webdesign.tri2.ativ1/.git/refs/remotes/origin/main'
2026-06-15 11:11:39.780 [info] > git rev-parse refs/remotes/origin/main [2ms]
2026-06-15 11:11:39.802 [info] > git for-each-ref --sort -committerdate --format %(refname)%00%(objectname)%00%(*objectname) [4ms]
2026-06-15 11:11:40.404 [info] > git status -z -uall [615ms]
2026-06-15 11:11:43.954 [info] > git check-ignore -v -z --stdin [7ms]
2026-06-15 11:11:43.977 [info] > git show --textconv :index.html [8ms]
2026-06-15 11:11:43.980 [info] > git ls-files --stage -- index.html [3ms]
2026-06-15 11:11:43.990 [info] > git cat-file -s 5284b817a6b2f8b751157486a70e2e8c7e2c5f53 [3ms]
2026-06-15 11:11:45.439 [info] > git config --get commit.template [14ms]
2026-06-15 11:11:45.441 [info] > git for-each-ref --format=%(refname)%00%(upstream:short)%00%(objectname)%00%(upstream:track)%00%(upstream:remotename)%00%(upstream:remoteref) refs/heads/main refs/remotes/main [3ms]
2026-06-15 11:11:45.456 [warning] [Git][revParse] Unable to read file: ENOENT: no such file or directory, open '/home/alunos/.arthuruser001/webdesign.tri2.ativ1/.git/refs/remotes/origin/main'
2026-06-15 11:11:45.457 [info] > git rev-parse refs/remotes/origin/main [0ms]
2026-06-15 11:11:45.506 [info] > git for-each-ref --sort -committerdate --format %(refname)%00%(objectname)%00%(*objectname) [10ms]
2026-06-15 11:11:46.204 [info] > git status -z -uall [736ms]
2026-06-15 11:11:51.234 [info] > git config --get commit.template [7ms]
2026-06-15 11:11:51.236 [info] > git for-each-ref --format=%(refname)%00%(upstream:short)%00%(objectname)%00%(upstream:track)%00%(upstream:remotename)%00%(upstream:remoteref) refs/heads/main refs/remotes/main [3ms]
2026-06-15 11:11:51.241 [warning] [Git][revParse] Unable to read file: ENOENT: no such file or directory, open '/home/alunos/.arthuruser001/webdesign.tri2.ativ1/.git/refs/remotes/origin/main'
2026-06-15 11:11:51.243 [info] > git rev-parse refs/remotes/origin/main [1ms]
2026-06-15 11:11:51.261 [info] > git for-each-ref --sort -committerdate --format %(refname)%00%(objectname)%00%(*objectname) [4ms]
2026-06-15 11:11:51.874 [info] > git status -z -uall [626ms]
2026-06-15 11:11:58.973 [info] > git config --get commit.template [12ms]
2026-06-15 11:11:58.974 [info] > git for-each-ref --format=%(refname)%00%(upstream:short)%00%(objectname)%00%(upstream:track)%00%(upstream:remotename)%00%(upstream:remoteref) refs/heads/main refs/remotes/main [2ms]
2026-06-15 11:11:58.983 [warning] [Git][revParse] Unable to read file: ENOENT: no such file or directory, open '/home/alunos/.arthuruser001/webdesign.tri2.ativ1/.git/refs/remotes/origin/main'
2026-06-15 11:11:58.984 [info] > git rev-parse refs/remotes/origin/main [1ms]
2026-06-15 11:11:59.007 [info] > git for-each-ref --sort -committerdate --format %(refname)%00%(objectname)%00%(*objectname) [2ms]
2026-06-15 11:11:59.659 [info] > git status -z -uall [669ms]
2026-06-15 11:12:04.700 [info] > git config --get commit.template [7ms]
2026-06-15 11:12:04.701 [info] > git for-each-ref --format=%(refname)%00%(upstream:short)%00%(objectname)%00%(upstream:track)%00%(upstream:remotename)%00%(upstream:remoteref) refs/heads/main refs/remotes/main [2ms]
2026-06-15 11:12:04.707 [warning] [Git][revParse] Unable to read file: ENOENT: no such file or directory, open '/home/alunos/.arthuruser001/webdesign.tri2.ativ1/.git/refs/remotes/origin/main'
2026-06-15 11:12:04.709 [info] > git rev-parse refs/remotes/origin/main [2ms]
2026-06-15 11:12:04.726 [info] > git for-each-ref --sort -committerdate --format %(refname)%00%(objectname)%00%(*objectname) [0ms]
2026-06-15 11:12:05.328 [info] > git status -z -uall [614ms]
2026-06-15 11:12:10.363 [info] > git config --get commit.template [9ms]
2026-06-15 11:12:10.363 [info] > git for-each-ref --format=%(refname)%00%(upstream:short)%00%(objectname)%00%(upstream:track)%00%(upstream:remotename)%00%(upstream:remoteref) refs/heads/main refs/remotes/main [2ms]
2026-06-15 11:12:10.371 [warning] [Git][revParse] Unable to read file: ENOENT: no such file or directory, open '/home/alunos/.arthuruser001/webdesign.tri2.ativ1/.git/refs/remotes/origin/main'
2026-06-15 11:12:10.373 [info] > git rev-parse refs/remotes/origin/main [2ms]
2026-06-15 11:12:10.393 [info] > git for-each-ref --sort -committerdate --format %(refname)%00%(objectname)%00%(*objectname) [2ms]
2026-06-15 11:12:11.037 [info] > git status -z -uall [659ms]
2026-06-15 11:12:47.770 [info] > git config --get commit.template [12ms]
2026-06-15 11:12:47.771 [info] > git for-each-ref --format=%(refname)%00%(upstream:short)%00%(objectname)%00%(upstream:track)%00%(upstream:remotename)%00%(upstream:remoteref) refs/heads/main refs/remotes/main [3ms]
2026-06-15 11:12:47.778 [warning] [Git][revParse] Unable to read file: ENOENT: no such file or directory, open '/home/alunos/.arthuruser001/webdesign.tri2.ativ1/.git/refs/remotes/origin/main'
2026-06-15 11:12:47.780 [info] > git rev-parse refs/remotes/origin/main [2ms]
2026-06-15 11:12:47.801 [info] > git for-each-ref --sort -committerdate --format %(refname)%00%(objectname)%00%(*objectname) [2ms]
2026-06-15 11:12:48.421 [info] > git status -z -uall [633ms]
2026-06-15 11:12:53.224 [info] > git check-ignore -v -z --stdin [4ms]
2026-06-15 11:12:53.271 [info] > git show --textconv :index.html [14ms]
2026-06-15 11:12:53.274 [info] > git ls-files --stage -- index.html [4ms]
2026-06-15 11:12:53.286 [info] > git cat-file -s 5284b817a6b2f8b751157486a70e2e8c7e2c5f53 [4ms]
2026-06-15 11:12:53.452 [info] > git config --get commit.template [10ms]
2026-06-15 11:12:53.453 [info] > git for-each-ref --format=%(refname)%00%(upstream:short)%00%(objectname)%00%(upstream:track)%00%(upstream:remotename)%00%(upstream:remoteref) refs/heads/main refs/remotes/main [2ms]
2026-06-15 11:12:53.459 [warning] [Git][revParse] Unable to read file: ENOENT: no such file or directory, open '/home/alunos/.arthuruser001/webdesign.tri2.ativ1/.git/refs/remotes/origin/main'
2026-06-15 11:12:53.461 [info] > git rev-parse refs/remotes/origin/main [2ms]
2026-06-15 11:12:53.481 [info] > git for-each-ref --sort -committerdate --format %(refname)%00%(objectname)%00%(*objectname) [5ms]
2026-06-15 11:12:54.136 [info] > git status -z -uall [669ms]
2026-06-15 11:12:54.575 [info] > git check-ignore -v -z --stdin [4ms]
2026-06-15 11:12:59.159 [info] > git config --get commit.template [8ms]
2026-06-15 11:12:59.160 [info] > git for-each-ref --format=%(refname)%00%(upstream:short)%00%(objectname)%00%(upstream:track)%00%(upstream:remotename)%00%(upstream:remoteref) refs/heads/main refs/remotes/main [2ms]
2026-06-15 11:12:59.168 [warning] [Git][revParse] Unable to read file: ENOENT: no such file or directory, open '/home/alunos/.arthuruser001/webdesign.tri2.ativ1/.git/refs/remotes/origin/main'
2026-06-15 11:12:59.170 [info] > git rev-parse refs/remotes/origin/main [2ms]
2026-06-15 11:12:59.190 [info] > git for-each-ref --sort -committerdate --format %(refname)%00%(objectname)%00%(*objectname) [2ms]
2026-06-15 11:12:59.821 [info] > git status -z -uall [645ms]
2026-06-15 11:13:11.093 [info] > git config --get commit.template [11ms]
2026-06-15 11:13:11.094 [info] > git for-each-ref --format=%(refname)%00%(upstream:short)%00%(objectname)%00%(upstream:track)%00%(upstream:remotename)%00%(upstream:remoteref) refs/heads/main refs/remotes/main [2ms]
2026-06-15 11:13:11.100 [warning] [Git][revParse] Unable to read file: ENOENT: no such file or directory, open '/home/alunos/.arthuruser001/webdesign.tri2.ativ1/.git/refs/remotes/origin/main'
2026-06-15 11:13:11.101 [info] > git rev-parse refs/remotes/origin/main [1ms]
2026-06-15 11:13:11.123 [info] > git for-each-ref --sort -committerdate --format %(refname)%00%(objectname)%00%(*objectname) [2ms]
2026-06-15 11:13:11.730 [info] > git status -z -uall [623ms]
2026-06-15 11:13:16.754 [info] > git config --get commit.template [2ms]
2026-06-15 11:13:16.763 [info] > git for-each-ref --format=%(refname)%00%(upstream:short)%00%(objectname)%00%(upstream:track)%00%(upstream:remotename)%00%(upstream:remoteref) refs/heads/main refs/remotes/main [2ms]
2026-06-15 11:13:16.768 [warning] [Git][revParse] Unable to read file: ENOENT: no such file or directory, open '/home/alunos/.arthuruser001/webdesign.tri2.ativ1/.git/refs/remotes/origin/main'
2026-06-15 11:13:16.770 [info] > git rev-parse refs/remotes/origin/main [2ms]
2026-06-15 11:13:16.785 [info] > git for-each-ref --sort -committerdate --format %(refname)%00%(objectname)%00%(*objectname) [0ms]
2026-06-15 11:13:17.398 [info] > git status -z -uall [621ms]
2026-06-15 11:13:24.628 [info] > git config --get commit.template [8ms]
2026-06-15 11:13:24.629 [info] > git for-each-ref --format=%(refname)%00%(upstream:short)%00%(objectname)%00%(upstream:track)%00%(upstream:remotename)%00%(upstream:remoteref) refs/heads/main refs/remotes/main [2ms]
2026-06-15 11:13:24.637 [warning] [Git][revParse] Unable to read file: ENOENT: no such file or directory, open '/home/alunos/.arthuruser001/webdesign.tri2.ativ1/.git/refs/remotes/origin/main'
2026-06-15 11:13:24.638 [info] > git rev-parse refs/remotes/origin/main [1ms]
2026-06-15 11:13:24.658 [info] > git for-each-ref --sort -committerdate --format %(refname)%00%(objectname)%00%(*objectname) [2ms]
2026-06-15 11:13:25.281 [info] > git status -z -uall [638ms]
2026-06-15 11:13:30.309 [info] > git config --get commit.template [8ms]
2026-06-15 11:13:30.310 [info] > git for-each-ref --format=%(refname)%00%(upstream:short)%00%(objectname)%00%(upstream:track)%00%(upstream:remotename)%00%(upstream:remoteref) refs/heads/main refs/remotes/main [2ms]
2026-06-15 11:13:30.316 [warning] [Git][revParse] Unable to read file: ENOENT: no such file or directory, open '/home/alunos/.arthuruser001/webdesign.tri2.ativ1/.git/refs/remotes/origin/main'
2026-06-15 11:13:30.317 [info] > git rev-parse refs/remotes/origin/main [1ms]
2026-06-15 11:13:30.336 [info] > git for-each-ref --sort -committerdate --format %(refname)%00%(objectname)%00%(*objectname) [1ms]
2026-06-15 11:13:30.953 [info] > git status -z -uall [630ms]
2026-06-15 11:13:35.984 [info] > git config --get commit.template [7ms]
2026-06-15 11:13:35.985 [info] > git for-each-ref --format=%(refname)%00%(upstream:short)%00%(objectname)%00%(upstream:track)%00%(upstream:remotename)%00%(upstream:remoteref) refs/heads/main refs/remotes/main [2ms]
2026-06-15 11:13:35.990 [warning] [Git][revParse] Unable to read file: ENOENT: no such file or directory, open '/home/alunos/.arthuruser001/webdesign.tri2.ativ1/.git/refs/remotes/origin/main'
2026-06-15 11:13:35.991 [info] > git rev-parse refs/remotes/origin/main [1ms]
2026-06-15 11:13:36.008 [info] > git for-each-ref --sort -committerdate --format %(refname)%00%(objectname)%00%(*objectname) [3ms]
2026-06-15 11:13:36.585 [info] > git status -z -uall [588ms]
2026-06-15 11:13:39.944 [info] > git check-ignore -v -z --stdin [3ms]
2026-06-15 11:13:39.963 [info] > git show --textconv :index.html [9ms]
2026-06-15 11:13:39.967 [info] > git ls-files --stage -- index.html [4ms]
2026-06-15 11:13:39.975 [info] > git cat-file -s 5284b817a6b2f8b751157486a70e2e8c7e2c5f53 [2ms]
2026-06-15 11:13:41.606 [info] > git config --get commit.template [2ms]
2026-06-15 11:13:41.615 [info] > git for-each-ref --format=%(refname)%00%(upstream:short)%00%(objectname)%00%(upstream:track)%00%(upstream:remotename)%00%(upstream:remoteref) refs/heads/main refs/remotes/main [2ms]
2026-06-15 11:13:41.620 [warning] [Git][revParse] Unable to read file: ENOENT: no such file or directory, open '/home/alunos/.arthuruser001/webdesign.tri2.ativ1/.git/refs/remotes/origin/main'
2026-06-15 11:13:41.622 [info] > git rev-parse refs/remotes/origin/main [2ms]
2026-06-15 11:13:41.640 [info] > git for-each-ref --sort -committerdate --format %(refname)%00%(objectname)%00%(*objectname) [4ms]
2026-06-15 11:13:42.261 [info] > git status -z -uall [633ms]
2026-06-15 11:13:42.689 [info] > git check-ignore -v -z --stdin [3ms]
2026-06-15 11:13:47.285 [info] > git config --get commit.template [6ms]
2026-06-15 11:13:47.287 [info] > git for-each-ref --format=%(refname)%00%(upstream:short)%00%(objectname)%00%(upstream:track)%00%(upstream:remotename)%00%(upstream:remoteref) refs/heads/main refs/remotes/main [2ms]
2026-06-15 11:13:47.294 [warning] [Git][revParse] Unable to read file: ENOENT: no such file or directory, open '/home/alunos/.arthuruser001/webdesign.tri2.ativ1/.git/refs/remotes/origin/main'
2026-06-15 11:13:47.295 [info] > git rev-parse refs/remotes/origin/main [1ms]
2026-06-15 11:13:47.311 [info] > git for-each-ref --sort -committerdate --format %(refname)%00%(objectname)%00%(*objectname) [2ms]
2026-06-15 11:13:47.907 [info] > git status -z -uall [607ms]
2026-06-15 11:13:48.340 [info] > git check-ignore -v -z --stdin [3ms]
2026-06-15 11:13:51.203 [info] > git check-ignore -v -z --stdin [4ms]
2026-06-15 11:13:51.224 [info] > git show --textconv :main.css [11ms]
2026-06-15 11:13:51.228 [info] > git ls-files --stage -- main.css [5ms]
2026-06-15 11:13:51.235 [info] > git cat-file -s 785b4326cfac6b460098f8001121431ec92a58e4 [2ms]
2026-06-15 11:13:52.933 [info] > git config --get commit.template [6ms]
2026-06-15 11:13:52.934 [info] > git for-each-ref --format=%(refname)%00%(upstream:short)%00%(objectname)%00%(upstream:track)%00%(upstream:remotename)%00%(upstream:remoteref) refs/heads/main refs/remotes/main [2ms]
2026-06-15 11:13:52.940 [warning] [Git][revParse] Unable to read file: ENOENT: no such file or directory, open '/home/alunos/.arthuruser001/webdesign.tri2.ativ1/.git/refs/remotes/origin/main'
2026-06-15 11:13:52.942 [info] > git rev-parse refs/remotes/origin/main [2ms]
2026-06-15 11:13:52.962 [info] > git for-each-ref --sort -committerdate --format %(refname)%00%(objectname)%00%(*objectname) [1ms]
2026-06-15 11:13:53.600 [info] > git status -z -uall [651ms]
2026-06-15 11:13:54.108 [info] > git check-ignore -v -z --stdin [3ms]
2026-06-15 11:14:20.103 [info] > git config --get commit.template [9ms]
2026-06-15 11:14:20.104 [info] > git for-each-ref --format=%(refname)%00%(upstream:short)%00%(objectname)%00%(upstream:track)%00%(upstream:remotename)%00%(upstream:remoteref) refs/heads/main refs/remotes/main [2ms]
2026-06-15 11:14:20.113 [warning] [Git][revParse] Unable to read file: ENOENT: no such file or directory, open '/home/alunos/.arthuruser001/webdesign.tri2.ativ1/.git/refs/remotes/origin/main'
2026-06-15 11:14:20.116 [info] > git rev-parse refs/remotes/origin/main [3ms]
2026-06-15 11:14:20.136 [info] > git for-each-ref --sort -committerdate --format %(refname)%00%(objectname)%00%(*objectname) [2ms]
2026-06-15 11:14:20.753 [info] > git status -z -uall [632ms]
2026-06-15 11:14:21.182 [info] > git check-ignore -v -z --stdin [3ms]
2026-06-15 11:14:25.777 [info] > git config --get commit.template [7ms]
2026-06-15 11:14:25.779 [info] > git for-each-ref --format=%(refname)%00%(upstream:short)%00%(objectname)%00%(upstream:track)%00%(upstream:remotename)%00%(upstream:remoteref) refs/heads/main refs/remotes/main [2ms]
2026-06-15 11:14:25.784 [warning] [Git][revParse] Unable to read file: ENOENT: no such file or directory, open '/home/alunos/.arthuruser001/webdesign.tri2.ativ1/.git/refs/remotes/origin/main'
2026-06-15 11:14:25.785 [info] > git rev-parse refs/remotes/origin/main [1ms]
2026-06-15 11:14:25.802 [info] > git for-each-ref --sort -committerdate --format %(refname)%00%(objectname)%00%(*objectname) [2ms]
2026-06-15 11:14:26.398 [info] > git status -z -uall [608ms]
2026-06-15 11:14:26.830 [info] > git check-ignore -v -z --stdin [3ms]
2026-06-15 11:14:31.421 [info] > git config --get commit.template [6ms]
2026-06-15 11:14:31.423 [info] > git for-each-ref --format=%(refname)%00%(upstream:short)%00%(objectname)%00%(upstream:track)%00%(upstream:remotename)%00%(upstream:remoteref) refs/heads/main refs/remotes/main [2ms]
2026-06-15 11:14:31.428 [warning] [Git][revParse] Unable to read file: ENOENT: no such file or directory, open '/home/alunos/.arthuruser001/webdesign.tri2.ativ1/.git/refs/remotes/origin/main'
2026-06-15 11:14:31.430 [info] > git rev-parse refs/remotes/origin/main [2ms]
2026-06-15 11:14:31.445 [info] > git for-each-ref --sort -committerdate --format %(refname)%00%(objectname)%00%(*objectname) [3ms]
2026-06-15 11:14:32.047 [info] > git status -z -uall [612ms]
2026-06-15 11:14:32.482 [info] > git check-ignore -v -z --stdin [3ms]
2026-06-15 11:14:34.879 [info] > git check-ignore -v -z --stdin [5ms]
2026-06-15 11:14:34.898 [info] > git show --textconv :index.html [8ms]
2026-06-15 11:14:34.901 [info] > git ls-files --stage -- index.html [3ms]
2026-06-15 11:14:34.911 [info] > git cat-file -s 5284b817a6b2f8b751157486a70e2e8c7e2c5f53 [2ms]
2026-06-15 11:14:36.371 [info] > git check-ignore -v -z --stdin [7ms]
2026-06-15 11:14:36.424 [info] > git show --textconv :main.css [14ms]
2026-06-15 11:14:36.429 [info] > git ls-files --stage -- main.css [6ms]
2026-06-15 11:14:36.438 [info] > git cat-file -s 785b4326cfac6b460098f8001121431ec92a58e4 [1ms]
2026-06-15 11:14:36.996 [info] > git check-ignore -v -z --stdin [4ms]
2026-06-15 11:14:37.019 [info] > git show --textconv :index.html [8ms]
2026-06-15 11:14:37.022 [info] > git ls-files --stage -- index.html [5ms]
2026-06-15 11:14:37.030 [info] > git cat-file -s 5284b817a6b2f8b751157486a70e2e8c7e2c5f53 [1ms]
2026-06-15 11:14:37.073 [info] > git config --get commit.template [9ms]
2026-06-15 11:14:37.074 [info] > git for-each-ref --format=%(refname)%00%(upstream:short)%00%(objectname)%00%(upstream:track)%00%(upstream:remotename)%00%(upstream:remoteref) refs/heads/main refs/remotes/main [2ms]
2026-06-15 11:14:37.081 [warning] [Git][revParse] Unable to read file: ENOENT: no such file or directory, open '/home/alunos/.arthuruser001/webdesign.tri2.ativ1/.git/refs/remotes/origin/main'
2026-06-15 11:14:37.085 [info] > git rev-parse refs/remotes/origin/main [4ms]
2026-06-15 11:14:37.111 [info] > git for-each-ref --sort -committerdate --format %(refname)%00%(objectname)%00%(*objectname) [4ms]
2026-06-15 11:14:37.467 [info] > git check-ignore -v -z --stdin [7ms]
2026-06-15 11:14:37.502 [info] > git show --textconv :main.css [19ms]
2026-06-15 11:14:37.507 [info] > git ls-files --stage -- main.css [6ms]
2026-06-15 11:14:37.518 [info] > git cat-file -s 785b4326cfac6b460098f8001121431ec92a58e4 [4ms]
2026-06-15 11:14:37.802 [info] > git status -z -uall [710ms]
2026-06-15 11:14:38.375 [info] > git check-ignore -v -z --stdin [5ms]
2026-06-15 11:14:38.417 [info] > git show --textconv :index.html [12ms]
2026-06-15 11:14:38.421 [info] > git ls-files --stage -- index.html [5ms]
2026-06-15 11:14:38.432 [info] > git cat-file -s 5284b817a6b2f8b751157486a70e2e8c7e2c5f53 [3ms]
2026-06-15 11:14:42.827 [info] > git config --get commit.template [8ms]
2026-06-15 11:14:42.828 [info] > git for-each-ref --format=%(refname)%00%(upstream:short)%00%(objectname)%00%(upstream:track)%00%(upstream:remotename)%00%(upstream:remoteref) refs/heads/main refs/remotes/main [2ms]
2026-06-15 11:14:42.834 [warning] [Git][revParse] Unable to read file: ENOENT: no such file or directory, open '/home/alunos/.arthuruser001/webdesign.tri2.ativ1/.git/refs/remotes/origin/main'
2026-06-15 11:14:42.835 [info] > git rev-parse refs/remotes/origin/main [1ms]
2026-06-15 11:14:42.853 [info] > git for-each-ref --sort -committerdate --format %(refname)%00%(objectname)%00%(*objectname) [2ms]
2026-06-15 11:14:43.475 [info] > git status -z -uall [634ms]
2026-06-15 11:14:48.502 [info] > git config --get commit.template [7ms]
2026-06-15 11:14:48.503 [info] > git for-each-ref --format=%(refname)%00%(upstream:short)%00%(objectname)%00%(upstream:track)%00%(upstream:remotename)%00%(upstream:remoteref) refs/heads/main refs/remotes/main [2ms]
2026-06-15 11:14:48.511 [warning] [Git][revParse] Unable to read file: ENOENT: no such file or directory, open '/home/alunos/.arthuruser001/webdesign.tri2.ativ1/.git/refs/remotes/origin/main'
2026-06-15 11:14:48.513 [info] > git rev-parse refs/remotes/origin/main [1ms]
2026-06-15 11:14:48.529 [info] > git for-each-ref --sort -committerdate --format %(refname)%00%(objectname)%00%(*objectname) [2ms]
2026-06-15 11:14:49.190 [info] > git status -z -uall [672ms]
2026-06-15 11:14:54.220 [info] > git config --get commit.template [7ms]
2026-06-15 11:14:54.221 [info] > git for-each-ref --format=%(refname)%00%(upstream:short)%00%(objectname)%00%(upstream:track)%00%(upstream:remotename)%00%(upstream:remoteref) refs/heads/main refs/remotes/main [2ms]
2026-06-15 11:14:54.228 [warning] [Git][revParse] Unable to read file: ENOENT: no such file or directory, open '/home/alunos/.arthuruser001/webdesign.tri2.ativ1/.git/refs/remotes/origin/main'
2026-06-15 11:14:54.229 [info] > git rev-parse refs/remotes/origin/main [2ms]
2026-06-15 11:14:54.245 [info] > git for-each-ref --sort -committerdate --format %(refname)%00%(objectname)%00%(*objectname) [2ms]
2026-06-15 11:14:54.901 [info] > git status -z -uall [667ms]
2026-06-15 11:14:55.481 [info] > git check-ignore -v -z --stdin [3ms]
2026-06-15 11:14:55.506 [info] > git show --textconv :index.html [12ms]
2026-06-15 11:14:55.509 [info] > git ls-files --stage -- index.html [4ms]
2026-06-15 11:14:55.520 [info] > git cat-file -s 5284b817a6b2f8b751157486a70e2e8c7e2c5f53 [3ms]
2026-06-15 11:14:59.935 [info] > git config --get commit.template [7ms]
2026-06-15 11:14:59.936 [info] > git for-each-ref --format=%(refname)%00%(upstream:short)%00%(objectname)%00%(upstream:track)%00%(upstream:remotename)%00%(upstream:remoteref) refs/heads/main refs/remotes/main [2ms]
2026-06-15 11:14:59.942 [warning] [Git][revParse] Unable to read file: ENOENT: no such file or directory, open '/home/alunos/.arthuruser001/webdesign.tri2.ativ1/.git/refs/remotes/origin/main'
2026-06-15 11:14:59.943 [info] > git rev-parse refs/remotes/origin/main [1ms]
2026-06-15 11:14:59.958 [info] > git for-each-ref --sort -committerdate --format %(refname)%00%(objectname)%00%(*objectname) [2ms]
2026-06-15 11:15:00.561 [info] > git status -z -uall [613ms]
2026-06-15 11:15:00.991 [info] > git check-ignore -v -z --stdin [3ms]
2026-06-15 11:15:05.587 [info] > git config --get commit.template [7ms]
2026-06-15 11:15:05.588 [info] > git for-each-ref --format=%(refname)%00%(upstream:short)%00%(objectname)%00%(upstream:track)%00%(upstream:remotename)%00%(upstream:remoteref) refs/heads/main refs/remotes/main [2ms]
2026-06-15 11:15:05.593 [warning] [Git][revParse] Unable to read file: ENOENT: no such file or directory, open '/home/alunos/.arthuruser001/webdesign.tri2.ativ1/.git/refs/remotes/origin/main'
2026-06-15 11:15:05.595 [info] > git rev-parse refs/remotes/origin/main [2ms]
2026-06-15 11:15:05.610 [info] > git for-each-ref --sort -committerdate --format %(refname)%00%(objectname)%00%(*objectname) [3ms]
2026-06-15 11:15:06.122 [info] > git check-ignore -v -z --stdin [6ms]
2026-06-15 11:15:06.157 [info] > git show --textconv :index.html [21ms]
2026-06-15 11:15:06.168 [info] > git ls-files --stage -- index.html [11ms]
2026-06-15 11:15:06.189 [info] > git cat-file -s 5284b817a6b2f8b751157486a70e2e8c7e2c5f53 [4ms]
2026-06-15 11:15:06.272 [info] > git status -z -uall [673ms]
2026-06-15 11:15:06.718 [info] > git check-ignore -v -z --stdin [2ms]
2026-06-15 11:15:11.292 [info] > git config --get commit.template [2ms]
2026-06-15 11:15:11.300 [info] > git for-each-ref --format=%(refname)%00%(upstream:short)%00%(objectname)%00%(upstream:track)%00%(upstream:remotename)%00%(upstream:remoteref) refs/heads/main refs/remotes/main [2ms]
2026-06-15 11:15:11.305 [warning] [Git][revParse] Unable to read file: ENOENT: no such file or directory, open '/home/alunos/.arthuruser001/webdesign.tri2.ativ1/.git/refs/remotes/origin/main'
2026-06-15 11:15:11.306 [info] > git rev-parse refs/remotes/origin/main [1ms]
2026-06-15 11:15:11.325 [info] > git for-each-ref --sort -committerdate --format %(refname)%00%(objectname)%00%(*objectname) [2ms]
2026-06-15 11:15:11.919 [info] > git status -z -uall [606ms]
2026-06-15 11:15:12.339 [info] > git check-ignore -v -z --stdin [3ms]
2026-06-15 11:15:13.604 [info] > git check-ignore -v -z --stdin [4ms]
2026-06-15 11:15:13.643 [info] > git show --textconv :main.css [13ms]
2026-06-15 11:15:13.647 [info] > git ls-files --stage -- main.css [4ms]
2026-06-15 11:15:13.656 [info] > git cat-file -s 785b4326cfac6b460098f8001121431ec92a58e4 [2ms]
2026-06-15 11:15:16.940 [info] > git config --get commit.template [2ms]
2026-06-15 11:15:16.948 [info] > git for-each-ref --format=%(refname)%00%(upstream:short)%00%(objectname)%00%(upstream:track)%00%(upstream:remotename)%00%(upstream:remoteref) refs/heads/main refs/remotes/main [2ms]
2026-06-15 11:15:16.953 [warning] [Git][revParse] Unable to read file: ENOENT: no such file or directory, open '/home/alunos/.arthuruser001/webdesign.tri2.ativ1/.git/refs/remotes/origin/main'
2026-06-15 11:15:16.954 [info] > git rev-parse refs/remotes/origin/main [1ms]
2026-06-15 11:15:16.969 [info] > git for-each-ref --sort -committerdate --format %(refname)%00%(objectname)%00%(*objectname) [1ms]
2026-06-15 11:15:17.564 [info] > git status -z -uall [604ms]
2026-06-15 11:15:17.992 [info] > git check-ignore -v -z --stdin [3ms]
2026-06-15 11:15:18.683 [info] > git check-ignore -v -z --stdin [6ms]
2026-06-15 11:15:18.731 [info] > git show --textconv :index.html [12ms]
2026-06-15 11:15:18.733 [info] > git ls-files --stage -- index.html [3ms]
2026-06-15 11:15:18.743 [info] > git cat-file -s 5284b817a6b2f8b751157486a70e2e8c7e2c5f53 [2ms]
2026-06-15 11:15:22.588 [info] > git config --get commit.template [7ms]
2026-06-15 11:15:22.589 [info] > git for-each-ref --format=%(refname)%00%(upstream:short)%00%(objectname)%00%(upstream:track)%00%(upstream:remotename)%00%(upstream:remoteref) refs/heads/main refs/remotes/main [2ms]
2026-06-15 11:15:22.594 [warning] [Git][revParse] Unable to read file: ENOENT: no such file or directory, open '/home/alunos/.arthuruser001/webdesign.tri2.ativ1/.git/refs/remotes/origin/main'
2026-06-15 11:15:22.596 [info] > git rev-parse refs/remotes/origin/main [2ms]
2026-06-15 11:15:22.612 [info] > git for-each-ref --sort -committerdate --format %(refname)%00%(objectname)%00%(*objectname) [2ms]
2026-06-15 11:15:23.218 [info] > git status -z -uall [617ms]
2026-06-15 11:15:23.646 [info] > git check-ignore -v -z --stdin [3ms]
2026-06-15 11:15:28.246 [info] > git config --get commit.template [8ms]
2026-06-15 11:15:28.247 [info] > git for-each-ref --format=%(refname)%00%(upstream:short)%00%(objectname)%00%(upstream:track)%00%(upstream:remotename)%00%(upstream:remoteref) refs/heads/main refs/remotes/main [2ms]
2026-06-15 11:15:28.253 [warning] [Git][revParse] Unable to read file: ENOENT: no such file or directory, open '/home/alunos/.arthuruser001/webdesign.tri2.ativ1/.git/refs/remotes/origin/main'
2026-06-15 11:15:28.254 [info] > git rev-parse refs/remotes/origin/main [1ms]
2026-06-15 11:15:28.270 [info] > git for-each-ref --sort -committerdate --format %(refname)%00%(objectname)%00%(*objectname) [1ms]
2026-06-15 11:15:28.863 [info] > git status -z -uall [603ms]
2026-06-15 11:15:29.292 [info] > git check-ignore -v -z --stdin [4ms]
2026-06-15 11:15:33.888 [info] > git config --get commit.template [8ms]
2026-06-15 11:15:33.889 [info] > git for-each-ref --format=%(refname)%00%(upstream:short)%00%(objectname)%00%(upstream:track)%00%(upstream:remotename)%00%(upstream:remoteref) refs/heads/main refs/remotes/main [2ms]
2026-06-15 11:15:33.895 [warning] [Git][revParse] Unable to read file: ENOENT: no such file or directory, open '/home/alunos/.arthuruser001/webdesign.tri2.ativ1/.git/refs/remotes/origin/main'
2026-06-15 11:15:33.897 [info] > git rev-parse refs/remotes/origin/main [2ms]
2026-06-15 11:15:33.912 [info] > git for-each-ref --sort -committerdate --format %(refname)%00%(objectname)%00%(*objectname) [3ms]
2026-06-15 11:15:34.488 [info] > git status -z -uall [587ms]
2026-06-15 11:15:34.906 [info] > git check-ignore -v -z --stdin [3ms]
2026-06-15 11:15:39.515 [info] > git config --get commit.template [7ms]
2026-06-15 11:15:39.517 [info] > git for-each-ref --format=%(refname)%00%(upstream:short)%00%(objectname)%00%(upstream:track)%00%(upstream:remotename)%00%(upstream:remoteref) refs/heads/main refs/remotes/main [2ms]
2026-06-15 11:15:39.522 [warning] [Git][revParse] Unable to read file: ENOENT: no such file or directory, open '/home/alunos/.arthuruser001/webdesign.tri2.ativ1/.git/refs/remotes/origin/main'
2026-06-15 11:15:39.523 [info] > git rev-parse refs/remotes/origin/main [1ms]
2026-06-15 11:15:39.542 [info] > git for-each-ref --sort -committerdate --format %(refname)%00%(objectname)%00%(*objectname) [2ms]
2026-06-15 11:15:40.139 [info] > git status -z -uall [610ms]
2026-06-15 11:15:40.563 [info] > git check-ignore -v -z --stdin [3ms]
2026-06-15 11:15:45.169 [info] > git config --get commit.template [8ms]
2026-06-15 11:15:45.170 [info] > git for-each-ref --format=%(refname)%00%(upstream:short)%00%(objectname)%00%(upstream:track)%00%(upstream:remotename)%00%(upstream:remoteref) refs/heads/main refs/remotes/main [2ms]
2026-06-15 11:15:45.178 [warning] [Git][revParse] Unable to read file: ENOENT: no such file or directory, open '/home/alunos/.arthuruser001/webdesign.tri2.ativ1/.git/refs/remotes/origin/main'
2026-06-15 11:15:45.180 [info] > git rev-parse refs/remotes/origin/main [2ms]
2026-06-15 11:15:45.196 [info] > git for-each-ref --sort -committerdate --format %(refname)%00%(objectname)%00%(*objectname) [2ms]
2026-06-15 11:15:45.863 [info] > git status -z -uall [678ms]
2026-06-15 11:15:46.361 [info] > git check-ignore -v -z --stdin [10ms]
2026-06-15 11:15:46.415 [info] > git show --textconv :main.css [15ms]
2026-06-15 11:15:46.417 [info] > git ls-files --stage -- main.css [5ms]
2026-06-15 11:15:46.428 [info] > git cat-file -s 785b4326cfac6b460098f8001121431ec92a58e4 [1ms]
2026-06-15 11:15:50.885 [info] > git config --get commit.template [2ms]
2026-06-15 11:15:50.896 [info] > git for-each-ref --format=%(refname)%00%(upstream:short)%00%(objectname)%00%(upstream:track)%00%(upstream:remotename)%00%(upstream:remoteref) refs/heads/main refs/remotes/main [2ms]
2026-06-15 11:15:50.902 [warning] [Git][revParse] Unable to read file: ENOENT: no such file or directory, open '/home/alunos/.arthuruser001/webdesign.tri2.ativ1/.git/refs/remotes/origin/main'
2026-06-15 11:15:50.903 [info] > git rev-parse refs/remotes/origin/main [1ms]
2026-06-15 11:15:50.928 [info] > git for-each-ref --sort -committerdate --format %(refname)%00%(objectname)%00%(*objectname) [3ms]
2026-06-15 11:15:51.584 [info] > git status -z -uall [675ms]
2026-06-15 11:15:51.620 [info] > git check-ignore -v -z --stdin [4ms]
2026-06-15 11:15:51.638 [info] > git show --textconv :index.html [8ms]
2026-06-15 11:15:51.643 [info] > git ls-files --stage -- index.html [6ms]
2026-06-15 11:15:51.653 [info] > git cat-file -s 5284b817a6b2f8b751157486a70e2e8c7e2c5f53 [2ms]
2026-06-15 11:15:52.030 [info] > git check-ignore -v -z --stdin [5ms]
2026-06-15 11:15:56.611 [info] > git config --get commit.template [7ms]
2026-06-15 11:15:56.612 [info] > git for-each-ref --format=%(refname)%00%(upstream:short)%00%(objectname)%00%(upstream:track)%00%(upstream:remotename)%00%(upstream:remoteref) refs/heads/main refs/remotes/main [2ms]
2026-06-15 11:15:56.617 [warning] [Git][revParse] Unable to read file: ENOENT: no such file or directory, open '/home/alunos/.arthuruser001/webdesign.tri2.ativ1/.git/refs/remotes/origin/main'
2026-06-15 11:15:56.618 [info] > git rev-parse refs/remotes/origin/main [1ms]
2026-06-15 11:15:56.633 [info] > git for-each-ref --sort -committerdate --format %(refname)%00%(objectname)%00%(*objectname) [1ms]
2026-06-15 11:15:57.243 [info] > git status -z -uall [619ms]
2026-06-15 11:15:57.664 [info] > git check-ignore -v -z --stdin [3ms]
2026-06-15 11:16:02.270 [info] > git config --get commit.template [6ms]
2026-06-15 11:16:02.272 [info] > git for-each-ref --format=%(refname)%00%(upstream:short)%00%(objectname)%00%(upstream:track)%00%(upstream:remotename)%00%(upstream:remoteref) refs/heads/main refs/remotes/main [2ms]
2026-06-15 11:16:02.278 [warning] [Git][revParse] Unable to read file: ENOENT: no such file or directory, open '/home/alunos/.arthuruser001/webdesign.tri2.ativ1/.git/refs/remotes/origin/main'
2026-06-15 11:16:02.279 [info] > git rev-parse refs/remotes/origin/main [1ms]
2026-06-15 11:16:02.294 [info] > git for-each-ref --sort -committerdate --format %(refname)%00%(objectname)%00%(*objectname) [2ms]
2026-06-15 11:16:02.868 [info] > git status -z -uall [584ms]
2026-06-15 11:16:03.287 [info] > git check-ignore -v -z --stdin [3ms]
2026-06-15 11:16:07.886 [info] > git config --get commit.template [2ms]
2026-06-15 11:16:07.894 [info] > git for-each-ref --format=%(refname)%00%(upstream:short)%00%(objectname)%00%(upstream:track)%00%(upstream:remotename)%00%(upstream:remoteref) refs/heads/main refs/remotes/main [2ms]
2026-06-15 11:16:07.899 [warning] [Git][revParse] Unable to read file: ENOENT: no such file or directory, open '/home/alunos/.arthuruser001/webdesign.tri2.ativ1/.git/refs/remotes/origin/main'
2026-06-15 11:16:07.901 [info] > git rev-parse refs/remotes/origin/main [2ms]
2026-06-15 11:16:07.917 [info] > git for-each-ref --sort -committerdate --format %(refname)%00%(objectname)%00%(*objectname) [3ms]
2026-06-15 11:16:08.512 [info] > git status -z -uall [606ms]
2026-06-15 11:16:08.942 [info] > git check-ignore -v -z --stdin [3ms]
2026-06-15 11:16:13.536 [info] > git config --get commit.template [7ms]
2026-06-15 11:16:13.537 [info] > git for-each-ref --format=%(refname)%00%(upstream:short)%00%(objectname)%00%(upstream:track)%00%(upstream:remotename)%00%(upstream:remoteref) refs/heads/main refs/remotes/main [2ms]
2026-06-15 11:16:13.543 [warning] [Git][revParse] Unable to read file: ENOENT: no such file or directory, open '/home/alunos/.arthuruser001/webdesign.tri2.ativ1/.git/refs/remotes/origin/main'
2026-06-15 11:16:13.544 [info] > git rev-parse refs/remotes/origin/main [1ms]
2026-06-15 11:16:13.560 [info] > git for-each-ref --sort -committerdate --format %(refname)%00%(objectname)%00%(*objectname) [2ms]
2026-06-15 11:16:14.154 [info] > git status -z -uall [605ms]
2026-06-15 11:16:14.585 [info] > git check-ignore -v -z --stdin [2ms]
2026-06-15 11:16:15.574 [info] > git check-ignore -v -z --stdin [5ms]
2026-06-15 11:16:15.610 [info] > git show --textconv :index.html [11ms]
2026-06-15 11:16:15.613 [info] > git ls-files --stage -- index.html [4ms]
2026-06-15 11:16:15.623 [info] > git cat-file -s 5284b817a6b2f8b751157486a70e2e8c7e2c5f53 [2ms]
2026-06-15 11:16:21.849 [info] > git config --get commit.template [3ms]
2026-06-15 11:16:21.858 [info] > git for-each-ref --format=%(refname)%00%(upstream:short)%00%(objectname)%00%(upstream:track)%00%(upstream:remotename)%00%(upstream:remoteref) refs/heads/main refs/remotes/main [2ms]
2026-06-15 11:16:21.866 [warning] [Git][revParse] Unable to read file: ENOENT: no such file or directory, open '/home/alunos/.arthuruser001/webdesign.tri2.ativ1/.git/refs/remotes/origin/main'
2026-06-15 11:16:21.867 [info] > git rev-parse refs/remotes/origin/main [2ms]
2026-06-15 11:16:21.883 [info] > git for-each-ref --sort -committerdate --format %(refname)%00%(objectname)%00%(*objectname) [1ms]
2026-06-15 11:16:22.536 [info] > git status -z -uall [664ms]
2026-06-15 11:16:22.971 [info] > git check-ignore -v -z --stdin [4ms]
2026-06-15 11:16:24.204 [info] > git check-ignore -v -z --stdin [4ms]
2026-06-15 11:16:24.223 [info] > git show --textconv :index.html [9ms]
2026-06-15 11:16:24.225 [info] > git ls-files --stage -- index.html [3ms]
2026-06-15 11:16:24.234 [info] > git cat-file -s 5284b817a6b2f8b751157486a70e2e8c7e2c5f53 [2ms]
2026-06-15 11:16:27.563 [info] > git config --get commit.template [6ms]
2026-06-15 11:16:27.564 [info] > git for-each-ref --format=%(refname)%00%(upstream:short)%00%(objectname)%00%(upstream:track)%00%(upstream:remotename)%00%(upstream:remoteref) refs/heads/main refs/remotes/main [2ms]
2026-06-15 11:16:27.569 [warning] [Git][revParse] Unable to read file: ENOENT: no such file or directory, open '/home/alunos/.arthuruser001/webdesign.tri2.ativ1/.git/refs/remotes/origin/main'
2026-06-15 11:16:27.570 [info] > git rev-parse refs/remotes/origin/main [1ms]
2026-06-15 11:16:27.587 [info] > git for-each-ref --sort -committerdate --format %(refname)%00%(objectname)%00%(*objectname) [1ms]
2026-06-15 11:16:28.204 [info] > git status -z -uall [628ms]
2026-06-15 11:16:28.633 [info] > git check-ignore -v -z --stdin [3ms]
2026-06-15 11:16:33.233 [info] > git config --get commit.template [7ms]
2026-06-15 11:16:33.234 [info] > git for-each-ref --format=%(refname)%00%(upstream:short)%00%(objectname)%00%(upstream:track)%00%(upstream:remotename)%00%(upstream:remoteref) refs/heads/main refs/remotes/main [3ms]
2026-06-15 11:16:33.240 [warning] [Git][revParse] Unable to read file: ENOENT: no such file or directory, open '/home/alunos/.arthuruser001/webdesign.tri2.ativ1/.git/refs/remotes/origin/main'
2026-06-15 11:16:33.242 [info] > git rev-parse refs/remotes/origin/main [2ms]
2026-06-15 11:16:33.260 [info] > git for-each-ref --sort -committerdate --format %(refname)%00%(objectname)%00%(*objectname) [2ms]
2026-06-15 11:16:33.868 [info] > git status -z -uall [620ms]
2026-06-15 11:16:34.291 [info] > git check-ignore -v -z --stdin [3ms]
2026-06-15 11:16:38.897 [info] > git config --get commit.template [6ms]
2026-06-15 11:16:38.898 [info] > git for-each-ref --format=%(refname)%00%(upstream:short)%00%(objectname)%00%(upstream:track)%00%(upstream:remotename)%00%(upstream:remoteref) refs/heads/main refs/remotes/main [2ms]
2026-06-15 11:16:38.907 [warning] [Git][revParse] Unable to read file: ENOENT: no such file or directory, open '/home/alunos/.arthuruser001/webdesign.tri2.ativ1/.git/refs/remotes/origin/main'
2026-06-15 11:16:38.908 [info] > git rev-parse refs/remotes/origin/main [1ms]
2026-06-15 11:16:38.924 [info] > git for-each-ref --sort -committerdate --format %(refname)%00%(objectname)%00%(*objectname) [1ms]
2026-06-15 11:16:39.498 [info] > git status -z -uall [585ms]
2026-06-15 11:16:39.919 [info] > git check-ignore -v -z --stdin [3ms]
2026-06-15 11:16:44.523 [info] > git config --get commit.template [7ms]
2026-06-15 11:16:44.525 [info] > git for-each-ref --format=%(refname)%00%(upstream:short)%00%(objectname)%00%(upstream:track)%00%(upstream:remotename)%00%(upstream:remoteref) refs/heads/main refs/remotes/main [3ms]
2026-06-15 11:16:44.531 [warning] [Git][revParse] Unable to read file: ENOENT: no such file or directory, open '/home/alunos/.arthuruser001/webdesign.tri2.ativ1/.git/refs/remotes/origin/main'
2026-06-15 11:16:44.532 [info] > git rev-parse refs/remotes/origin/main [1ms]
2026-06-15 11:16:44.549 [info] > git for-each-ref --sort -committerdate --format %(refname)%00%(objectname)%00%(*objectname) [2ms]
2026-06-15 11:16:45.120 [info] > git status -z -uall [583ms]
2026-06-15 11:16:45.542 [info] > git check-ignore -v -z --stdin [3ms]
2026-06-15 11:16:50.144 [info] > git config --get commit.template [7ms]
2026-06-15 11:16:50.145 [info] > git for-each-ref --format=%(refname)%00%(upstream:short)%00%(objectname)%00%(upstream:track)%00%(upstream:remotename)%00%(upstream:remoteref) refs/heads/main refs/remotes/main [2ms]
2026-06-15 11:16:50.150 [warning] [Git][revParse] Unable to read file: ENOENT: no such file or directory, open '/home/alunos/.arthuruser001/webdesign.tri2.ativ1/.git/refs/remotes/origin/main'
2026-06-15 11:16:50.151 [info] > git rev-parse refs/remotes/origin/main [1ms]
2026-06-15 11:16:50.166 [info] > git for-each-ref --sort -committerdate --format %(refname)%00%(objectname)%00%(*objectname) [4ms]
2026-06-15 11:16:50.741 [info] > git status -z -uall [584ms]
2026-06-15 11:16:51.167 [info] > git check-ignore -v -z --stdin [5ms]
2026-06-15 11:16:55.771 [info] > git for-each-ref --format=%(refname)%00%(upstream:short)%00%(objectname)%00%(upstream:track)%00%(upstream:remotename)%00%(upstream:remoteref) refs/heads/main refs/remotes/main [3ms]
2026-06-15 11:16:55.771 [info] > git config --get commit.template [9ms]
2026-06-15 11:16:55.776 [warning] [Git][revParse] Unable to read file: ENOENT: no such file or directory, open '/home/alunos/.arthuruser001/webdesign.tri2.ativ1/.git/refs/remotes/origin/main'
2026-06-15 11:16:55.778 [info] > git rev-parse refs/remotes/origin/main [2ms]
2026-06-15 11:16:55.794 [info] > git for-each-ref --sort -committerdate --format %(refname)%00%(objectname)%00%(*objectname) [1ms]
2026-06-15 11:16:56.365 [info] > git status -z -uall [583ms]
2026-06-15 11:16:56.782 [info] > git check-ignore -v -z --stdin [3ms]
2026-06-15 11:17:01.392 [info] > git config --get commit.template [7ms]
2026-06-15 11:17:01.393 [info] > git for-each-ref --format=%(refname)%00%(upstream:short)%00%(objectname)%00%(upstream:track)%00%(upstream:remotename)%00%(upstream:remoteref) refs/heads/main refs/remotes/main [2ms]
2026-06-15 11:17:01.398 [warning] [Git][revParse] Unable to read file: ENOENT: no such file or directory, open '/home/alunos/.arthuruser001/webdesign.tri2.ativ1/.git/refs/remotes/origin/main'
2026-06-15 11:17:01.399 [info] > git rev-parse refs/remotes/origin/main [1ms]
2026-06-15 11:17:01.413 [info] > git for-each-ref --sort -committerdate --format %(refname)%00%(objectname)%00%(*objectname) [2ms]
2026-06-15 11:17:01.995 [info] > git status -z -uall [590ms]
2026-06-15 11:17:02.433 [info] > git check-ignore -v -z --stdin [2ms]
2026-06-15 11:17:07.017 [info] > git config --get commit.template [6ms]
2026-06-15 11:17:07.018 [info] > git for-each-ref --format=%(refname)%00%(upstream:short)%00%(objectname)%00%(upstream:track)%00%(upstream:remotename)%00%(upstream:remoteref) refs/heads/main refs/remotes/main [2ms]
2026-06-15 11:17:07.023 [warning] [Git][revParse] Unable to read file: ENOENT: no such file or directory, open '/home/alunos/.arthuruser001/webdesign.tri2.ativ1/.git/refs/remotes/origin/main'
2026-06-15 11:17:07.025 [info] > git rev-parse refs/remotes/origin/main [2ms]
2026-06-15 11:17:07.041 [info] > git for-each-ref --sort -committerdate --format %(refname)%00%(objectname)%00%(*objectname) [2ms]
2026-06-15 11:17:07.613 [info] > git status -z -uall [583ms]
2026-06-15 11:17:08.035 [info] > git check-ignore -v -z --stdin [3ms]
2026-06-15 11:17:12.639 [info] > git config --get commit.template [8ms]
2026-06-15 11:17:12.640 [info] > git for-each-ref --format=%(refname)%00%(upstream:short)%00%(objectname)%00%(upstream:track)%00%(upstream:remotename)%00%(upstream:remoteref) refs/heads/main refs/remotes/main [2ms]
2026-06-15 11:17:12.646 [warning] [Git][revParse] Unable to read file: ENOENT: no such file or directory, open '/home/alunos/.arthuruser001/webdesign.tri2.ativ1/.git/refs/remotes/origin/main'
2026-06-15 11:17:12.647 [info] > git rev-parse refs/remotes/origin/main [1ms]
2026-06-15 11:17:12.662 [info] > git for-each-ref --sort -committerdate --format %(refname)%00%(objectname)%00%(*objectname) [1ms]
2026-06-15 11:17:13.236 [info] > git status -z -uall [584ms]
2026-06-15 11:17:13.679 [info] > git check-ignore -v -z --stdin [3ms]
2026-06-15 11:17:15.674 [info] > git check-ignore -v -z --stdin [3ms]
2026-06-15 11:17:16.236 [info] > git check-ignore -v -z --stdin [3ms]
2026-06-15 11:17:18.260 [info] > git config --get commit.template [7ms]
2026-06-15 11:17:18.261 [info] > git for-each-ref --format=%(refname)%00%(upstream:short)%00%(objectname)%00%(upstream:track)%00%(upstream:remotename)%00%(upstream:remoteref) refs/heads/main refs/remotes/main [2ms]
2026-06-15 11:17:18.268 [warning] [Git][revParse] Unable to read file: ENOENT: no such file or directory, open '/home/alunos/.arthuruser001/webdesign.tri2.ativ1/.git/refs/remotes/origin/main'
2026-06-15 11:17:18.269 [info] > git rev-parse refs/remotes/origin/main [1ms]
2026-06-15 11:17:18.285 [info] > git for-each-ref --sort -committerdate --format %(refname)%00%(objectname)%00%(*objectname) [2ms]
2026-06-15 11:17:18.924 [info] > git status -z -uall [649ms]
2026-06-15 11:17:19.358 [info] > git check-ignore -v -z --stdin [3ms]
2026-06-15 11:17:21.967 [info] > git check-ignore -v -z --stdin [11ms]
2026-06-15 11:17:23.947 [info] > git config --get commit.template [6ms]
2026-06-15 11:17:23.948 [info] > git for-each-ref --format=%(refname)%00%(upstream:short)%00%(objectname)%00%(upstream:track)%00%(upstream:remotename)%00%(upstream:remoteref) refs/heads/main refs/remotes/main [1ms]
2026-06-15 11:17:23.955 [warning] [Git][revParse] Unable to read file: ENOENT: no such file or directory, open '/home/alunos/.arthuruser001/webdesign.tri2.ativ1/.git/refs/remotes/origin/main'
2026-06-15 11:17:23.956 [info] > git rev-parse refs/remotes/origin/main [1ms]
2026-06-15 11:17:23.973 [info] > git for-each-ref --sort -committerdate --format %(refname)%00%(objectname)%00%(*objectname) [2ms]
2026-06-15 11:17:24.585 [info] > git status -z -uall [624ms]
2026-06-15 11:17:25.008 [info] > git check-ignore -v -z --stdin [3ms]
2026-06-15 11:17:29.611 [info] > git config --get commit.template [7ms]
2026-06-15 11:17:29.612 [info] > git for-each-ref --format=%(refname)%00%(upstream:short)%00%(objectname)%00%(upstream:track)%00%(upstream:remotename)%00%(upstream:remoteref) refs/heads/main refs/remotes/main [2ms]
2026-06-15 11:17:29.617 [warning] [Git][revParse] Unable to read file: ENOENT: no such file or directory, open '/home/alunos/.arthuruser001/webdesign.tri2.ativ1/.git/refs/remotes/origin/main'
2026-06-15 11:17:29.619 [info] > git rev-parse refs/remotes/origin/main [2ms]
2026-06-15 11:17:29.636 [info] > git for-each-ref --sort -committerdate --format %(refname)%00%(objectname)%00%(*objectname) [3ms]
2026-06-15 11:17:30.233 [info] > git status -z -uall [609ms]
2026-06-15 11:17:30.672 [info] > git check-ignore -v -z --stdin [3ms]
2026-06-15 11:17:35.262 [info] > git config --get commit.template [7ms]
2026-06-15 11:17:35.263 [info] > git for-each-ref --format=%(refname)%00%(upstream:short)%00%(objectname)%00%(upstream:track)%00%(upstream:remotename)%00%(upstream:remoteref) refs/heads/main refs/remotes/main [2ms]
2026-06-15 11:17:35.268 [warning] [Git][revParse] Unable to read file: ENOENT: no such file or directory, open '/home/alunos/.arthuruser001/webdesign.tri2.ativ1/.git/refs/remotes/origin/main'
2026-06-15 11:17:35.270 [info] > git rev-parse refs/remotes/origin/main [2ms]
2026-06-15 11:17:35.285 [info] > git for-each-ref --sort -committerdate --format %(refname)%00%(objectname)%00%(*objectname) [4ms]
2026-06-15 11:17:35.869 [info] > git status -z -uall [594ms]
2026-06-15 11:17:36.289 [info] > git check-ignore -v -z --stdin [3ms]
2026-06-15 11:17:40.893 [info] > git config --get commit.template [7ms]
2026-06-15 11:17:40.894 [info] > git for-each-ref --format=%(refname)%00%(upstream:short)%00%(objectname)%00%(upstream:track)%00%(upstream:remotename)%00%(upstream:remoteref) refs/heads/main refs/remotes/main [2ms]
2026-06-15 11:17:40.899 [warning] [Git][revParse] Unable to read file: ENOENT: no such file or directory, open '/home/alunos/.arthuruser001/webdesign.tri2.ativ1/.git/refs/remotes/origin/main'
2026-06-15 11:17:40.900 [info] > git rev-parse refs/remotes/origin/main [1ms]
2026-06-15 11:17:40.917 [info] > git for-each-ref --sort -committerdate --format %(refname)%00%(objectname)%00%(*objectname) [2ms]
2026-06-15 11:17:41.490 [info] > git status -z -uall [584ms]
2026-06-15 11:17:41.915 [info] > git check-ignore -v -z --stdin [3ms]
2026-06-15 11:17:46.516 [info] > git config --get commit.template [7ms]
2026-06-15 11:17:46.517 [info] > git for-each-ref --format=%(refname)%00%(upstream:short)%00%(objectname)%00%(upstream:track)%00%(upstream:remotename)%00%(upstream:remoteref) refs/heads/main refs/remotes/main [2ms]
2026-06-15 11:17:46.523 [warning] [Git][revParse] Unable to read file: ENOENT: no such file or directory, open '/home/alunos/.arthuruser001/webdesign.tri2.ativ1/.git/refs/remotes/origin/main'
2026-06-15 11:17:46.524 [info] > git rev-parse refs/remotes/origin/main [1ms]
2026-06-15 11:17:46.539 [info] > git for-each-ref --sort -committerdate --format %(refname)%00%(objectname)%00%(*objectname) [2ms]
2026-06-15 11:17:47.114 [info] > git status -z -uall [585ms]
2026-06-15 11:17:47.536 [info] > git check-ignore -v -z --stdin [4ms]
2026-06-15 11:17:52.139 [info] > git config --get commit.template [7ms]
2026-06-15 11:17:52.140 [info] > git for-each-ref --format=%(refname)%00%(upstream:short)%00%(objectname)%00%(upstream:track)%00%(upstream:remotename)%00%(upstream:remoteref) refs/heads/main refs/remotes/main [1ms]
2026-06-15 11:17:52.145 [warning] [Git][revParse] Unable to read file: ENOENT: no such file or directory, open '/home/alunos/.arthuruser001/webdesign.tri2.ativ1/.git/refs/remotes/origin/main'
2026-06-15 11:17:52.147 [info] > git rev-parse refs/remotes/origin/main [2ms]
2026-06-15 11:17:52.161 [info] > git for-each-ref --sort -committerdate --format %(refname)%00%(objectname)%00%(*objectname) [1ms]
2026-06-15 11:17:52.733 [info] > git status -z -uall [581ms]
2026-06-15 11:17:53.149 [info] > git check-ignore -v -z --stdin [3ms]
2026-06-15 11:17:57.758 [info] > git config --get commit.template [7ms]
2026-06-15 11:17:57.759 [info] > git for-each-ref --format=%(refname)%00%(upstream:short)%00%(objectname)%00%(upstream:track)%00%(upstream:remotename)%00%(upstream:remoteref) refs/heads/main refs/remotes/main [2ms]
2026-06-15 11:17:57.764 [warning] [Git][revParse] Unable to read file: ENOENT: no such file or directory, open '/home/alunos/.arthuruser001/webdesign.tri2.ativ1/.git/refs/remotes/origin/main'
2026-06-15 11:17:57.765 [info] > git rev-parse refs/remotes/origin/main [1ms]
2026-06-15 11:17:57.780 [info] > git for-each-ref --sort -committerdate --format %(refname)%00%(objectname)%00%(*objectname) [3ms]
2026-06-15 11:17:58.355 [info] > git status -z -uall [584ms]
2026-06-15 11:17:58.779 [info] > git check-ignore -v -z --stdin [5ms]
2026-06-15 11:18:03.382 [info] > git config --get commit.template [6ms]
2026-06-15 11:18:03.383 [info] > git for-each-ref --format=%(refname)%00%(upstream:short)%00%(objectname)%00%(upstream:track)%00%(upstream:remotename)%00%(upstream:remoteref) refs/heads/main refs/remotes/main [2ms]
2026-06-15 11:18:03.389 [warning] [Git][revParse] Unable to read file: ENOENT: no such file or directory, open '/home/alunos/.arthuruser001/webdesign.tri2.ativ1/.git/refs/remotes/origin/main'
2026-06-15 11:18:03.390 [info] > git rev-parse refs/remotes/origin/main [1ms]
2026-06-15 11:18:03.405 [info] > git for-each-ref --sort -committerdate --format %(refname)%00%(objectname)%00%(*objectname) [1ms]
2026-06-15 11:18:03.980 [info] > git status -z -uall [585ms]
2026-06-15 11:18:04.402 [info] > git check-ignore -v -z --stdin [3ms]
2026-06-15 11:18:09.006 [info] > git config --get commit.template [7ms]
2026-06-15 11:18:09.007 [info] > git for-each-ref --format=%(refname)%00%(upstream:short)%00%(objectname)%00%(upstream:track)%00%(upstream:remotename)%00%(upstream:remoteref) refs/heads/main refs/remotes/main [2ms]
2026-06-15 11:18:09.012 [warning] [Git][revParse] Unable to read file: ENOENT: no such file or directory, open '/home/alunos/.arthuruser001/webdesign.tri2.ativ1/.git/refs/remotes/origin/main'
2026-06-15 11:18:09.014 [info] > git rev-parse refs/remotes/origin/main [2ms]
2026-06-15 11:18:09.027 [info] > git for-each-ref --sort -committerdate --format %(refname)%00%(objectname)%00%(*objectname) [2ms]
2026-06-15 11:18:09.605 [info] > git status -z -uall [586ms]
2026-06-15 11:18:10.033 [info] > git check-ignore -v -z --stdin [3ms]
2026-06-15 11:18:14.629 [info] > git config --get commit.template [6ms]
2026-06-15 11:18:14.630 [info] > git for-each-ref --format=%(refname)%00%(upstream:short)%00%(objectname)%00%(upstream:track)%00%(upstream:remotename)%00%(upstream:remoteref) refs/heads/main refs/remotes/main [2ms]
2026-06-15 11:18:14.636 [warning] [Git][revParse] Unable to read file: ENOENT: no such file or directory, open '/home/alunos/.arthuruser001/webdesign.tri2.ativ1/.git/refs/remotes/origin/main'
2026-06-15 11:18:14.637 [info] > git rev-parse refs/remotes/origin/main [1ms]
2026-06-15 11:18:14.653 [info] > git for-each-ref --sort -committerdate --format %(refname)%00%(objectname)%00%(*objectname) [2ms]
2026-06-15 11:18:15.226 [info] > git status -z -uall [584ms]
2026-06-15 11:18:15.651 [info] > git check-ignore -v -z --stdin [3ms]
2026-06-15 11:18:20.249 [info] > git config --get commit.template [2ms]
2026-06-15 11:18:20.256 [info] > git for-each-ref --format=%(refname)%00%(upstream:short)%00%(objectname)%00%(upstream:track)%00%(upstream:remotename)%00%(upstream:remoteref) refs/heads/main refs/remotes/main [2ms]
2026-06-15 11:18:20.261 [warning] [Git][revParse] Unable to read file: ENOENT: no such file or directory, open '/home/alunos/.arthuruser001/webdesign.tri2.ativ1/.git/refs/remotes/origin/main'
2026-06-15 11:18:20.263 [info] > git rev-parse refs/remotes/origin/main [2ms]
2026-06-15 11:18:20.280 [info] > git for-each-ref --sort -committerdate --format %(refname)%00%(objectname)%00%(*objectname) [1ms]
2026-06-15 11:18:20.854 [info] > git status -z -uall [586ms]
2026-06-15 11:18:21.276 [info] > git check-ignore -v -z --stdin [3ms]
2026-06-15 11:18:25.873 [info] > git config --get commit.template [2ms]
2026-06-15 11:18:25.880 [info] > git for-each-ref --format=%(refname)%00%(upstream:short)%00%(objectname)%00%(upstream:track)%00%(upstream:remotename)%00%(upstream:remoteref) refs/heads/main refs/remotes/main [2ms]
2026-06-15 11:18:25.886 [warning] [Git][revParse] Unable to read file: ENOENT: no such file or directory, open '/home/alunos/.arthuruser001/webdesign.tri2.ativ1/.git/refs/remotes/origin/main'
2026-06-15 11:18:25.889 [info] > git rev-parse refs/remotes/origin/main [2ms]
2026-06-15 11:18:25.906 [info] > git for-each-ref --sort -committerdate --format %(refname)%00%(objectname)%00%(*objectname) [2ms]
2026-06-15 11:18:26.535 [info] > git status -z -uall [641ms]
2026-06-15 11:18:31.562 [info] > git config --get commit.template [6ms]
2026-06-15 11:18:31.563 [info] > git for-each-ref --format=%(refname)%00%(upstream:short)%00%(objectname)%00%(upstream:track)%00%(upstream:remotename)%00%(upstream:remoteref) refs/heads/main refs/remotes/main [1ms]
2026-06-15 11:18:31.569 [warning] [Git][revParse] Unable to read file: ENOENT: no such file or directory, open '/home/alunos/.arthuruser001/webdesign.tri2.ativ1/.git/refs/remotes/origin/main'
2026-06-15 11:18:31.570 [info] > git rev-parse refs/remotes/origin/main [1ms]
2026-06-15 11:18:31.586 [info] > git for-each-ref --sort -committerdate --format %(refname)%00%(objectname)%00%(*objectname) [1ms]
2026-06-15 11:18:32.202 [info] > git status -z -uall [627ms]
2026-06-15 11:18:37.230 [info] > git config --get commit.template [7ms]
2026-06-15 11:18:37.231 [info] > git for-each-ref --format=%(refname)%00%(upstream:short)%00%(objectname)%00%(upstream:track)%00%(upstream:remotename)%00%(upstream:remoteref) refs/heads/main refs/remotes/main [2ms]
2026-06-15 11:18:37.238 [warning] [Git][revParse] Unable to read file: ENOENT: no such file or directory, open '/home/alunos/.arthuruser001/webdesign.tri2.ativ1/.git/refs/remotes/origin/main'
2026-06-15 11:18:37.239 [info] > git rev-parse refs/remotes/origin/main [1ms]
2026-06-15 11:18:37.256 [info] > git for-each-ref --sort -committerdate --format %(refname)%00%(objectname)%00%(*objectname) [2ms]
2026-06-15 11:18:37.882 [info] > git status -z -uall [638ms]
2026-06-15 11:18:42.919 [info] > git config --get commit.template [7ms]
2026-06-15 11:18:42.933 [info] > git for-each-ref --format=%(refname)%00%(upstream:short)%00%(objectname)%00%(upstream:track)%00%(upstream:remotename)%00%(upstream:remoteref) refs/heads/main refs/remotes/main [4ms]
2026-06-15 11:18:42.947 [warning] [Git][revParse] Unable to read file: ENOENT: no such file or directory, open '/home/alunos/.arthuruser001/webdesign.tri2.ativ1/.git/refs/remotes/origin/main'
2026-06-15 11:18:42.951 [info] > git rev-parse refs/remotes/origin/main [4ms]
2026-06-15 11:18:42.973 [info] > git for-each-ref --sort -committerdate --format %(refname)%00%(objectname)%00%(*objectname) [0ms]
2026-06-15 11:18:43.621 [info] > git status -z -uall [660ms]
2026-06-15 11:18:48.648 [info] > git config --get commit.template [6ms]
2026-06-15 11:18:48.649 [info] > git for-each-ref --format=%(refname)%00%(upstream:short)%00%(objectname)%00%(upstream:track)%00%(upstream:remotename)%00%(upstream:remoteref) refs/heads/main refs/remotes/main [3ms]
2026-06-15 11:18:48.655 [warning] [Git][revParse] Unable to read file: ENOENT: no such file or directory, open '/home/alunos/.arthuruser001/webdesign.tri2.ativ1/.git/refs/remotes/origin/main'
2026-06-15 11:18:48.656 [info] > git rev-parse refs/remotes/origin/main [1ms]
2026-06-15 11:18:48.671 [info] > git for-each-ref --sort -committerdate --format %(refname)%00%(objectname)%00%(*objectname) [4ms]
2026-06-15 11:18:49.300 [info] > git status -z -uall [639ms]
2026-06-15 11:18:54.330 [info] > git config --get commit.template [8ms]
2026-06-15 11:18:54.331 [info] > git for-each-ref --format=%(refname)%00%(upstream:short)%00%(objectname)%00%(upstream:track)%00%(upstream:remotename)%00%(upstream:remoteref) refs/heads/main refs/remotes/main [3ms]
2026-06-15 11:18:54.337 [warning] [Git][revParse] Unable to read file: ENOENT: no such file or directory, open '/home/alunos/.arthuruser001/webdesign.tri2.ativ1/.git/refs/remotes/origin/main'
2026-06-15 11:18:54.339 [info] > git rev-parse refs/remotes/origin/main [2ms]
2026-06-15 11:18:54.353 [info] > git for-each-ref --sort -committerdate --format %(refname)%00%(objectname)%00%(*objectname) [2ms]
2026-06-15 11:18:55.007 [info] > git status -z -uall [663ms]
2026-06-15 11:19:00.034 [info] > git config --get commit.template [8ms]
2026-06-15 11:19:00.035 [info] > git for-each-ref --format=%(refname)%00%(upstream:short)%00%(objectname)%00%(upstream:track)%00%(upstream:remotename)%00%(upstream:remoteref) refs/heads/main refs/remotes/main [2ms]
2026-06-15 11:19:00.045 [warning] [Git][revParse] Unable to read file: ENOENT: no such file or directory, open '/home/alunos/.arthuruser001/webdesign.tri2.ativ1/.git/refs/remotes/origin/main'
2026-06-15 11:19:00.048 [info] > git rev-parse refs/remotes/origin/main [3ms]
2026-06-15 11:19:00.063 [info] > git for-each-ref --sort -committerdate --format %(refname)%00%(objectname)%00%(*objectname) [2ms]
2026-06-15 11:19:00.672 [info] > git status -z -uall [618ms]
2026-06-15 11:19:05.710 [info] > git config --get commit.template [11ms]
2026-06-15 11:19:05.711 [info] > git for-each-ref --format=%(refname)%00%(upstream:short)%00%(objectname)%00%(upstream:track)%00%(upstream:remotename)%00%(upstream:remoteref) refs/heads/main refs/remotes/main [3ms]
2026-06-15 11:19:05.720 [warning] [Git][revParse] Unable to read file: ENOENT: no such file or directory, open '/home/alunos/.arthuruser001/webdesign.tri2.ativ1/.git/refs/remotes/origin/main'
2026-06-15 11:19:05.722 [info] > git rev-parse refs/remotes/origin/main [2ms]
2026-06-15 11:19:05.745 [info] > git for-each-ref --sort -committerdate --format %(refname)%00%(objectname)%00%(*objectname) [2ms]
2026-06-15 11:19:06.441 [info] > git status -z -uall [712ms]
2026-06-15 11:19:11.467 [info] > git config --get commit.template [4ms]
2026-06-15 11:19:11.477 [info] > git for-each-ref --format=%(refname)%00%(upstream:short)%00%(objectname)%00%(upstream:track)%00%(upstream:remotename)%00%(upstream:remoteref) refs/heads/main refs/remotes/main [2ms]
2026-06-15 11:19:11.483 [warning] [Git][revParse] Unable to read file: ENOENT: no such file or directory, open '/home/alunos/.arthuruser001/webdesign.tri2.ativ1/.git/refs/remotes/origin/main'
2026-06-15 11:19:11.484 [info] > git rev-parse refs/remotes/origin/main [1ms]
2026-06-15 11:19:11.502 [info] > git for-each-ref --sort -committerdate --format %(refname)%00%(objectname)%00%(*objectname) [2ms]
2026-06-15 11:19:12.155 [info] > git status -z -uall [665ms]
2026-06-15 11:19:17.186 [info] > git config --get commit.template [8ms]
2026-06-15 11:19:17.188 [info] > git for-each-ref --format=%(refname)%00%(upstream:short)%00%(objectname)%00%(upstream:track)%00%(upstream:remotename)%00%(upstream:remoteref) refs/heads/main refs/remotes/main [3ms]
2026-06-15 11:19:17.193 [warning] [Git][revParse] Unable to read file: ENOENT: no such file or directory, open '/home/alunos/.arthuruser001/webdesign.tri2.ativ1/.git/refs/remotes/origin/main'
2026-06-15 11:19:17.194 [info] > git rev-parse refs/remotes/origin/main [1ms]
2026-06-15 11:19:17.211 [info] > git for-each-ref --sort -committerdate --format %(refname)%00%(objectname)%00%(*objectname) [2ms]
2026-06-15 11:19:17.820 [info] > git status -z -uall [620ms]
2026-06-15 11:19:22.845 [info] > git config --get commit.template [7ms]
2026-06-15 11:19:22.846 [info] > git for-each-ref --format=%(refname)%00%(upstream:short)%00%(objectname)%00%(upstream:track)%00%(upstream:remotename)%00%(upstream:remoteref) refs/heads/main refs/remotes/main [2ms]
2026-06-15 11:19:22.852 [warning] [Git][revParse] Unable to read file: ENOENT: no such file or directory, open '/home/alunos/.arthuruser001/webdesign.tri2.ativ1/.git/refs/remotes/origin/main'
2026-06-15 11:19:22.854 [info] > git rev-parse refs/remotes/origin/main [2ms]
2026-06-15 11:19:22.867 [info] > git for-each-ref --sort -committerdate --format %(refname)%00%(objectname)%00%(*objectname) [2ms]
2026-06-15 11:19:22.917 [info] > git status -z -uall [58ms]
2026-06-15 11:19:27.941 [info] > git config --get commit.template [2ms]
2026-06-15 11:19:27.950 [info] > git for-each-ref --format=%(refname)%00%(upstream:short)%00%(objectname)%00%(upstream:track)%00%(upstream:remotename)%00%(upstream:remoteref) refs/heads/main refs/remotes/main [3ms]
2026-06-15 11:19:27.958 [warning] [Git][revParse] Unable to read file: ENOENT: no such file or directory, open '/home/alunos/.arthuruser001/webdesign.tri2.ativ1/.git/refs/remotes/origin/main'
2026-06-15 11:19:27.960 [info] > git rev-parse refs/remotes/origin/main [2ms]
2026-06-15 11:19:27.977 [info] > git for-each-ref --sort -committerdate --format %(refname)%00%(objectname)%00%(*objectname) [3ms]
2026-06-15 11:19:28.041 [info] > git status -z -uall [74ms]
