["INFO" - 10:58:41] Extension Name: esbenp.prettier-vscode.
["INFO" - 10:58:41] Extension Version: 12.4.0.
["INFO" - 10:58:42] EditorConfig support is enabled, checking for .editorconfig files
["INFO" - 10:58:42] No local configuration (i.e. .prettierrc or .editorconfig) detected, will fall back to VS Code configuration
["INFO" - 10:59:03] EditorConfig support is enabled, checking for .editorconfig files
["INFO" - 10:59:03] No local configuration (i.e. .prettierrc or .editorconfig) detected, will fall back to VS Code configuration
["INFO" - 11:00:05] EditorConfig support is enabled, checking for .editorconfig files
["INFO" - 11:00:05] No local configuration (i.e. .prettierrc or .editorconfig) detected, will fall back to VS Code configuration
["INFO" - 11:05:00] EditorConfig support is enabled, checking for .editorconfig files
["INFO" - 11:05:00] No local configuration (i.e. .prettierrc or .editorconfig) detected, will fall back to VS Code configuration
["INFO" - 11:05:03] EditorConfig support is enabled, checking for .editorconfig files
["INFO" - 11:05:03] No local configuration (i.e. .prettierrc or .editorconfig) detected, will fall back to VS Code configuration
["INFO" - 11:05:05] EditorConfig support is enabled, checking for .editorconfig files
["INFO" - 11:05:05] No local configuration (i.e. .prettierrc or .editorconfig) detected, will fall back to VS Code configuration
["INFO" - 11:05:08] EditorConfig support is enabled, checking for .editorconfig files
["INFO" - 11:05:08] No local configuration (i.e. .prettierrc or .editorconfig) detected, will fall back to VS Code configuration
["INFO" - 11:05:09] EditorConfig support is enabled, checking for .editorconfig files
["INFO" - 11:05:09] No local configuration (i.e. .prettierrc or .editorconfig) detected, will fall back to VS Code configuration
["INFO" - 11:05:12] EditorConfig support is enabled, checking for .editorconfig files
["INFO" - 11:05:12] No local configuration (i.e. .prettierrc or .editorconfig) detected, will fall back to VS Code configuration
["INFO" - 11:05:15] EditorConfig support is enabled, checking for .editorconfig files
["INFO" - 11:05:15] No local configuration (i.e. .prettierrc or .editorconfig) detected, will fall back to VS Code configuration
["INFO" - 11:05:24] EditorConfig support is enabled, checking for .editorconfig files
["INFO" - 11:05:24] No local configuration (i.e. .prettierrc or .editorconfig) detected, will fall back to VS Code configuration
["INFO" - 11:05:31] EditorConfig support is enabled, checking for .editorconfig files
["INFO" - 11:05:31] No local configuration (i.e. .prettierrc or .editorconfig) detected, will fall back to VS Code configuration
["INFO" - 11:05:43] EditorConfig support is enabled, checking for .editorconfig files
["INFO" - 11:05:43] No local configuration (i.e. .prettierrc or .editorconfig) detected, will fall back to VS Code configuration
["INFO" - 11:05:58] EditorConfig support is enabled, checking for .editorconfig files
["INFO" - 11:05:58] No local configuration (i.e. .prettierrc or .editorconfig) detected, will fall back to VS Code configuration
["INFO" - 11:06:06] EditorConfig support is enabled, checking for .editorconfig files
["INFO" - 11:06:06] No local configuration (i.e. .prettierrc or .editorconfig) detected, will fall back to VS Code configuration
["INFO" - 11:06:07] EditorConfig support is enabled, checking for .editorconfig files
["INFO" - 11:06:07] No local configuration (i.e. .prettierrc or .editorconfig) detected, will fall back to VS Code configuration
["INFO" - 11:06:21] EditorConfig support is enabled, checking for .editorconfig files
["INFO" - 11:06:21] No local configuration (i.e. .prettierrc or .editorconfig) detected, will fall back to VS Code configuration
["INFO" - 11:06:23] EditorConfig support is enabled, checking for .editorconfig files
["INFO" - 11:06:23] No local configuration (i.e. .prettierrc or .editorconfig) detected, will fall back to VS Code configuration
["INFO" - 11:08:13] EditorConfig support is enabled, checking for .editorconfig files
["INFO" - 11:08:13] No local configuration (i.e. .prettierrc or .editorconfig) detected, will fall back to VS Code configuration
["INFO" - 11:08:47] EditorConfig support is enabled, checking for .editorconfig files
["INFO" - 11:08:47] No local configuration (i.e. .prettierrc or .editorconfig) detected, will fall back to VS Code configuration
["INFO" - 11:08:47] EditorConfig support is enabled, checking for .editorconfig files
["INFO" - 11:08:47] No local configuration (i.e. .prettierrc or .editorconfig) detected, will fall back to VS Code configuration
["INFO" - 11:08:48] EditorConfig support is enabled, checking for .editorconfig files
["INFO" - 11:08:48] No local configuration (i.e. .prettierrc or .editorconfig) detected, will fall back to VS Code configuration
["INFO" - 11:09:11] EditorConfig support is enabled, checking for .editorconfig files
["INFO" - 11:09:11] No local configuration (i.e. .prettierrc or .editorconfig) detected, will fall back to VS Code configuration
["INFO" - 11:10:22] Formatting file:///home/alunos/.arthuruser001/webdesign.tri2.ativ1/Arthur.css
["INFO" - 11:10:22] EditorConfig support is enabled, checking for .editorconfig files
["INFO" - 11:10:22] No local configuration (i.e. .prettierrc or .editorconfig) detected, will fall back to VS Code configuration
["INFO" - 11:10:22] PrettierInstance:
{
  "__debug": {
    "mockable": {
      "mocked": {},
      "implementations": {}
    }
  },
  "__internal": {
    "errors": {},
    "optionCategories": {
      "CATEGORY_CONFIG": "Config",
      "CATEGORY_EDITOR": "Editor",
      "CATEGORY_FORMAT": "Format",
      "CATEGORY_GLOBAL": "Global",
      "CATEGORY_OTHER": "Other",
      "CATEGORY_OUTPUT": "Output",
      "CATEGORY_SPECIAL": "Special"
    },
    "formatOptionsHiddenDefaults": {
      "astFormat": "estree",
      "printer": {},
      "locStart": null,
      "locEnd": null,
      "getVisitorKeys": null
    },
    "vnopts": {
      "apiDescriptor": {}
    },
    "picocolors": {
      "isColorSupported": false
    },
    "utilities": {}
  },
  "doc": {
    "builders": {
      "line": {
        "type": "line"
      },
      "softline": {
        "type": "line",
        "soft": true
      },
      "hardline": [
        {
          "type": "line",
          "hard": true
        },
        {
          "type": "break-parent"
        }
      ],
      "literalline": [
        {
          "type": "line",
          "hard": true,
          "literal": true
        },
        {
          "type": "break-parent"
        }
      ],
      "lineSuffixBoundary": {
        "type": "line-suffix-boundary"
      },
      "cursor": {
        "type": "cursor"
      },
      "breakParent": {
        "type": "break-parent"
      },
      "trim": {
        "type": "trim"
      },
      "hardlineWithoutBreakParent": {
        "type": "line",
        "hard": true
      },
      "literallineWithoutBreakParent": {
        "type": "line",
        "hard": true,
        "literal": true
      }
    },
    "default": {
      "builders": {
        "line": {
          "type": "line"
        },
        "softline": {
          "type": "line",
          "soft": true
        },
        "hardline": [
          {
            "type": "line",
            "hard": true
          },
          {
            "type": "break-parent"
          }
        ],
        "literalline": [
          {
            "type": "line",
            "hard": true,
            "literal": true
          },
          {
            "type": "break-parent"
          }
        ],
        "lineSuffixBoundary": {
          "type": "line-suffix-boundary"
        },
        "cursor": {
          "type": "cursor"
        },
        "breakParent": {
          "type": "break-parent"
        },
        "trim": {
          "type": "trim"
        },
        "hardlineWithoutBreakParent": {
          "type": "line",
          "hard": true
        },
        "literallineWithoutBreakParent": {
          "type": "line",
          "hard": true,
          "literal": true
        }
      },
      "printer": {},
      "utils": {}
    },
    "printer": {},
    "utils": {}
  },
  "util": {},
  "version": "3.7.4"
}
["WARN" - 11:10:22] Unable to resolve ignore path: .prettierignore for /home/alunos/.arthuruser001/webdesign.tri2.ativ1/Arthur.css
["INFO" - 11:10:22] Resolved plugins:
[]
["INFO" - 11:10:22] File Info:
{
  "ignored": false,
  "inferredParser": "css"
}
["INFO" - 11:10:22] Using VS Code configuration
["INFO" - 11:10:22] Prettier Options:
{
  "arrowParens": "always",
  "bracketSpacing": true,
  "endOfLine": "lf",
  "htmlWhitespaceSensitivity": "css",
  "insertPragma": false,
  "singleAttributePerLine": false,
  "bracketSameLine": false,
  "jsxBracketSameLine": false,
  "jsxSingleQuote": false,
  "printWidth": 80,
  "proseWrap": "preserve",
  "quoteProps": "as-needed",
  "requirePragma": false,
  "semi": true,
  "singleQuote": false,
  "tabWidth": 2,
  "trailingComma": "all",
  "useTabs": false,
  "embeddedLanguageFormatting": "auto",
  "vueIndentScriptAndStyle": false,
  "experimentalTernaries": false,
  "objectWrap": "preserve",
  "experimentalOperatorPosition": "end",
  "filepath": "/home/alunos/.arthuruser001/webdesign.tri2.ativ1/Arthur.css",
  "parser": "css"
}
["INFO" - 11:10:22] Formatting completed in 46ms.
["INFO" - 11:10:22] Formatting file:///home/alunos/.arthuruser001/webdesign.tri2.ativ1/Arthur.css
["INFO" - 11:10:22] EditorConfig support is enabled, checking for .editorconfig files
["INFO" - 11:10:22] No local configuration (i.e. .prettierrc or .editorconfig) detected, will fall back to VS Code configuration
["INFO" - 11:10:22] PrettierInstance:
{
  "__debug": {
    "mockable": {
      "mocked": {},
      "implementations": {}
    }
  },
  "__internal": {
    "errors": {},
    "optionCategories": {
      "CATEGORY_CONFIG": "Config",
      "CATEGORY_EDITOR": "Editor",
      "CATEGORY_FORMAT": "Format",
      "CATEGORY_GLOBAL": "Global",
      "CATEGORY_OTHER": "Other",
      "CATEGORY_OUTPUT": "Output",
      "CATEGORY_SPECIAL": "Special"
    },
    "formatOptionsHiddenDefaults": {
      "astFormat": "estree",
      "printer": {},
      "locStart": null,
      "locEnd": null,
      "getVisitorKeys": null
    },
    "vnopts": {
      "apiDescriptor": {}
    },
    "picocolors": {
      "isColorSupported": false
    },
    "utilities": {}
  },
  "doc": {
    "builders": {
      "line": {
        "type": "line"
      },
      "softline": {
        "type": "line",
        "soft": true
      },
      "hardline": [
        {
          "type": "line",
          "hard": true
        },
        {
          "type": "break-parent"
        }
      ],
      "literalline": [
        {
          "type": "line",
          "hard": true,
          "literal": true
        },
        {
          "type": "break-parent"
        }
      ],
      "lineSuffixBoundary": {
        "type": "line-suffix-boundary"
      },
      "cursor": {
        "type": "cursor"
      },
      "breakParent": {
        "type": "break-parent"
      },
      "trim": {
        "type": "trim"
      },
      "hardlineWithoutBreakParent": {
        "type": "line",
        "hard": true
      },
      "literallineWithoutBreakParent": {
        "type": "line",
        "hard": true,
        "literal": true
      }
    },
    "default": {
      "builders": {
        "line": {
          "type": "line"
        },
        "softline": {
          "type": "line",
          "soft": true
        },
        "hardline": [
          {
            "type": "line",
            "hard": true
          },
          {
            "type": "break-parent"
          }
        ],
        "literalline": [
          {
            "type": "line",
            "hard": true,
            "literal": true
          },
          {
            "type": "break-parent"
          }
        ],
        "lineSuffixBoundary": {
          "type": "line-suffix-boundary"
        },
        "cursor": {
          "type": "cursor"
        },
        "breakParent": {
          "type": "break-parent"
        },
        "trim": {
          "type": "trim"
        },
        "hardlineWithoutBreakParent": {
          "type": "line",
          "hard": true
        },
        "literallineWithoutBreakParent": {
          "type": "line",
          "hard": true,
          "literal": true
        }
      },
      "printer": {},
      "utils": {}
    },
    "printer": {},
    "utils": {}
  },
  "util": {},
  "version": "3.7.4"
}
["WARN" - 11:10:22] Unable to resolve ignore path: .prettierignore for /home/alunos/.arthuruser001/webdesign.tri2.ativ1/Arthur.css
["INFO" - 11:10:22] Resolved plugins:
[]
["INFO" - 11:10:22] File Info:
{
  "ignored": false,
  "inferredParser": "css"
}
["INFO" - 11:10:22] Using VS Code configuration
["INFO" - 11:10:22] Prettier Options:
{
  "arrowParens": "always",
  "bracketSpacing": true,
  "endOfLine": "lf",
  "htmlWhitespaceSensitivity": "css",
  "insertPragma": false,
  "singleAttributePerLine": false,
  "bracketSameLine": false,
  "jsxBracketSameLine": false,
  "jsxSingleQuote": false,
  "printWidth": 80,
  "proseWrap": "preserve",
  "quoteProps": "as-needed",
  "requirePragma": false,
  "semi": true,
  "singleQuote": false,
  "tabWidth": 2,
  "trailingComma": "all",
  "useTabs": false,
  "embeddedLanguageFormatting": "auto",
  "vueIndentScriptAndStyle": false,
  "experimentalTernaries": false,
  "objectWrap": "preserve",
  "experimentalOperatorPosition": "end",
  "filepath": "/home/alunos/.arthuruser001/webdesign.tri2.ativ1/Arthur.css",
  "parser": "css"
}
["INFO" - 11:10:22] Formatting completed in 20ms.
["INFO" - 11:10:23] Formatting file:///home/alunos/.arthuruser001/webdesign.tri2.ativ1/Arthur.css
["INFO" - 11:10:23] EditorConfig support is enabled, checking for .editorconfig files
["INFO" - 11:10:23] No local configuration (i.e. .prettierrc or .editorconfig) detected, will fall back to VS Code configuration
["INFO" - 11:10:23] PrettierInstance:
{
  "__debug": {
    "mockable": {
      "mocked": {},
      "implementations": {}
    }
  },
  "__internal": {
    "errors": {},
    "optionCategories": {
      "CATEGORY_CONFIG": "Config",
      "CATEGORY_EDITOR": "Editor",
      "CATEGORY_FORMAT": "Format",
      "CATEGORY_GLOBAL": "Global",
      "CATEGORY_OTHER": "Other",
      "CATEGORY_OUTPUT": "Output",
      "CATEGORY_SPECIAL": "Special"
    },
    "formatOptionsHiddenDefaults": {
      "astFormat": "estree",
      "printer": {},
      "locStart": null,
      "locEnd": null,
      "getVisitorKeys": null
    },
    "vnopts": {
      "apiDescriptor": {}
    },
    "picocolors": {
      "isColorSupported": false
    },
    "utilities": {}
  },
  "doc": {
    "builders": {
      "line": {
        "type": "line"
      },
      "softline": {
        "type": "line",
        "soft": true
      },
      "hardline": [
        {
          "type": "line",
          "hard": true
        },
        {
          "type": "break-parent"
        }
      ],
      "literalline": [
        {
          "type": "line",
          "hard": true,
          "literal": true
        },
        {
          "type": "break-parent"
        }
      ],
      "lineSuffixBoundary": {
        "type": "line-suffix-boundary"
      },
      "cursor": {
        "type": "cursor"
      },
      "breakParent": {
        "type": "break-parent"
      },
      "trim": {
        "type": "trim"
      },
      "hardlineWithoutBreakParent": {
        "type": "line",
        "hard": true
      },
      "literallineWithoutBreakParent": {
        "type": "line",
        "hard": true,
        "literal": true
      }
    },
    "default": {
      "builders": {
        "line": {
          "type": "line"
        },
        "softline": {
          "type": "line",
          "soft": true
        },
        "hardline": [
          {
            "type": "line",
            "hard": true
          },
          {
            "type": "break-parent"
          }
        ],
        "literalline": [
          {
            "type": "line",
            "hard": true,
            "literal": true
          },
          {
            "type": "break-parent"
          }
        ],
        "lineSuffixBoundary": {
          "type": "line-suffix-boundary"
        },
        "cursor": {
          "type": "cursor"
        },
        "breakParent": {
          "type": "break-parent"
        },
        "trim": {
          "type": "trim"
        },
        "hardlineWithoutBreakParent": {
          "type": "line",
          "hard": true
        },
        "literallineWithoutBreakParent": {
          "type": "line",
          "hard": true,
          "literal": true
        }
      },
      "printer": {},
      "utils": {}
    },
    "printer": {},
    "utils": {}
  },
  "util": {},
  "version": "3.7.4"
}
["WARN" - 11:10:23] Unable to resolve ignore path: .prettierignore for /home/alunos/.arthuruser001/webdesign.tri2.ativ1/Arthur.css
["INFO" - 11:10:23] Resolved plugins:
[]
["INFO" - 11:10:23] File Info:
{
  "ignored": false,
  "inferredParser": "css"
}
["INFO" - 11:10:23] Using VS Code configuration
["INFO" - 11:10:23] Prettier Options:
{
  "arrowParens": "always",
  "bracketSpacing": true,
  "endOfLine": "lf",
  "htmlWhitespaceSensitivity": "css",
  "insertPragma": false,
  "singleAttributePerLine": false,
  "bracketSameLine": false,
  "jsxBracketSameLine": false,
  "jsxSingleQuote": false,
  "printWidth": 80,
  "proseWrap": "preserve",
  "quoteProps": "as-needed",
  "requirePragma": false,
  "semi": true,
  "singleQuote": false,
  "tabWidth": 2,
  "trailingComma": "all",
  "useTabs": false,
  "embeddedLanguageFormatting": "auto",
  "vueIndentScriptAndStyle": false,
  "experimentalTernaries": false,
  "objectWrap": "preserve",
  "experimentalOperatorPosition": "end",
  "filepath": "/home/alunos/.arthuruser001/webdesign.tri2.ativ1/Arthur.css",
  "parser": "css"
}
["INFO" - 11:10:23] Formatting completed in 18ms.
["INFO" - 11:10:23] Formatting file:///home/alunos/.arthuruser001/webdesign.tri2.ativ1/Arthur.css
["INFO" - 11:10:23] EditorConfig support is enabled, checking for .editorconfig files
["INFO" - 11:10:23] No local configuration (i.e. .prettierrc or .editorconfig) detected, will fall back to VS Code configuration
["INFO" - 11:10:23] PrettierInstance:
{
  "__debug": {
    "mockable": {
      "mocked": {},
      "implementations": {}
    }
  },
  "__internal": {
    "errors": {},
    "optionCategories": {
      "CATEGORY_CONFIG": "Config",
      "CATEGORY_EDITOR": "Editor",
      "CATEGORY_FORMAT": "Format",
      "CATEGORY_GLOBAL": "Global",
      "CATEGORY_OTHER": "Other",
      "CATEGORY_OUTPUT": "Output",
      "CATEGORY_SPECIAL": "Special"
    },
    "formatOptionsHiddenDefaults": {
      "astFormat": "estree",
      "printer": {},
      "locStart": null,
      "locEnd": null,
      "getVisitorKeys": null
    },
    "vnopts": {
      "apiDescriptor": {}
    },
    "picocolors": {
      "isColorSupported": false
    },
    "utilities": {}
  },
  "doc": {
    "builders": {
      "line": {
        "type": "line"
      },
      "softline": {
        "type": "line",
        "soft": true
      },
      "hardline": [
        {
          "type": "line",
          "hard": true
        },
        {
          "type": "break-parent"
        }
      ],
      "literalline": [
        {
          "type": "line",
          "hard": true,
          "literal": true
        },
        {
          "type": "break-parent"
        }
      ],
      "lineSuffixBoundary": {
        "type": "line-suffix-boundary"
      },
      "cursor": {
        "type": "cursor"
      },
      "breakParent": {
        "type": "break-parent"
      },
      "trim": {
        "type": "trim"
      },
      "hardlineWithoutBreakParent": {
        "type": "line",
        "hard": true
      },
      "literallineWithoutBreakParent": {
        "type": "line",
        "hard": true,
        "literal": true
      }
    },
    "default": {
      "builders": {
        "line": {
          "type": "line"
        },
        "softline": {
          "type": "line",
          "soft": true
        },
        "hardline": [
          {
            "type": "line",
            "hard": true
          },
          {
            "type": "break-parent"
          }
        ],
        "literalline": [
          {
            "type": "line",
            "hard": true,
            "literal": true
          },
          {
            "type": "break-parent"
          }
        ],
        "lineSuffixBoundary": {
          "type": "line-suffix-boundary"
        },
        "cursor": {
          "type": "cursor"
        },
        "breakParent": {
          "type": "break-parent"
        },
        "trim": {
          "type": "trim"
        },
        "hardlineWithoutBreakParent": {
          "type": "line",
          "hard": true
        },
        "literallineWithoutBreakParent": {
          "type": "line",
          "hard": true,
          "literal": true
        }
      },
      "printer": {},
      "utils": {}
    },
    "printer": {},
    "utils": {}
  },
  "util": {},
  "version": "3.7.4"
}
["WARN" - 11:10:23] Unable to resolve ignore path: .prettierignore for /home/alunos/.arthuruser001/webdesign.tri2.ativ1/Arthur.css
["INFO" - 11:10:23] Resolved plugins:
[]
["INFO" - 11:10:23] File Info:
{
  "ignored": false,
  "inferredParser": "css"
}
["INFO" - 11:10:23] Using VS Code configuration
["INFO" - 11:10:23] Prettier Options:
{
  "arrowParens": "always",
  "bracketSpacing": true,
  "endOfLine": "lf",
  "htmlWhitespaceSensitivity": "css",
  "insertPragma": false,
  "singleAttributePerLine": false,
  "bracketSameLine": false,
  "jsxBracketSameLine": false,
  "jsxSingleQuote": false,
  "printWidth": 80,
  "proseWrap": "preserve",
  "quoteProps": "as-needed",
  "requirePragma": false,
  "semi": true,
  "singleQuote": false,
  "tabWidth": 2,
  "trailingComma": "all",
  "useTabs": false,
  "embeddedLanguageFormatting": "auto",
  "vueIndentScriptAndStyle": false,
  "experimentalTernaries": false,
  "objectWrap": "preserve",
  "experimentalOperatorPosition": "end",
  "filepath": "/home/alunos/.arthuruser001/webdesign.tri2.ativ1/Arthur.css",
  "parser": "css"
}
["INFO" - 11:10:23] Formatting completed in 19ms.
["INFO" - 11:10:23] Formatting file:///home/alunos/.arthuruser001/webdesign.tri2.ativ1/Arthur.css
["INFO" - 11:10:23] EditorConfig support is enabled, checking for .editorconfig files
["INFO" - 11:10:23] No local configuration (i.e. .prettierrc or .editorconfig) detected, will fall back to VS Code configuration
["INFO" - 11:10:23] PrettierInstance:
{
  "__debug": {
    "mockable": {
      "mocked": {},
      "implementations": {}
    }
  },
  "__internal": {
    "errors": {},
    "optionCategories": {
      "CATEGORY_CONFIG": "Config",
      "CATEGORY_EDITOR": "Editor",
      "CATEGORY_FORMAT": "Format",
      "CATEGORY_GLOBAL": "Global",
      "CATEGORY_OTHER": "Other",
      "CATEGORY_OUTPUT": "Output",
      "CATEGORY_SPECIAL": "Special"
    },
    "formatOptionsHiddenDefaults": {
      "astFormat": "estree",
      "printer": {},
      "locStart": null,
      "locEnd": null,
      "getVisitorKeys": null
    },
    "vnopts": {
      "apiDescriptor": {}
    },
    "picocolors": {
      "isColorSupported": false
    },
    "utilities": {}
  },
  "doc": {
    "builders": {
      "line": {
        "type": "line"
      },
      "softline": {
        "type": "line",
        "soft": true
      },
      "hardline": [
        {
          "type": "line",
          "hard": true
        },
        {
          "type": "break-parent"
        }
      ],
      "literalline": [
        {
          "type": "line",
          "hard": true,
          "literal": true
        },
        {
          "type": "break-parent"
        }
      ],
      "lineSuffixBoundary": {
        "type": "line-suffix-boundary"
      },
      "cursor": {
        "type": "cursor"
      },
      "breakParent": {
        "type": "break-parent"
      },
      "trim": {
        "type": "trim"
      },
      "hardlineWithoutBreakParent": {
        "type": "line",
        "hard": true
      },
      "literallineWithoutBreakParent": {
        "type": "line",
        "hard": true,
        "literal": true
      }
    },
    "default": {
      "builders": {
        "line": {
          "type": "line"
        },
        "softline": {
          "type": "line",
          "soft": true
        },
        "hardline": [
          {
            "type": "line",
            "hard": true
          },
          {
            "type": "break-parent"
          }
        ],
        "literalline": [
          {
            "type": "line",
            "hard": true,
            "literal": true
          },
          {
            "type": "break-parent"
          }
        ],
        "lineSuffixBoundary": {
          "type": "line-suffix-boundary"
        },
        "cursor": {
          "type": "cursor"
        },
        "breakParent": {
          "type": "break-parent"
        },
        "trim": {
          "type": "trim"
        },
        "hardlineWithoutBreakParent": {
          "type": "line",
          "hard": true
        },
        "literallineWithoutBreakParent": {
          "type": "line",
          "hard": true,
          "literal": true
        }
      },
      "printer": {},
      "utils": {}
    },
    "printer": {},
    "utils": {}
  },
  "util": {},
  "version": "3.7.4"
}
["WARN" - 11:10:23] Unable to resolve ignore path: .prettierignore for /home/alunos/.arthuruser001/webdesign.tri2.ativ1/Arthur.css
["INFO" - 11:10:23] Resolved plugins:
[]
["INFO" - 11:10:23] File Info:
{
  "ignored": false,
  "inferredParser": "css"
}
["INFO" - 11:10:23] Using VS Code configuration
["INFO" - 11:10:23] Prettier Options:
{
  "arrowParens": "always",
  "bracketSpacing": true,
  "endOfLine": "lf",
  "htmlWhitespaceSensitivity": "css",
  "insertPragma": false,
  "singleAttributePerLine": false,
  "bracketSameLine": false,
  "jsxBracketSameLine": false,
  "jsxSingleQuote": false,
  "printWidth": 80,
  "proseWrap": "preserve",
  "quoteProps": "as-needed",
  "requirePragma": false,
  "semi": true,
  "singleQuote": false,
  "tabWidth": 2,
  "trailingComma": "all",
  "useTabs": false,
  "embeddedLanguageFormatting": "auto",
  "vueIndentScriptAndStyle": false,
  "experimentalTernaries": false,
  "objectWrap": "preserve",
  "experimentalOperatorPosition": "end",
  "filepath": "/home/alunos/.arthuruser001/webdesign.tri2.ativ1/Arthur.css",
  "parser": "css"
}
["INFO" - 11:10:23] Formatting completed in 17ms.
["INFO" - 11:10:23] Formatting file:///home/alunos/.arthuruser001/webdesign.tri2.ativ1/Arthur.css
["INFO" - 11:10:23] EditorConfig support is enabled, checking for .editorconfig files
["INFO" - 11:10:23] No local configuration (i.e. .prettierrc or .editorconfig) detected, will fall back to VS Code configuration
["INFO" - 11:10:23] PrettierInstance:
{
  "__debug": {
    "mockable": {
      "mocked": {},
      "implementations": {}
    }
  },
  "__internal": {
    "errors": {},
    "optionCategories": {
      "CATEGORY_CONFIG": "Config",
      "CATEGORY_EDITOR": "Editor",
      "CATEGORY_FORMAT": "Format",
      "CATEGORY_GLOBAL": "Global",
      "CATEGORY_OTHER": "Other",
      "CATEGORY_OUTPUT": "Output",
      "CATEGORY_SPECIAL": "Special"
    },
    "formatOptionsHiddenDefaults": {
      "astFormat": "estree",
      "printer": {},
      "locStart": null,
      "locEnd": null,
      "getVisitorKeys": null
    },
    "vnopts": {
      "apiDescriptor": {}
    },
    "picocolors": {
      "isColorSupported": false
    },
    "utilities": {}
  },
  "doc": {
    "builders": {
      "line": {
        "type": "line"
      },
      "softline": {
        "type": "line",
        "soft": true
      },
      "hardline": [
        {
          "type": "line",
          "hard": true
        },
        {
          "type": "break-parent"
        }
      ],
      "literalline": [
        {
          "type": "line",
          "hard": true,
          "literal": true
        },
        {
          "type": "break-parent"
        }
      ],
      "lineSuffixBoundary": {
        "type": "line-suffix-boundary"
      },
      "cursor": {
        "type": "cursor"
      },
      "breakParent": {
        "type": "break-parent"
      },
      "trim": {
        "type": "trim"
      },
      "hardlineWithoutBreakParent": {
        "type": "line",
        "hard": true
      },
      "literallineWithoutBreakParent": {
        "type": "line",
        "hard": true,
        "literal": true
      }
    },
    "default": {
      "builders": {
        "line": {
          "type": "line"
        },
        "softline": {
          "type": "line",
          "soft": true
        },
        "hardline": [
          {
            "type": "line",
            "hard": true
          },
          {
            "type": "break-parent"
          }
        ],
        "literalline": [
          {
            "type": "line",
            "hard": true,
            "literal": true
          },
          {
            "type": "break-parent"
          }
        ],
        "lineSuffixBoundary": {
          "type": "line-suffix-boundary"
        },
        "cursor": {
          "type": "cursor"
        },
        "breakParent": {
          "type": "break-parent"
        },
        "trim": {
          "type": "trim"
        },
        "hardlineWithoutBreakParent": {
          "type": "line",
          "hard": true
        },
        "literallineWithoutBreakParent": {
          "type": "line",
          "hard": true,
          "literal": true
        }
      },
      "printer": {},
      "utils": {}
    },
    "printer": {},
    "utils": {}
  },
  "util": {},
  "version": "3.7.4"
}
["WARN" - 11:10:23] Unable to resolve ignore path: .prettierignore for /home/alunos/.arthuruser001/webdesign.tri2.ativ1/Arthur.css
["INFO" - 11:10:23] Resolved plugins:
[]
["INFO" - 11:10:23] File Info:
{
  "ignored": false,
  "inferredParser": "css"
}
["INFO" - 11:10:23] Using VS Code configuration
["INFO" - 11:10:23] Prettier Options:
{
  "arrowParens": "always",
  "bracketSpacing": true,
  "endOfLine": "lf",
  "htmlWhitespaceSensitivity": "css",
  "insertPragma": false,
  "singleAttributePerLine": false,
  "bracketSameLine": false,
  "jsxBracketSameLine": false,
  "jsxSingleQuote": false,
  "printWidth": 80,
  "proseWrap": "preserve",
  "quoteProps": "as-needed",
  "requirePragma": false,
  "semi": true,
  "singleQuote": false,
  "tabWidth": 2,
  "trailingComma": "all",
  "useTabs": false,
  "embeddedLanguageFormatting": "auto",
  "vueIndentScriptAndStyle": false,
  "experimentalTernaries": false,
  "objectWrap": "preserve",
  "experimentalOperatorPosition": "end",
  "filepath": "/home/alunos/.arthuruser001/webdesign.tri2.ativ1/Arthur.css",
  "parser": "css"
}
["INFO" - 11:10:23] Formatting completed in 16ms.
["INFO" - 11:10:23] Formatting file:///home/alunos/.arthuruser001/webdesign.tri2.ativ1/Arthur.css
["INFO" - 11:10:23] EditorConfig support is enabled, checking for .editorconfig files
["INFO" - 11:10:23] No local configuration (i.e. .prettierrc or .editorconfig) detected, will fall back to VS Code configuration
["INFO" - 11:10:23] PrettierInstance:
{
  "__debug": {
    "mockable": {
      "mocked": {},
      "implementations": {}
    }
  },
  "__internal": {
    "errors": {},
    "optionCategories": {
      "CATEGORY_CONFIG": "Config",
      "CATEGORY_EDITOR": "Editor",
      "CATEGORY_FORMAT": "Format",
      "CATEGORY_GLOBAL": "Global",
      "CATEGORY_OTHER": "Other",
      "CATEGORY_OUTPUT": "Output",
      "CATEGORY_SPECIAL": "Special"
    },
    "formatOptionsHiddenDefaults": {
      "astFormat": "estree",
      "printer": {},
      "locStart": null,
      "locEnd": null,
      "getVisitorKeys": null
    },
    "vnopts": {
      "apiDescriptor": {}
    },
    "picocolors": {
      "isColorSupported": false
    },
    "utilities": {}
  },
  "doc": {
    "builders": {
      "line": {
        "type": "line"
      },
      "softline": {
        "type": "line",
        "soft": true
      },
      "hardline": [
        {
          "type": "line",
          "hard": true
        },
        {
          "type": "break-parent"
        }
      ],
      "literalline": [
        {
          "type": "line",
          "hard": true,
          "literal": true
        },
        {
          "type": "break-parent"
        }
      ],
      "lineSuffixBoundary": {
        "type": "line-suffix-boundary"
      },
      "cursor": {
        "type": "cursor"
      },
      "breakParent": {
        "type": "break-parent"
      },
      "trim": {
        "type": "trim"
      },
      "hardlineWithoutBreakParent": {
        "type": "line",
        "hard": true
      },
      "literallineWithoutBreakParent": {
        "type": "line",
        "hard": true,
        "literal": true
      }
    },
    "default": {
      "builders": {
        "line": {
          "type": "line"
        },
        "softline": {
          "type": "line",
          "soft": true
        },
        "hardline": [
          {
            "type": "line",
            "hard": true
          },
          {
            "type": "break-parent"
          }
        ],
        "literalline": [
          {
            "type": "line",
            "hard": true,
            "literal": true
          },
          {
            "type": "break-parent"
          }
        ],
        "lineSuffixBoundary": {
          "type": "line-suffix-boundary"
        },
        "cursor": {
          "type": "cursor"
        },
        "breakParent": {
          "type": "break-parent"
        },
        "trim": {
          "type": "trim"
        },
        "hardlineWithoutBreakParent": {
          "type": "line",
          "hard": true
        },
        "literallineWithoutBreakParent": {
          "type": "line",
          "hard": true,
          "literal": true
        }
      },
      "printer": {},
      "utils": {}
    },
    "printer": {},
    "utils": {}
  },
  "util": {},
  "version": "3.7.4"
}
["WARN" - 11:10:23] Unable to resolve ignore path: .prettierignore for /home/alunos/.arthuruser001/webdesign.tri2.ativ1/Arthur.css
["INFO" - 11:10:23] Resolved plugins:
[]
["INFO" - 11:10:23] File Info:
{
  "ignored": false,
  "inferredParser": "css"
}
["INFO" - 11:10:23] Using VS Code configuration
["INFO" - 11:10:23] Prettier Options:
{
  "arrowParens": "always",
  "bracketSpacing": true,
  "endOfLine": "lf",
  "htmlWhitespaceSensitivity": "css",
  "insertPragma": false,
  "singleAttributePerLine": false,
  "bracketSameLine": false,
  "jsxBracketSameLine": false,
  "jsxSingleQuote": false,
  "printWidth": 80,
  "proseWrap": "preserve",
  "quoteProps": "as-needed",
  "requirePragma": false,
  "semi": true,
  "singleQuote": false,
  "tabWidth": 2,
  "trailingComma": "all",
  "useTabs": false,
  "embeddedLanguageFormatting": "auto",
  "vueIndentScriptAndStyle": false,
  "experimentalTernaries": false,
  "objectWrap": "preserve",
  "experimentalOperatorPosition": "end",
  "filepath": "/home/alunos/.arthuruser001/webdesign.tri2.ativ1/Arthur.css",
  "parser": "css"
}
["INFO" - 11:10:23] Formatting completed in 21ms.
["INFO" - 11:10:24] Formatting file:///home/alunos/.arthuruser001/webdesign.tri2.ativ1/Arthur.css
["INFO" - 11:10:24] EditorConfig support is enabled, checking for .editorconfig files
["INFO" - 11:10:24] No local configuration (i.e. .prettierrc or .editorconfig) detected, will fall back to VS Code configuration
["INFO" - 11:10:24] PrettierInstance:
{
  "__debug": {
    "mockable": {
      "mocked": {},
      "implementations": {}
    }
  },
  "__internal": {
    "errors": {},
    "optionCategories": {
      "CATEGORY_CONFIG": "Config",
      "CATEGORY_EDITOR": "Editor",
      "CATEGORY_FORMAT": "Format",
      "CATEGORY_GLOBAL": "Global",
      "CATEGORY_OTHER": "Other",
      "CATEGORY_OUTPUT": "Output",
      "CATEGORY_SPECIAL": "Special"
    },
    "formatOptionsHiddenDefaults": {
      "astFormat": "estree",
      "printer": {},
      "locStart": null,
      "locEnd": null,
      "getVisitorKeys": null
    },
    "vnopts": {
      "apiDescriptor": {}
    },
    "picocolors": {
      "isColorSupported": false
    },
    "utilities": {}
  },
  "doc": {
    "builders": {
      "line": {
        "type": "line"
      },
      "softline": {
        "type": "line",
        "soft": true
      },
      "hardline": [
        {
          "type": "line",
          "hard": true
        },
        {
          "type": "break-parent"
        }
      ],
      "literalline": [
        {
          "type": "line",
          "hard": true,
          "literal": true
        },
        {
          "type": "break-parent"
        }
      ],
      "lineSuffixBoundary": {
        "type": "line-suffix-boundary"
      },
      "cursor": {
        "type": "cursor"
      },
      "breakParent": {
        "type": "break-parent"
      },
      "trim": {
        "type": "trim"
      },
      "hardlineWithoutBreakParent": {
        "type": "line",
        "hard": true
      },
      "literallineWithoutBreakParent": {
        "type": "line",
        "hard": true,
        "literal": true
      }
    },
    "default": {
      "builders": {
        "line": {
          "type": "line"
        },
        "softline": {
          "type": "line",
          "soft": true
        },
        "hardline": [
          {
            "type": "line",
            "hard": true
          },
          {
            "type": "break-parent"
          }
        ],
        "literalline": [
          {
            "type": "line",
            "hard": true,
            "literal": true
          },
          {
            "type": "break-parent"
          }
        ],
        "lineSuffixBoundary": {
          "type": "line-suffix-boundary"
        },
        "cursor": {
          "type": "cursor"
        },
        "breakParent": {
          "type": "break-parent"
        },
        "trim": {
          "type": "trim"
        },
        "hardlineWithoutBreakParent": {
          "type": "line",
          "hard": true
        },
        "literallineWithoutBreakParent": {
          "type": "line",
          "hard": true,
          "literal": true
        }
      },
      "printer": {},
      "utils": {}
    },
    "printer": {},
    "utils": {}
  },
  "util": {},
  "version": "3.7.4"
}
["WARN" - 11:10:24] Unable to resolve ignore path: .prettierignore for /home/alunos/.arthuruser001/webdesign.tri2.ativ1/Arthur.css
["INFO" - 11:10:24] Resolved plugins:
[]
["INFO" - 11:10:24] File Info:
{
  "ignored": false,
  "inferredParser": "css"
}
["INFO" - 11:10:24] Using VS Code configuration
["INFO" - 11:10:24] Prettier Options:
{
  "arrowParens": "always",
  "bracketSpacing": true,
  "endOfLine": "lf",
  "htmlWhitespaceSensitivity": "css",
  "insertPragma": false,
  "singleAttributePerLine": false,
  "bracketSameLine": false,
  "jsxBracketSameLine": false,
  "jsxSingleQuote": false,
  "printWidth": 80,
  "proseWrap": "preserve",
  "quoteProps": "as-needed",
  "requirePragma": false,
  "semi": true,
  "singleQuote": false,
  "tabWidth": 2,
  "trailingComma": "all",
  "useTabs": false,
  "embeddedLanguageFormatting": "auto",
  "vueIndentScriptAndStyle": false,
  "experimentalTernaries": false,
  "objectWrap": "preserve",
  "experimentalOperatorPosition": "end",
  "filepath": "/home/alunos/.arthuruser001/webdesign.tri2.ativ1/Arthur.css",
  "parser": "css"
}
["INFO" - 11:10:24] Formatting completed in 18ms.
["INFO" - 11:10:24] Formatting file:///home/alunos/.arthuruser001/webdesign.tri2.ativ1/Arthur.css
["INFO" - 11:10:24] EditorConfig support is enabled, checking for .editorconfig files
["INFO" - 11:10:24] No local configuration (i.e. .prettierrc or .editorconfig) detected, will fall back to VS Code configuration
["INFO" - 11:10:24] PrettierInstance:
{
  "__debug": {
    "mockable": {
      "mocked": {},
      "implementations": {}
    }
  },
  "__internal": {
    "errors": {},
    "optionCategories": {
      "CATEGORY_CONFIG": "Config",
      "CATEGORY_EDITOR": "Editor",
      "CATEGORY_FORMAT": "Format",
      "CATEGORY_GLOBAL": "Global",
      "CATEGORY_OTHER": "Other",
      "CATEGORY_OUTPUT": "Output",
      "CATEGORY_SPECIAL": "Special"
    },
    "formatOptionsHiddenDefaults": {
      "astFormat": "estree",
      "printer": {},
      "locStart": null,
      "locEnd": null,
      "getVisitorKeys": null
    },
    "vnopts": {
      "apiDescriptor": {}
    },
    "picocolors": {
      "isColorSupported": false
    },
    "utilities": {}
  },
  "doc": {
    "builders": {
      "line": {
        "type": "line"
      },
      "softline": {
        "type": "line",
        "soft": true
      },
      "hardline": [
        {
          "type": "line",
          "hard": true
        },
        {
          "type": "break-parent"
        }
      ],
      "literalline": [
        {
          "type": "line",
          "hard": true,
          "literal": true
        },
        {
          "type": "break-parent"
        }
      ],
      "lineSuffixBoundary": {
        "type": "line-suffix-boundary"
      },
      "cursor": {
        "type": "cursor"
      },
      "breakParent": {
        "type": "break-parent"
      },
      "trim": {
        "type": "trim"
      },
      "hardlineWithoutBreakParent": {
        "type": "line",
        "hard": true
      },
      "literallineWithoutBreakParent": {
        "type": "line",
        "hard": true,
        "literal": true
      }
    },
    "default": {
      "builders": {
        "line": {
          "type": "line"
        },
        "softline": {
          "type": "line",
          "soft": true
        },
        "hardline": [
          {
            "type": "line",
            "hard": true
          },
          {
            "type": "break-parent"
          }
        ],
        "literalline": [
          {
            "type": "line",
            "hard": true,
            "literal": true
          },
          {
            "type": "break-parent"
          }
        ],
        "lineSuffixBoundary": {
          "type": "line-suffix-boundary"
        },
        "cursor": {
          "type": "cursor"
        },
        "breakParent": {
          "type": "break-parent"
        },
        "trim": {
          "type": "trim"
        },
        "hardlineWithoutBreakParent": {
          "type": "line",
          "hard": true
        },
        "literallineWithoutBreakParent": {
          "type": "line",
          "hard": true,
          "literal": true
        }
      },
      "printer": {},
      "utils": {}
    },
    "printer": {},
    "utils": {}
  },
  "util": {},
  "version": "3.7.4"
}
["WARN" - 11:10:24] Unable to resolve ignore path: .prettierignore for /home/alunos/.arthuruser001/webdesign.tri2.ativ1/Arthur.css
["INFO" - 11:10:24] Resolved plugins:
[]
["INFO" - 11:10:24] File Info:
{
  "ignored": false,
  "inferredParser": "css"
}
["INFO" - 11:10:24] Using VS Code configuration
["INFO" - 11:10:24] Prettier Options:
{
  "arrowParens": "always",
  "bracketSpacing": true,
  "endOfLine": "lf",
  "htmlWhitespaceSensitivity": "css",
  "insertPragma": false,
  "singleAttributePerLine": false,
  "bracketSameLine": false,
  "jsxBracketSameLine": false,
  "jsxSingleQuote": false,
  "printWidth": 80,
  "proseWrap": "preserve",
  "quoteProps": "as-needed",
  "requirePragma": false,
  "semi": true,
  "singleQuote": false,
  "tabWidth": 2,
  "trailingComma": "all",
  "useTabs": false,
  "embeddedLanguageFormatting": "auto",
  "vueIndentScriptAndStyle": false,
  "experimentalTernaries": false,
  "objectWrap": "preserve",
  "experimentalOperatorPosition": "end",
  "filepath": "/home/alunos/.arthuruser001/webdesign.tri2.ativ1/Arthur.css",
  "parser": "css"
}
["INFO" - 11:10:24] Formatting completed in 19ms.
["INFO" - 11:10:24] Formatting file:///home/alunos/.arthuruser001/webdesign.tri2.ativ1/Arthur.css
["INFO" - 11:10:24] EditorConfig support is enabled, checking for .editorconfig files
["INFO" - 11:10:24] No local configuration (i.e. .prettierrc or .editorconfig) detected, will fall back to VS Code configuration
["INFO" - 11:10:24] PrettierInstance:
{
  "__debug": {
    "mockable": {
      "mocked": {},
      "implementations": {}
    }
  },
  "__internal": {
    "errors": {},
    "optionCategories": {
      "CATEGORY_CONFIG": "Config",
      "CATEGORY_EDITOR": "Editor",
      "CATEGORY_FORMAT": "Format",
      "CATEGORY_GLOBAL": "Global",
      "CATEGORY_OTHER": "Other",
      "CATEGORY_OUTPUT": "Output",
      "CATEGORY_SPECIAL": "Special"
    },
    "formatOptionsHiddenDefaults": {
      "astFormat": "estree",
      "printer": {},
      "locStart": null,
      "locEnd": null,
      "getVisitorKeys": null
    },
    "vnopts": {
      "apiDescriptor": {}
    },
    "picocolors": {
      "isColorSupported": false
    },
    "utilities": {}
  },
  "doc": {
    "builders": {
      "line": {
        "type": "line"
      },
      "softline": {
        "type": "line",
        "soft": true
      },
      "hardline": [
        {
          "type": "line",
          "hard": true
        },
        {
          "type": "break-parent"
        }
      ],
      "literalline": [
        {
          "type": "line",
          "hard": true,
          "literal": true
        },
        {
          "type": "break-parent"
        }
      ],
      "lineSuffixBoundary": {
        "type": "line-suffix-boundary"
      },
      "cursor": {
        "type": "cursor"
      },
      "breakParent": {
        "type": "break-parent"
      },
      "trim": {
        "type": "trim"
      },
      "hardlineWithoutBreakParent": {
        "type": "line",
        "hard": true
      },
      "literallineWithoutBreakParent": {
        "type": "line",
        "hard": true,
        "literal": true
      }
    },
    "default": {
      "builders": {
        "line": {
          "type": "line"
        },
        "softline": {
          "type": "line",
          "soft": true
        },
        "hardline": [
          {
            "type": "line",
            "hard": true
          },
          {
            "type": "break-parent"
          }
        ],
        "literalline": [
          {
            "type": "line",
            "hard": true,
            "literal": true
          },
          {
            "type": "break-parent"
          }
        ],
        "lineSuffixBoundary": {
          "type": "line-suffix-boundary"
        },
        "cursor": {
          "type": "cursor"
        },
        "breakParent": {
          "type": "break-parent"
        },
        "trim": {
          "type": "trim"
        },
        "hardlineWithoutBreakParent": {
          "type": "line",
          "hard": true
        },
        "literallineWithoutBreakParent": {
          "type": "line",
          "hard": true,
          "literal": true
        }
      },
      "printer": {},
      "utils": {}
    },
    "printer": {},
    "utils": {}
  },
  "util": {},
  "version": "3.7.4"
}
["WARN" - 11:10:24] Unable to resolve ignore path: .prettierignore for /home/alunos/.arthuruser001/webdesign.tri2.ativ1/Arthur.css
["INFO" - 11:10:24] Resolved plugins:
[]
["INFO" - 11:10:24] File Info:
{
  "ignored": false,
  "inferredParser": "css"
}
["INFO" - 11:10:24] Using VS Code configuration
["INFO" - 11:10:24] Prettier Options:
{
  "arrowParens": "always",
  "bracketSpacing": true,
  "endOfLine": "lf",
  "htmlWhitespaceSensitivity": "css",
  "insertPragma": false,
  "singleAttributePerLine": false,
  "bracketSameLine": false,
  "jsxBracketSameLine": false,
  "jsxSingleQuote": false,
  "printWidth": 80,
  "proseWrap": "preserve",
  "quoteProps": "as-needed",
  "requirePragma": false,
  "semi": true,
  "singleQuote": false,
  "tabWidth": 2,
  "trailingComma": "all",
  "useTabs": false,
  "embeddedLanguageFormatting": "auto",
  "vueIndentScriptAndStyle": false,
  "experimentalTernaries": false,
  "objectWrap": "preserve",
  "experimentalOperatorPosition": "end",
  "filepath": "/home/alunos/.arthuruser001/webdesign.tri2.ativ1/Arthur.css",
  "parser": "css"
}
["INFO" - 11:10:24] Formatting completed in 16ms.
["INFO" - 11:10:24] Formatting file:///home/alunos/.arthuruser001/webdesign.tri2.ativ1/Arthur.css
["INFO" - 11:10:24] EditorConfig support is enabled, checking for .editorconfig files
["INFO" - 11:10:24] No local configuration (i.e. .prettierrc or .editorconfig) detected, will fall back to VS Code configuration
["INFO" - 11:10:24] PrettierInstance:
{
  "__debug": {
    "mockable": {
      "mocked": {},
      "implementations": {}
    }
  },
  "__internal": {
    "errors": {},
    "optionCategories": {
      "CATEGORY_CONFIG": "Config",
      "CATEGORY_EDITOR": "Editor",
      "CATEGORY_FORMAT": "Format",
      "CATEGORY_GLOBAL": "Global",
      "CATEGORY_OTHER": "Other",
      "CATEGORY_OUTPUT": "Output",
      "CATEGORY_SPECIAL": "Special"
    },
    "formatOptionsHiddenDefaults": {
      "astFormat": "estree",
      "printer": {},
      "locStart": null,
      "locEnd": null,
      "getVisitorKeys": null
    },
    "vnopts": {
      "apiDescriptor": {}
    },
    "picocolors": {
      "isColorSupported": false
    },
    "utilities": {}
  },
  "doc": {
    "builders": {
      "line": {
        "type": "line"
      },
      "softline": {
        "type": "line",
        "soft": true
      },
      "hardline": [
        {
          "type": "line",
          "hard": true
        },
        {
          "type": "break-parent"
        }
      ],
      "literalline": [
        {
          "type": "line",
          "hard": true,
          "literal": true
        },
        {
          "type": "break-parent"
        }
      ],
      "lineSuffixBoundary": {
        "type": "line-suffix-boundary"
      },
      "cursor": {
        "type": "cursor"
      },
      "breakParent": {
        "type": "break-parent"
      },
      "trim": {
        "type": "trim"
      },
      "hardlineWithoutBreakParent": {
        "type": "line",
        "hard": true
      },
      "literallineWithoutBreakParent": {
        "type": "line",
        "hard": true,
        "literal": true
      }
    },
    "default": {
      "builders": {
        "line": {
          "type": "line"
        },
        "softline": {
          "type": "line",
          "soft": true
        },
        "hardline": [
          {
            "type": "line",
            "hard": true
          },
          {
            "type": "break-parent"
          }
        ],
        "literalline": [
          {
            "type": "line",
            "hard": true,
            "literal": true
          },
          {
            "type": "break-parent"
          }
        ],
        "lineSuffixBoundary": {
          "type": "line-suffix-boundary"
        },
        "cursor": {
          "type": "cursor"
        },
        "breakParent": {
          "type": "break-parent"
        },
        "trim": {
          "type": "trim"
        },
        "hardlineWithoutBreakParent": {
          "type": "line",
          "hard": true
        },
        "literallineWithoutBreakParent": {
          "type": "line",
          "hard": true,
          "literal": true
        }
      },
      "printer": {},
      "utils": {}
    },
    "printer": {},
    "utils": {}
  },
  "util": {},
  "version": "3.7.4"
}
["WARN" - 11:10:24] Unable to resolve ignore path: .prettierignore for /home/alunos/.arthuruser001/webdesign.tri2.ativ1/Arthur.css
["INFO" - 11:10:24] Resolved plugins:
[]
["INFO" - 11:10:24] File Info:
{
  "ignored": false,
  "inferredParser": "css"
}
["INFO" - 11:10:24] Using VS Code configuration
["INFO" - 11:10:24] Prettier Options:
{
  "arrowParens": "always",
  "bracketSpacing": true,
  "endOfLine": "lf",
  "htmlWhitespaceSensitivity": "css",
  "insertPragma": false,
  "singleAttributePerLine": false,
  "bracketSameLine": false,
  "jsxBracketSameLine": false,
  "jsxSingleQuote": false,
  "printWidth": 80,
  "proseWrap": "preserve",
  "quoteProps": "as-needed",
  "requirePragma": false,
  "semi": true,
  "singleQuote": false,
  "tabWidth": 2,
  "trailingComma": "all",
  "useTabs": false,
  "embeddedLanguageFormatting": "auto",
  "vueIndentScriptAndStyle": false,
  "experimentalTernaries": false,
  "objectWrap": "preserve",
  "experimentalOperatorPosition": "end",
  "filepath": "/home/alunos/.arthuruser001/webdesign.tri2.ativ1/Arthur.css",
  "parser": "css"
}
["INFO" - 11:10:24] Formatting completed in 17ms.
["INFO" - 11:10:24] Formatting file:///home/alunos/.arthuruser001/webdesign.tri2.ativ1/Arthur.css
["INFO" - 11:10:24] EditorConfig support is enabled, checking for .editorconfig files
["INFO" - 11:10:24] No local configuration (i.e. .prettierrc or .editorconfig) detected, will fall back to VS Code configuration
["INFO" - 11:10:24] PrettierInstance:
{
  "__debug": {
    "mockable": {
      "mocked": {},
      "implementations": {}
    }
  },
  "__internal": {
    "errors": {},
    "optionCategories": {
      "CATEGORY_CONFIG": "Config",
      "CATEGORY_EDITOR": "Editor",
      "CATEGORY_FORMAT": "Format",
      "CATEGORY_GLOBAL": "Global",
      "CATEGORY_OTHER": "Other",
      "CATEGORY_OUTPUT": "Output",
      "CATEGORY_SPECIAL": "Special"
    },
    "formatOptionsHiddenDefaults": {
      "astFormat": "estree",
      "printer": {},
      "locStart": null,
      "locEnd": null,
      "getVisitorKeys": null
    },
    "vnopts": {
      "apiDescriptor": {}
    },
    "picocolors": {
      "isColorSupported": false
    },
    "utilities": {}
  },
  "doc": {
    "builders": {
      "line": {
        "type": "line"
      },
      "softline": {
        "type": "line",
        "soft": true
      },
      "hardline": [
        {
          "type": "line",
          "hard": true
        },
        {
          "type": "break-parent"
        }
      ],
      "literalline": [
        {
          "type": "line",
          "hard": true,
          "literal": true
        },
        {
          "type": "break-parent"
        }
      ],
      "lineSuffixBoundary": {
        "type": "line-suffix-boundary"
      },
      "cursor": {
        "type": "cursor"
      },
      "breakParent": {
        "type": "break-parent"
      },
      "trim": {
        "type": "trim"
      },
      "hardlineWithoutBreakParent": {
        "type": "line",
        "hard": true
      },
      "literallineWithoutBreakParent": {
        "type": "line",
        "hard": true,
        "literal": true
      }
    },
    "default": {
      "builders": {
        "line": {
          "type": "line"
        },
        "softline": {
          "type": "line",
          "soft": true
        },
        "hardline": [
          {
            "type": "line",
            "hard": true
          },
          {
            "type": "break-parent"
          }
        ],
        "literalline": [
          {
            "type": "line",
            "hard": true,
            "literal": true
          },
          {
            "type": "break-parent"
          }
        ],
        "lineSuffixBoundary": {
          "type": "line-suffix-boundary"
        },
        "cursor": {
          "type": "cursor"
        },
        "breakParent": {
          "type": "break-parent"
        },
        "trim": {
          "type": "trim"
        },
        "hardlineWithoutBreakParent": {
          "type": "line",
          "hard": true
        },
        "literallineWithoutBreakParent": {
          "type": "line",
          "hard": true,
          "literal": true
        }
      },
      "printer": {},
      "utils": {}
    },
    "printer": {},
    "utils": {}
  },
  "util": {},
  "version": "3.7.4"
}
["WARN" - 11:10:24] Unable to resolve ignore path: .prettierignore for /home/alunos/.arthuruser001/webdesign.tri2.ativ1/Arthur.css
["INFO" - 11:10:24] Resolved plugins:
[]
["INFO" - 11:10:24] File Info:
{
  "ignored": false,
  "inferredParser": "css"
}
["INFO" - 11:10:24] Using VS Code configuration
["INFO" - 11:10:24] Prettier Options:
{
  "arrowParens": "always",
  "bracketSpacing": true,
  "endOfLine": "lf",
  "htmlWhitespaceSensitivity": "css",
  "insertPragma": false,
  "singleAttributePerLine": false,
  "bracketSameLine": false,
  "jsxBracketSameLine": false,
  "jsxSingleQuote": false,
  "printWidth": 80,
  "proseWrap": "preserve",
  "quoteProps": "as-needed",
  "requirePragma": false,
  "semi": true,
  "singleQuote": false,
  "tabWidth": 2,
  "trailingComma": "all",
  "useTabs": false,
  "embeddedLanguageFormatting": "auto",
  "vueIndentScriptAndStyle": false,
  "experimentalTernaries": false,
  "objectWrap": "preserve",
  "experimentalOperatorPosition": "end",
  "filepath": "/home/alunos/.arthuruser001/webdesign.tri2.ativ1/Arthur.css",
  "parser": "css"
}
["INFO" - 11:10:24] Formatting completed in 16ms.
["INFO" - 11:10:25] Formatting file:///home/alunos/.arthuruser001/webdesign.tri2.ativ1/Arthur.css
["INFO" - 11:10:25] EditorConfig support is enabled, checking for .editorconfig files
["INFO" - 11:10:25] No local configuration (i.e. .prettierrc or .editorconfig) detected, will fall back to VS Code configuration
["INFO" - 11:10:25] PrettierInstance:
{
  "__debug": {
    "mockable": {
      "mocked": {},
      "implementations": {}
    }
  },
  "__internal": {
    "errors": {},
    "optionCategories": {
      "CATEGORY_CONFIG": "Config",
      "CATEGORY_EDITOR": "Editor",
      "CATEGORY_FORMAT": "Format",
      "CATEGORY_GLOBAL": "Global",
      "CATEGORY_OTHER": "Other",
      "CATEGORY_OUTPUT": "Output",
      "CATEGORY_SPECIAL": "Special"
    },
    "formatOptionsHiddenDefaults": {
      "astFormat": "estree",
      "printer": {},
      "locStart": null,
      "locEnd": null,
      "getVisitorKeys": null
    },
    "vnopts": {
      "apiDescriptor": {}
    },
    "picocolors": {
      "isColorSupported": false
    },
    "utilities": {}
  },
  "doc": {
    "builders": {
      "line": {
        "type": "line"
      },
      "softline": {
        "type": "line",
        "soft": true
      },
      "hardline": [
        {
          "type": "line",
          "hard": true
        },
        {
          "type": "break-parent"
        }
      ],
      "literalline": [
        {
          "type": "line",
          "hard": true,
          "literal": true
        },
        {
          "type": "break-parent"
        }
      ],
      "lineSuffixBoundary": {
        "type": "line-suffix-boundary"
      },
      "cursor": {
        "type": "cursor"
      },
      "breakParent": {
        "type": "break-parent"
      },
      "trim": {
        "type": "trim"
      },
      "hardlineWithoutBreakParent": {
        "type": "line",
        "hard": true
      },
      "literallineWithoutBreakParent": {
        "type": "line",
        "hard": true,
        "literal": true
      }
    },
    "default": {
      "builders": {
        "line": {
          "type": "line"
        },
        "softline": {
          "type": "line",
          "soft": true
        },
        "hardline": [
          {
            "type": "line",
            "hard": true
          },
          {
            "type": "break-parent"
          }
        ],
        "literalline": [
          {
            "type": "line",
            "hard": true,
            "literal": true
          },
          {
            "type": "break-parent"
          }
        ],
        "lineSuffixBoundary": {
          "type": "line-suffix-boundary"
        },
        "cursor": {
          "type": "cursor"
        },
        "breakParent": {
          "type": "break-parent"
        },
        "trim": {
          "type": "trim"
        },
        "hardlineWithoutBreakParent": {
          "type": "line",
          "hard": true
        },
        "literallineWithoutBreakParent": {
          "type": "line",
          "hard": true,
          "literal": true
        }
      },
      "printer": {},
      "utils": {}
    },
    "printer": {},
    "utils": {}
  },
  "util": {},
  "version": "3.7.4"
}
["WARN" - 11:10:25] Unable to resolve ignore path: .prettierignore for /home/alunos/.arthuruser001/webdesign.tri2.ativ1/Arthur.css
["INFO" - 11:10:25] Resolved plugins:
[]
["INFO" - 11:10:25] File Info:
{
  "ignored": false,
  "inferredParser": "css"
}
["INFO" - 11:10:25] Using VS Code configuration
["INFO" - 11:10:25] Prettier Options:
{
  "arrowParens": "always",
  "bracketSpacing": true,
  "endOfLine": "lf",
  "htmlWhitespaceSensitivity": "css",
  "insertPragma": false,
  "singleAttributePerLine": false,
  "bracketSameLine": false,
  "jsxBracketSameLine": false,
  "jsxSingleQuote": false,
  "printWidth": 80,
  "proseWrap": "preserve",
  "quoteProps": "as-needed",
  "requirePragma": false,
  "semi": true,
  "singleQuote": false,
  "tabWidth": 2,
  "trailingComma": "all",
  "useTabs": false,
  "embeddedLanguageFormatting": "auto",
  "vueIndentScriptAndStyle": false,
  "experimentalTernaries": false,
  "objectWrap": "preserve",
  "experimentalOperatorPosition": "end",
  "filepath": "/home/alunos/.arthuruser001/webdesign.tri2.ativ1/Arthur.css",
  "parser": "css"
}
["INFO" - 11:10:25] Formatting completed in 20ms.
["INFO" - 11:10:26] Formatting file:///home/alunos/.arthuruser001/webdesign.tri2.ativ1/Arthur.css
["INFO" - 11:10:26] EditorConfig support is enabled, checking for .editorconfig files
["INFO" - 11:10:26] No local configuration (i.e. .prettierrc or .editorconfig) detected, will fall back to VS Code configuration
["INFO" - 11:10:26] PrettierInstance:
{
  "__debug": {
    "mockable": {
      "mocked": {},
      "implementations": {}
    }
  },
  "__internal": {
    "errors": {},
    "optionCategories": {
      "CATEGORY_CONFIG": "Config",
      "CATEGORY_EDITOR": "Editor",
      "CATEGORY_FORMAT": "Format",
      "CATEGORY_GLOBAL": "Global",
      "CATEGORY_OTHER": "Other",
      "CATEGORY_OUTPUT": "Output",
      "CATEGORY_SPECIAL": "Special"
    },
    "formatOptionsHiddenDefaults": {
      "astFormat": "estree",
      "printer": {},
      "locStart": null,
      "locEnd": null,
      "getVisitorKeys": null
    },
    "vnopts": {
      "apiDescriptor": {}
    },
    "picocolors": {
      "isColorSupported": false
    },
    "utilities": {}
  },
  "doc": {
    "builders": {
      "line": {
        "type": "line"
      },
      "softline": {
        "type": "line",
        "soft": true
      },
      "hardline": [
        {
          "type": "line",
          "hard": true
        },
        {
          "type": "break-parent"
        }
      ],
      "literalline": [
        {
          "type": "line",
          "hard": true,
          "literal": true
        },
        {
          "type": "break-parent"
        }
      ],
      "lineSuffixBoundary": {
        "type": "line-suffix-boundary"
      },
      "cursor": {
        "type": "cursor"
      },
      "breakParent": {
        "type": "break-parent"
      },
      "trim": {
        "type": "trim"
      },
      "hardlineWithoutBreakParent": {
        "type": "line",
        "hard": true
      },
      "literallineWithoutBreakParent": {
        "type": "line",
        "hard": true,
        "literal": true
      }
    },
    "default": {
      "builders": {
        "line": {
          "type": "line"
        },
        "softline": {
          "type": "line",
          "soft": true
        },
        "hardline": [
          {
            "type": "line",
            "hard": true
          },
          {
            "type": "break-parent"
          }
        ],
        "literalline": [
          {
            "type": "line",
            "hard": true,
            "literal": true
          },
          {
            "type": "break-parent"
          }
        ],
        "lineSuffixBoundary": {
          "type": "line-suffix-boundary"
        },
        "cursor": {
          "type": "cursor"
        },
        "breakParent": {
          "type": "break-parent"
        },
        "trim": {
          "type": "trim"
        },
        "hardlineWithoutBreakParent": {
          "type": "line",
          "hard": true
        },
        "literallineWithoutBreakParent": {
          "type": "line",
          "hard": true,
          "literal": true
        }
      },
      "printer": {},
      "utils": {}
    },
    "printer": {},
    "utils": {}
  },
  "util": {},
  "version": "3.7.4"
}
["WARN" - 11:10:26] Unable to resolve ignore path: .prettierignore for /home/alunos/.arthuruser001/webdesign.tri2.ativ1/Arthur.css
["INFO" - 11:10:26] Resolved plugins:
[]
["INFO" - 11:10:26] File Info:
{
  "ignored": false,
  "inferredParser": "css"
}
["INFO" - 11:10:26] Using VS Code configuration
["INFO" - 11:10:26] Prettier Options:
{
  "arrowParens": "always",
  "bracketSpacing": true,
  "endOfLine": "lf",
  "htmlWhitespaceSensitivity": "css",
  "insertPragma": false,
  "singleAttributePerLine": false,
  "bracketSameLine": false,
  "jsxBracketSameLine": false,
  "jsxSingleQuote": false,
  "printWidth": 80,
  "proseWrap": "preserve",
  "quoteProps": "as-needed",
  "requirePragma": false,
  "semi": true,
  "singleQuote": false,
  "tabWidth": 2,
  "trailingComma": "all",
  "useTabs": false,
  "embeddedLanguageFormatting": "auto",
  "vueIndentScriptAndStyle": false,
  "experimentalTernaries": false,
  "objectWrap": "preserve",
  "experimentalOperatorPosition": "end",
  "filepath": "/home/alunos/.arthuruser001/webdesign.tri2.ativ1/Arthur.css",
  "parser": "css"
}
["INFO" - 11:10:26] Formatting completed in 12ms.
["INFO" - 11:10:26] Formatting file:///home/alunos/.arthuruser001/webdesign.tri2.ativ1/Arthur.css
["INFO" - 11:10:26] EditorConfig support is enabled, checking for .editorconfig files
["INFO" - 11:10:26] No local configuration (i.e. .prettierrc or .editorconfig) detected, will fall back to VS Code configuration
["INFO" - 11:10:26] PrettierInstance:
{
  "__debug": {
    "mockable": {
      "mocked": {},
      "implementations": {}
    }
  },
  "__internal": {
    "errors": {},
    "optionCategories": {
      "CATEGORY_CONFIG": "Config",
      "CATEGORY_EDITOR": "Editor",
      "CATEGORY_FORMAT": "Format",
      "CATEGORY_GLOBAL": "Global",
      "CATEGORY_OTHER": "Other",
      "CATEGORY_OUTPUT": "Output",
      "CATEGORY_SPECIAL": "Special"
    },
    "formatOptionsHiddenDefaults": {
      "astFormat": "estree",
      "printer": {},
      "locStart": null,
      "locEnd": null,
      "getVisitorKeys": null
    },
    "vnopts": {
      "apiDescriptor": {}
    },
    "picocolors": {
      "isColorSupported": false
    },
    "utilities": {}
  },
  "doc": {
    "builders": {
      "line": {
        "type": "line"
      },
      "softline": {
        "type": "line",
        "soft": true
      },
      "hardline": [
        {
          "type": "line",
          "hard": true
        },
        {
          "type": "break-parent"
        }
      ],
      "literalline": [
        {
          "type": "line",
          "hard": true,
          "literal": true
        },
        {
          "type": "break-parent"
        }
      ],
      "lineSuffixBoundary": {
        "type": "line-suffix-boundary"
      },
      "cursor": {
        "type": "cursor"
      },
      "breakParent": {
        "type": "break-parent"
      },
      "trim": {
        "type": "trim"
      },
      "hardlineWithoutBreakParent": {
        "type": "line",
        "hard": true
      },
      "literallineWithoutBreakParent": {
        "type": "line",
        "hard": true,
        "literal": true
      }
    },
    "default": {
      "builders": {
        "line": {
          "type": "line"
        },
        "softline": {
          "type": "line",
          "soft": true
        },
        "hardline": [
          {
            "type": "line",
            "hard": true
          },
          {
            "type": "break-parent"
          }
        ],
        "literalline": [
          {
            "type": "line",
            "hard": true,
            "literal": true
          },
          {
            "type": "break-parent"
          }
        ],
        "lineSuffixBoundary": {
          "type": "line-suffix-boundary"
        },
        "cursor": {
          "type": "cursor"
        },
        "breakParent": {
          "type": "break-parent"
        },
        "trim": {
          "type": "trim"
        },
        "hardlineWithoutBreakParent": {
          "type": "line",
          "hard": true
        },
        "literallineWithoutBreakParent": {
          "type": "line",
          "hard": true,
          "literal": true
        }
      },
      "printer": {},
      "utils": {}
    },
    "printer": {},
    "utils": {}
  },
  "util": {},
  "version": "3.7.4"
}
["WARN" - 11:10:26] Unable to resolve ignore path: .prettierignore for /home/alunos/.arthuruser001/webdesign.tri2.ativ1/Arthur.css
["INFO" - 11:10:26] Resolved plugins:
[]
["INFO" - 11:10:26] File Info:
{
  "ignored": false,
  "inferredParser": "css"
}
["INFO" - 11:10:26] Using VS Code configuration
["INFO" - 11:10:26] Prettier Options:
{
  "arrowParens": "always",
  "bracketSpacing": true,
  "endOfLine": "lf",
  "htmlWhitespaceSensitivity": "css",
  "insertPragma": false,
  "singleAttributePerLine": false,
  "bracketSameLine": false,
  "jsxBracketSameLine": false,
  "jsxSingleQuote": false,
  "printWidth": 80,
  "proseWrap": "preserve",
  "quoteProps": "as-needed",
  "requirePragma": false,
  "semi": true,
  "singleQuote": false,
  "tabWidth": 2,
  "trailingComma": "all",
  "useTabs": false,
  "embeddedLanguageFormatting": "auto",
  "vueIndentScriptAndStyle": false,
  "experimentalTernaries": false,
  "objectWrap": "preserve",
  "experimentalOperatorPosition": "end",
  "filepath": "/home/alunos/.arthuruser001/webdesign.tri2.ativ1/Arthur.css",
  "parser": "css"
}
["INFO" - 11:10:26] Formatting completed in 17ms.
["INFO" - 11:10:26] Formatting file:///home/alunos/.arthuruser001/webdesign.tri2.ativ1/Arthur.css
["INFO" - 11:10:26] EditorConfig support is enabled, checking for .editorconfig files
["INFO" - 11:10:26] No local configuration (i.e. .prettierrc or .editorconfig) detected, will fall back to VS Code configuration
["INFO" - 11:10:26] PrettierInstance:
{
  "__debug": {
    "mockable": {
      "mocked": {},
      "implementations": {}
    }
  },
  "__internal": {
    "errors": {},
    "optionCategories": {
      "CATEGORY_CONFIG": "Config",
      "CATEGORY_EDITOR": "Editor",
      "CATEGORY_FORMAT": "Format",
      "CATEGORY_GLOBAL": "Global",
      "CATEGORY_OTHER": "Other",
      "CATEGORY_OUTPUT": "Output",
      "CATEGORY_SPECIAL": "Special"
    },
    "formatOptionsHiddenDefaults": {
      "astFormat": "estree",
      "printer": {},
      "locStart": null,
      "locEnd": null,
      "getVisitorKeys": null
    },
    "vnopts": {
      "apiDescriptor": {}
    },
    "picocolors": {
      "isColorSupported": false
    },
    "utilities": {}
  },
  "doc": {
    "builders": {
      "line": {
        "type": "line"
      },
      "softline": {
        "type": "line",
        "soft": true
      },
      "hardline": [
        {
          "type": "line",
          "hard": true
        },
        {
          "type": "break-parent"
        }
      ],
      "literalline": [
        {
          "type": "line",
          "hard": true,
          "literal": true
        },
        {
          "type": "break-parent"
        }
      ],
      "lineSuffixBoundary": {
        "type": "line-suffix-boundary"
      },
      "cursor": {
        "type": "cursor"
      },
      "breakParent": {
        "type": "break-parent"
      },
      "trim": {
        "type": "trim"
      },
      "hardlineWithoutBreakParent": {
        "type": "line",
        "hard": true
      },
      "literallineWithoutBreakParent": {
        "type": "line",
        "hard": true,
        "literal": true
      }
    },
    "default": {
      "builders": {
        "line": {
          "type": "line"
        },
        "softline": {
          "type": "line",
          "soft": true
        },
        "hardline": [
          {
            "type": "line",
            "hard": true
          },
          {
            "type": "break-parent"
          }
        ],
        "literalline": [
          {
            "type": "line",
            "hard": true,
            "literal": true
          },
          {
            "type": "break-parent"
          }
        ],
        "lineSuffixBoundary": {
          "type": "line-suffix-boundary"
        },
        "cursor": {
          "type": "cursor"
        },
        "breakParent": {
          "type": "break-parent"
        },
        "trim": {
          "type": "trim"
        },
        "hardlineWithoutBreakParent": {
          "type": "line",
          "hard": true
        },
        "literallineWithoutBreakParent": {
          "type": "line",
          "hard": true,
          "literal": true
        }
      },
      "printer": {},
      "utils": {}
    },
    "printer": {},
    "utils": {}
  },
  "util": {},
  "version": "3.7.4"
}
["WARN" - 11:10:26] Unable to resolve ignore path: .prettierignore for /home/alunos/.arthuruser001/webdesign.tri2.ativ1/Arthur.css
["INFO" - 11:10:26] Resolved plugins:
[]
["INFO" - 11:10:26] File Info:
{
  "ignored": false,
  "inferredParser": "css"
}
["INFO" - 11:10:26] Using VS Code configuration
["INFO" - 11:10:26] Prettier Options:
{
  "arrowParens": "always",
  "bracketSpacing": true,
  "endOfLine": "lf",
  "htmlWhitespaceSensitivity": "css",
  "insertPragma": false,
  "singleAttributePerLine": false,
  "bracketSameLine": false,
  "jsxBracketSameLine": false,
  "jsxSingleQuote": false,
  "printWidth": 80,
  "proseWrap": "preserve",
  "quoteProps": "as-needed",
  "requirePragma": false,
  "semi": true,
  "singleQuote": false,
  "tabWidth": 2,
  "trailingComma": "all",
  "useTabs": false,
  "embeddedLanguageFormatting": "auto",
  "vueIndentScriptAndStyle": false,
  "experimentalTernaries": false,
  "objectWrap": "preserve",
  "experimentalOperatorPosition": "end",
  "filepath": "/home/alunos/.arthuruser001/webdesign.tri2.ativ1/Arthur.css",
  "parser": "css"
}
["INFO" - 11:10:26] Formatting completed in 19ms.
["INFO" - 11:10:26] Formatting file:///home/alunos/.arthuruser001/webdesign.tri2.ativ1/Arthur.css
["INFO" - 11:10:26] EditorConfig support is enabled, checking for .editorconfig files
["INFO" - 11:10:26] No local configuration (i.e. .prettierrc or .editorconfig) detected, will fall back to VS Code configuration
["INFO" - 11:10:26] PrettierInstance:
{
  "__debug": {
    "mockable": {
      "mocked": {},
      "implementations": {}
    }
  },
  "__internal": {
    "errors": {},
    "optionCategories": {
      "CATEGORY_CONFIG": "Config",
      "CATEGORY_EDITOR": "Editor",
      "CATEGORY_FORMAT": "Format",
      "CATEGORY_GLOBAL": "Global",
      "CATEGORY_OTHER": "Other",
      "CATEGORY_OUTPUT": "Output",
      "CATEGORY_SPECIAL": "Special"
    },
    "formatOptionsHiddenDefaults": {
      "astFormat": "estree",
      "printer": {},
      "locStart": null,
      "locEnd": null,
      "getVisitorKeys": null
    },
    "vnopts": {
      "apiDescriptor": {}
    },
    "picocolors": {
      "isColorSupported": false
    },
    "utilities": {}
  },
  "doc": {
    "builders": {
      "line": {
        "type": "line"
      },
      "softline": {
        "type": "line",
        "soft": true
      },
      "hardline": [
        {
          "type": "line",
          "hard": true
        },
        {
          "type": "break-parent"
        }
      ],
      "literalline": [
        {
          "type": "line",
          "hard": true,
          "literal": true
        },
        {
          "type": "break-parent"
        }
      ],
      "lineSuffixBoundary": {
        "type": "line-suffix-boundary"
      },
      "cursor": {
        "type": "cursor"
      },
      "breakParent": {
        "type": "break-parent"
      },
      "trim": {
        "type": "trim"
      },
      "hardlineWithoutBreakParent": {
        "type": "line",
        "hard": true
      },
      "literallineWithoutBreakParent": {
        "type": "line",
        "hard": true,
        "literal": true
      }
    },
    "default": {
      "builders": {
        "line": {
          "type": "line"
        },
        "softline": {
          "type": "line",
          "soft": true
        },
        "hardline": [
          {
            "type": "line",
            "hard": true
          },
          {
            "type": "break-parent"
          }
        ],
        "literalline": [
          {
            "type": "line",
            "hard": true,
            "literal": true
          },
          {
            "type": "break-parent"
          }
        ],
        "lineSuffixBoundary": {
          "type": "line-suffix-boundary"
        },
        "cursor": {
          "type": "cursor"
        },
        "breakParent": {
          "type": "break-parent"
        },
        "trim": {
          "type": "trim"
        },
        "hardlineWithoutBreakParent": {
          "type": "line",
          "hard": true
        },
        "literallineWithoutBreakParent": {
          "type": "line",
          "hard": true,
          "literal": true
        }
      },
      "printer": {},
      "utils": {}
    },
    "printer": {},
    "utils": {}
  },
  "util": {},
  "version": "3.7.4"
}
["WARN" - 11:10:26] Unable to resolve ignore path: .prettierignore for /home/alunos/.arthuruser001/webdesign.tri2.ativ1/Arthur.css
["INFO" - 11:10:26] Resolved plugins:
[]
["INFO" - 11:10:26] File Info:
{
  "ignored": false,
  "inferredParser": "css"
}
["INFO" - 11:10:26] Using VS Code configuration
["INFO" - 11:10:26] Prettier Options:
{
  "arrowParens": "always",
  "bracketSpacing": true,
  "endOfLine": "lf",
  "htmlWhitespaceSensitivity": "css",
  "insertPragma": false,
  "singleAttributePerLine": false,
  "bracketSameLine": false,
  "jsxBracketSameLine": false,
  "jsxSingleQuote": false,
  "printWidth": 80,
  "proseWrap": "preserve",
  "quoteProps": "as-needed",
  "requirePragma": false,
  "semi": true,
  "singleQuote": false,
  "tabWidth": 2,
  "trailingComma": "all",
  "useTabs": false,
  "embeddedLanguageFormatting": "auto",
  "vueIndentScriptAndStyle": false,
  "experimentalTernaries": false,
  "objectWrap": "preserve",
  "experimentalOperatorPosition": "end",
  "filepath": "/home/alunos/.arthuruser001/webdesign.tri2.ativ1/Arthur.css",
  "parser": "css"
}
["INFO" - 11:10:26] Formatting completed in 14ms.
["INFO" - 11:10:26] Formatting file:///home/alunos/.arthuruser001/webdesign.tri2.ativ1/Arthur.css
["INFO" - 11:10:26] EditorConfig support is enabled, checking for .editorconfig files
["INFO" - 11:10:26] No local configuration (i.e. .prettierrc or .editorconfig) detected, will fall back to VS Code configuration
["INFO" - 11:10:26] PrettierInstance:
{
  "__debug": {
    "mockable": {
      "mocked": {},
      "implementations": {}
    }
  },
  "__internal": {
    "errors": {},
    "optionCategories": {
      "CATEGORY_CONFIG": "Config",
      "CATEGORY_EDITOR": "Editor",
      "CATEGORY_FORMAT": "Format",
      "CATEGORY_GLOBAL": "Global",
      "CATEGORY_OTHER": "Other",
      "CATEGORY_OUTPUT": "Output",
      "CATEGORY_SPECIAL": "Special"
    },
    "formatOptionsHiddenDefaults": {
      "astFormat": "estree",
      "printer": {},
      "locStart": null,
      "locEnd": null,
      "getVisitorKeys": null
    },
    "vnopts": {
      "apiDescriptor": {}
    },
    "picocolors": {
      "isColorSupported": false
    },
    "utilities": {}
  },
  "doc": {
    "builders": {
      "line": {
        "type": "line"
      },
      "softline": {
        "type": "line",
        "soft": true
      },
      "hardline": [
        {
          "type": "line",
          "hard": true
        },
        {
          "type": "break-parent"
        }
      ],
      "literalline": [
        {
          "type": "line",
          "hard": true,
          "literal": true
        },
        {
          "type": "break-parent"
        }
      ],
      "lineSuffixBoundary": {
        "type": "line-suffix-boundary"
      },
      "cursor": {
        "type": "cursor"
      },
      "breakParent": {
        "type": "break-parent"
      },
      "trim": {
        "type": "trim"
      },
      "hardlineWithoutBreakParent": {
        "type": "line",
        "hard": true
      },
      "literallineWithoutBreakParent": {
        "type": "line",
        "hard": true,
        "literal": true
      }
    },
    "default": {
      "builders": {
        "line": {
          "type": "line"
        },
        "softline": {
          "type": "line",
          "soft": true
        },
        "hardline": [
          {
            "type": "line",
            "hard": true
          },
          {
            "type": "break-parent"
          }
        ],
        "literalline": [
          {
            "type": "line",
            "hard": true,
            "literal": true
          },
          {
            "type": "break-parent"
          }
        ],
        "lineSuffixBoundary": {
          "type": "line-suffix-boundary"
        },
        "cursor": {
          "type": "cursor"
        },
        "breakParent": {
          "type": "break-parent"
        },
        "trim": {
          "type": "trim"
        },
        "hardlineWithoutBreakParent": {
          "type": "line",
          "hard": true
        },
        "literallineWithoutBreakParent": {
          "type": "line",
          "hard": true,
          "literal": true
        }
      },
      "printer": {},
      "utils": {}
    },
    "printer": {},
    "utils": {}
  },
  "util": {},
  "version": "3.7.4"
}
["WARN" - 11:10:26] Unable to resolve ignore path: .prettierignore for /home/alunos/.arthuruser001/webdesign.tri2.ativ1/Arthur.css
["INFO" - 11:10:26] Resolved plugins:
[]
["INFO" - 11:10:26] File Info:
{
  "ignored": false,
  "inferredParser": "css"
}
["INFO" - 11:10:26] Using VS Code configuration
["INFO" - 11:10:26] Prettier Options:
{
  "arrowParens": "always",
  "bracketSpacing": true,
  "endOfLine": "lf",
  "htmlWhitespaceSensitivity": "css",
  "insertPragma": false,
  "singleAttributePerLine": false,
  "bracketSameLine": false,
  "jsxBracketSameLine": false,
  "jsxSingleQuote": false,
  "printWidth": 80,
  "proseWrap": "preserve",
  "quoteProps": "as-needed",
  "requirePragma": false,
  "semi": true,
  "singleQuote": false,
  "tabWidth": 2,
  "trailingComma": "all",
  "useTabs": false,
  "embeddedLanguageFormatting": "auto",
  "vueIndentScriptAndStyle": false,
  "experimentalTernaries": false,
  "objectWrap": "preserve",
  "experimentalOperatorPosition": "end",
  "filepath": "/home/alunos/.arthuruser001/webdesign.tri2.ativ1/Arthur.css",
  "parser": "css"
}
["INFO" - 11:10:26] Formatting completed in 14ms.
["INFO" - 11:10:26] Formatting file:///home/alunos/.arthuruser001/webdesign.tri2.ativ1/Arthur.css
["INFO" - 11:10:26] EditorConfig support is enabled, checking for .editorconfig files
["INFO" - 11:10:26] No local configuration (i.e. .prettierrc or .editorconfig) detected, will fall back to VS Code configuration
["INFO" - 11:10:26] PrettierInstance:
{
  "__debug": {
    "mockable": {
      "mocked": {},
      "implementations": {}
    }
  },
  "__internal": {
    "errors": {},
    "optionCategories": {
      "CATEGORY_CONFIG": "Config",
      "CATEGORY_EDITOR": "Editor",
      "CATEGORY_FORMAT": "Format",
      "CATEGORY_GLOBAL": "Global",
      "CATEGORY_OTHER": "Other",
      "CATEGORY_OUTPUT": "Output",
      "CATEGORY_SPECIAL": "Special"
    },
    "formatOptionsHiddenDefaults": {
      "astFormat": "estree",
      "printer": {},
      "locStart": null,
      "locEnd": null,
      "getVisitorKeys": null
    },
    "vnopts": {
      "apiDescriptor": {}
    },
    "picocolors": {
      "isColorSupported": false
    },
    "utilities": {}
  },
  "doc": {
    "builders": {
      "line": {
        "type": "line"
      },
      "softline": {
        "type": "line",
        "soft": true
      },
      "hardline": [
        {
          "type": "line",
          "hard": true
        },
        {
          "type": "break-parent"
        }
      ],
      "literalline": [
        {
          "type": "line",
          "hard": true,
          "literal": true
        },
        {
          "type": "break-parent"
        }
      ],
      "lineSuffixBoundary": {
        "type": "line-suffix-boundary"
      },
      "cursor": {
        "type": "cursor"
      },
      "breakParent": {
        "type": "break-parent"
      },
      "trim": {
        "type": "trim"
      },
      "hardlineWithoutBreakParent": {
        "type": "line",
        "hard": true
      },
      "literallineWithoutBreakParent": {
        "type": "line",
        "hard": true,
        "literal": true
      }
    },
    "default": {
      "builders": {
        "line": {
          "type": "line"
        },
        "softline": {
          "type": "line",
          "soft": true
        },
        "hardline": [
          {
            "type": "line",
            "hard": true
          },
          {
            "type": "break-parent"
          }
        ],
        "literalline": [
          {
            "type": "line",
            "hard": true,
            "literal": true
          },
          {
            "type": "break-parent"
          }
        ],
        "lineSuffixBoundary": {
          "type": "line-suffix-boundary"
        },
        "cursor": {
          "type": "cursor"
        },
        "breakParent": {
          "type": "break-parent"
        },
        "trim": {
          "type": "trim"
        },
        "hardlineWithoutBreakParent": {
          "type": "line",
          "hard": true
        },
        "literallineWithoutBreakParent": {
          "type": "line",
          "hard": true,
          "literal": true
        }
      },
      "printer": {},
      "utils": {}
    },
    "printer": {},
    "utils": {}
  },
  "util": {},
  "version": "3.7.4"
}
["WARN" - 11:10:26] Unable to resolve ignore path: .prettierignore for /home/alunos/.arthuruser001/webdesign.tri2.ativ1/Arthur.css
["INFO" - 11:10:26] Resolved plugins:
[]
["INFO" - 11:10:26] File Info:
{
  "ignored": false,
  "inferredParser": "css"
}
["INFO" - 11:10:26] Using VS Code configuration
["INFO" - 11:10:26] Prettier Options:
{
  "arrowParens": "always",
  "bracketSpacing": true,
  "endOfLine": "lf",
  "htmlWhitespaceSensitivity": "css",
  "insertPragma": false,
  "singleAttributePerLine": false,
  "bracketSameLine": false,
  "jsxBracketSameLine": false,
  "jsxSingleQuote": false,
  "printWidth": 80,
  "proseWrap": "preserve",
  "quoteProps": "as-needed",
  "requirePragma": false,
  "semi": true,
  "singleQuote": false,
  "tabWidth": 2,
  "trailingComma": "all",
  "useTabs": false,
  "embeddedLanguageFormatting": "auto",
  "vueIndentScriptAndStyle": false,
  "experimentalTernaries": false,
  "objectWrap": "preserve",
  "experimentalOperatorPosition": "end",
  "filepath": "/home/alunos/.arthuruser001/webdesign.tri2.ativ1/Arthur.css",
  "parser": "css"
}
["INFO" - 11:10:26] Formatting completed in 16ms.
["INFO" - 11:10:27] Formatting file:///home/alunos/.arthuruser001/webdesign.tri2.ativ1/Arthur.css
["INFO" - 11:10:27] EditorConfig support is enabled, checking for .editorconfig files
["INFO" - 11:10:27] No local configuration (i.e. .prettierrc or .editorconfig) detected, will fall back to VS Code configuration
["INFO" - 11:10:27] PrettierInstance:
{
  "__debug": {
    "mockable": {
      "mocked": {},
      "implementations": {}
    }
  },
  "__internal": {
    "errors": {},
    "optionCategories": {
      "CATEGORY_CONFIG": "Config",
      "CATEGORY_EDITOR": "Editor",
      "CATEGORY_FORMAT": "Format",
      "CATEGORY_GLOBAL": "Global",
      "CATEGORY_OTHER": "Other",
      "CATEGORY_OUTPUT": "Output",
      "CATEGORY_SPECIAL": "Special"
    },
    "formatOptionsHiddenDefaults": {
      "astFormat": "estree",
      "printer": {},
      "locStart": null,
      "locEnd": null,
      "getVisitorKeys": null
    },
    "vnopts": {
      "apiDescriptor": {}
    },
    "picocolors": {
      "isColorSupported": false
    },
    "utilities": {}
  },
  "doc": {
    "builders": {
      "line": {
        "type": "line"
      },
      "softline": {
        "type": "line",
        "soft": true
      },
      "hardline": [
        {
          "type": "line",
          "hard": true
        },
        {
          "type": "break-parent"
        }
      ],
      "literalline": [
        {
          "type": "line",
          "hard": true,
          "literal": true
        },
        {
          "type": "break-parent"
        }
      ],
      "lineSuffixBoundary": {
        "type": "line-suffix-boundary"
      },
      "cursor": {
        "type": "cursor"
      },
      "breakParent": {
        "type": "break-parent"
      },
      "trim": {
        "type": "trim"
      },
      "hardlineWithoutBreakParent": {
        "type": "line",
        "hard": true
      },
      "literallineWithoutBreakParent": {
        "type": "line",
        "hard": true,
        "literal": true
      }
    },
    "default": {
      "builders": {
        "line": {
          "type": "line"
        },
        "softline": {
          "type": "line",
          "soft": true
        },
        "hardline": [
          {
            "type": "line",
            "hard": true
          },
          {
            "type": "break-parent"
          }
        ],
        "literalline": [
          {
            "type": "line",
            "hard": true,
            "literal": true
          },
          {
            "type": "break-parent"
          }
        ],
        "lineSuffixBoundary": {
          "type": "line-suffix-boundary"
        },
        "cursor": {
          "type": "cursor"
        },
        "breakParent": {
          "type": "break-parent"
        },
        "trim": {
          "type": "trim"
        },
        "hardlineWithoutBreakParent": {
          "type": "line",
          "hard": true
        },
        "literallineWithoutBreakParent": {
          "type": "line",
          "hard": true,
          "literal": true
        }
      },
      "printer": {},
      "utils": {}
    },
    "printer": {},
    "utils": {}
  },
  "util": {},
  "version": "3.7.4"
}
["WARN" - 11:10:27] Unable to resolve ignore path: .prettierignore for /home/alunos/.arthuruser001/webdesign.tri2.ativ1/Arthur.css
["INFO" - 11:10:27] Resolved plugins:
[]
["INFO" - 11:10:27] File Info:
{
  "ignored": false,
  "inferredParser": "css"
}
["INFO" - 11:10:27] Using VS Code configuration
["INFO" - 11:10:27] Prettier Options:
{
  "arrowParens": "always",
  "bracketSpacing": true,
  "endOfLine": "lf",
  "htmlWhitespaceSensitivity": "css",
  "insertPragma": false,
  "singleAttributePerLine": false,
  "bracketSameLine": false,
  "jsxBracketSameLine": false,
  "jsxSingleQuote": false,
  "printWidth": 80,
  "proseWrap": "preserve",
  "quoteProps": "as-needed",
  "requirePragma": false,
  "semi": true,
  "singleQuote": false,
  "tabWidth": 2,
  "trailingComma": "all",
  "useTabs": false,
  "embeddedLanguageFormatting": "auto",
  "vueIndentScriptAndStyle": false,
  "experimentalTernaries": false,
  "objectWrap": "preserve",
  "experimentalOperatorPosition": "end",
  "filepath": "/home/alunos/.arthuruser001/webdesign.tri2.ativ1/Arthur.css",
  "parser": "css"
}
["INFO" - 11:10:27] Formatting completed in 15ms.
["INFO" - 11:10:27] Formatting file:///home/alunos/.arthuruser001/webdesign.tri2.ativ1/Arthur.css
["INFO" - 11:10:27] EditorConfig support is enabled, checking for .editorconfig files
["INFO" - 11:10:27] No local configuration (i.e. .prettierrc or .editorconfig) detected, will fall back to VS Code configuration
["INFO" - 11:10:27] PrettierInstance:
{
  "__debug": {
    "mockable": {
      "mocked": {},
      "implementations": {}
    }
  },
  "__internal": {
    "errors": {},
    "optionCategories": {
      "CATEGORY_CONFIG": "Config",
      "CATEGORY_EDITOR": "Editor",
      "CATEGORY_FORMAT": "Format",
      "CATEGORY_GLOBAL": "Global",
      "CATEGORY_OTHER": "Other",
      "CATEGORY_OUTPUT": "Output",
      "CATEGORY_SPECIAL": "Special"
    },
    "formatOptionsHiddenDefaults": {
      "astFormat": "estree",
      "printer": {},
      "locStart": null,
      "locEnd": null,
      "getVisitorKeys": null
    },
    "vnopts": {
      "apiDescriptor": {}
    },
    "picocolors": {
      "isColorSupported": false
    },
    "utilities": {}
  },
  "doc": {
    "builders": {
      "line": {
        "type": "line"
      },
      "softline": {
        "type": "line",
        "soft": true
      },
      "hardline": [
        {
          "type": "line",
          "hard": true
        },
        {
          "type": "break-parent"
        }
      ],
      "literalline": [
        {
          "type": "line",
          "hard": true,
          "literal": true
        },
        {
          "type": "break-parent"
        }
      ],
      "lineSuffixBoundary": {
        "type": "line-suffix-boundary"
      },
      "cursor": {
        "type": "cursor"
      },
      "breakParent": {
        "type": "break-parent"
      },
      "trim": {
        "type": "trim"
      },
      "hardlineWithoutBreakParent": {
        "type": "line",
        "hard": true
      },
      "literallineWithoutBreakParent": {
        "type": "line",
        "hard": true,
        "literal": true
      }
    },
    "default": {
      "builders": {
        "line": {
          "type": "line"
        },
        "softline": {
          "type": "line",
          "soft": true
        },
        "hardline": [
          {
            "type": "line",
            "hard": true
          },
          {
            "type": "break-parent"
          }
        ],
        "literalline": [
          {
            "type": "line",
            "hard": true,
            "literal": true
          },
          {
            "type": "break-parent"
          }
        ],
        "lineSuffixBoundary": {
          "type": "line-suffix-boundary"
        },
        "cursor": {
          "type": "cursor"
        },
        "breakParent": {
          "type": "break-parent"
        },
        "trim": {
          "type": "trim"
        },
        "hardlineWithoutBreakParent": {
          "type": "line",
          "hard": true
        },
        "literallineWithoutBreakParent": {
          "type": "line",
          "hard": true,
          "literal": true
        }
      },
      "printer": {},
      "utils": {}
    },
    "printer": {},
    "utils": {}
  },
  "util": {},
  "version": "3.7.4"
}
["WARN" - 11:10:27] Unable to resolve ignore path: .prettierignore for /home/alunos/.arthuruser001/webdesign.tri2.ativ1/Arthur.css
["INFO" - 11:10:27] Resolved plugins:
[]
["INFO" - 11:10:27] File Info:
{
  "ignored": false,
  "inferredParser": "css"
}
["INFO" - 11:10:27] Using VS Code configuration
["INFO" - 11:10:27] Prettier Options:
{
  "arrowParens": "always",
  "bracketSpacing": true,
  "endOfLine": "lf",
  "htmlWhitespaceSensitivity": "css",
  "insertPragma": false,
  "singleAttributePerLine": false,
  "bracketSameLine": false,
  "jsxBracketSameLine": false,
  "jsxSingleQuote": false,
  "printWidth": 80,
  "proseWrap": "preserve",
  "quoteProps": "as-needed",
  "requirePragma": false,
  "semi": true,
  "singleQuote": false,
  "tabWidth": 2,
  "trailingComma": "all",
  "useTabs": false,
  "embeddedLanguageFormatting": "auto",
  "vueIndentScriptAndStyle": false,
  "experimentalTernaries": false,
  "objectWrap": "preserve",
  "experimentalOperatorPosition": "end",
  "filepath": "/home/alunos/.arthuruser001/webdesign.tri2.ativ1/Arthur.css",
  "parser": "css"
}
["INFO" - 11:10:27] Formatting completed in 12ms.
["INFO" - 11:10:27] Formatting file:///home/alunos/.arthuruser001/webdesign.tri2.ativ1/Arthur.css
["INFO" - 11:10:27] EditorConfig support is enabled, checking for .editorconfig files
["INFO" - 11:10:27] No local configuration (i.e. .prettierrc or .editorconfig) detected, will fall back to VS Code configuration
["INFO" - 11:10:27] PrettierInstance:
{
  "__debug": {
    "mockable": {
      "mocked": {},
      "implementations": {}
    }
  },
  "__internal": {
    "errors": {},
    "optionCategories": {
      "CATEGORY_CONFIG": "Config",
      "CATEGORY_EDITOR": "Editor",
      "CATEGORY_FORMAT": "Format",
      "CATEGORY_GLOBAL": "Global",
      "CATEGORY_OTHER": "Other",
      "CATEGORY_OUTPUT": "Output",
      "CATEGORY_SPECIAL": "Special"
    },
    "formatOptionsHiddenDefaults": {
      "astFormat": "estree",
      "printer": {},
      "locStart": null,
      "locEnd": null,
      "getVisitorKeys": null
    },
    "vnopts": {
      "apiDescriptor": {}
    },
    "picocolors": {
      "isColorSupported": false
    },
    "utilities": {}
  },
  "doc": {
    "builders": {
      "line": {
        "type": "line"
      },
      "softline": {
        "type": "line",
        "soft": true
      },
      "hardline": [
        {
          "type": "line",
          "hard": true
        },
        {
          "type": "break-parent"
        }
      ],
      "literalline": [
        {
          "type": "line",
          "hard": true,
          "literal": true
        },
        {
          "type": "break-parent"
        }
      ],
      "lineSuffixBoundary": {
        "type": "line-suffix-boundary"
      },
      "cursor": {
        "type": "cursor"
      },
      "breakParent": {
        "type": "break-parent"
      },
      "trim": {
        "type": "trim"
      },
      "hardlineWithoutBreakParent": {
        "type": "line",
        "hard": true
      },
      "literallineWithoutBreakParent": {
        "type": "line",
        "hard": true,
        "literal": true
      }
    },
    "default": {
      "builders": {
        "line": {
          "type": "line"
        },
        "softline": {
          "type": "line",
          "soft": true
        },
        "hardline": [
          {
            "type": "line",
            "hard": true
          },
          {
            "type": "break-parent"
          }
        ],
        "literalline": [
          {
            "type": "line",
            "hard": true,
            "literal": true
          },
          {
            "type": "break-parent"
          }
        ],
        "lineSuffixBoundary": {
          "type": "line-suffix-boundary"
        },
        "cursor": {
          "type": "cursor"
        },
        "breakParent": {
          "type": "break-parent"
        },
        "trim": {
          "type": "trim"
        },
        "hardlineWithoutBreakParent": {
          "type": "line",
          "hard": true
        },
        "literallineWithoutBreakParent": {
          "type": "line",
          "hard": true,
          "literal": true
        }
      },
      "printer": {},
      "utils": {}
    },
    "printer": {},
    "utils": {}
  },
  "util": {},
  "version": "3.7.4"
}
["WARN" - 11:10:27] Unable to resolve ignore path: .prettierignore for /home/alunos/.arthuruser001/webdesign.tri2.ativ1/Arthur.css
["INFO" - 11:10:27] Resolved plugins:
[]
["INFO" - 11:10:27] File Info:
{
  "ignored": false,
  "inferredParser": "css"
}
["INFO" - 11:10:27] Using VS Code configuration
["INFO" - 11:10:27] Prettier Options:
{
  "arrowParens": "always",
  "bracketSpacing": true,
  "endOfLine": "lf",
  "htmlWhitespaceSensitivity": "css",
  "insertPragma": false,
  "singleAttributePerLine": false,
  "bracketSameLine": false,
  "jsxBracketSameLine": false,
  "jsxSingleQuote": false,
  "printWidth": 80,
  "proseWrap": "preserve",
  "quoteProps": "as-needed",
  "requirePragma": false,
  "semi": true,
  "singleQuote": false,
  "tabWidth": 2,
  "trailingComma": "all",
  "useTabs": false,
  "embeddedLanguageFormatting": "auto",
  "vueIndentScriptAndStyle": false,
  "experimentalTernaries": false,
  "objectWrap": "preserve",
  "experimentalOperatorPosition": "end",
  "filepath": "/home/alunos/.arthuruser001/webdesign.tri2.ativ1/Arthur.css",
  "parser": "css"
}
["INFO" - 11:10:27] Formatting completed in 14ms.
["INFO" - 11:10:27] Formatting file:///home/alunos/.arthuruser001/webdesign.tri2.ativ1/Arthur.css
["INFO" - 11:10:27] EditorConfig support is enabled, checking for .editorconfig files
["INFO" - 11:10:27] No local configuration (i.e. .prettierrc or .editorconfig) detected, will fall back to VS Code configuration
["INFO" - 11:10:27] PrettierInstance:
{
  "__debug": {
    "mockable": {
      "mocked": {},
      "implementations": {}
    }
  },
  "__internal": {
    "errors": {},
    "optionCategories": {
      "CATEGORY_CONFIG": "Config",
      "CATEGORY_EDITOR": "Editor",
      "CATEGORY_FORMAT": "Format",
      "CATEGORY_GLOBAL": "Global",
      "CATEGORY_OTHER": "Other",
      "CATEGORY_OUTPUT": "Output",
      "CATEGORY_SPECIAL": "Special"
    },
    "formatOptionsHiddenDefaults": {
      "astFormat": "estree",
      "printer": {},
      "locStart": null,
      "locEnd": null,
      "getVisitorKeys": null
    },
    "vnopts": {
      "apiDescriptor": {}
    },
    "picocolors": {
      "isColorSupported": false
    },
    "utilities": {}
  },
  "doc": {
    "builders": {
      "line": {
        "type": "line"
      },
      "softline": {
        "type": "line",
        "soft": true
      },
      "hardline": [
        {
          "type": "line",
          "hard": true
        },
        {
          "type": "break-parent"
        }
      ],
      "literalline": [
        {
          "type": "line",
          "hard": true,
          "literal": true
        },
        {
          "type": "break-parent"
        }
      ],
      "lineSuffixBoundary": {
        "type": "line-suffix-boundary"
      },
      "cursor": {
        "type": "cursor"
      },
      "breakParent": {
        "type": "break-parent"
      },
      "trim": {
        "type": "trim"
      },
      "hardlineWithoutBreakParent": {
        "type": "line",
        "hard": true
      },
      "literallineWithoutBreakParent": {
        "type": "line",
        "hard": true,
        "literal": true
      }
    },
    "default": {
      "builders": {
        "line": {
          "type": "line"
        },
        "softline": {
          "type": "line",
          "soft": true
        },
        "hardline": [
          {
            "type": "line",
            "hard": true
          },
          {
            "type": "break-parent"
          }
        ],
        "literalline": [
          {
            "type": "line",
            "hard": true,
            "literal": true
          },
          {
            "type": "break-parent"
          }
        ],
        "lineSuffixBoundary": {
          "type": "line-suffix-boundary"
        },
        "cursor": {
          "type": "cursor"
        },
        "breakParent": {
          "type": "break-parent"
        },
        "trim": {
          "type": "trim"
        },
        "hardlineWithoutBreakParent": {
          "type": "line",
          "hard": true
        },
        "literallineWithoutBreakParent": {
          "type": "line",
          "hard": true,
          "literal": true
        }
      },
      "printer": {},
      "utils": {}
    },
    "printer": {},
    "utils": {}
  },
  "util": {},
  "version": "3.7.4"
}
["WARN" - 11:10:27] Unable to resolve ignore path: .prettierignore for /home/alunos/.arthuruser001/webdesign.tri2.ativ1/Arthur.css
["INFO" - 11:10:27] Resolved plugins:
[]
["INFO" - 11:10:27] File Info:
{
  "ignored": false,
  "inferredParser": "css"
}
["INFO" - 11:10:27] Using VS Code configuration
["INFO" - 11:10:27] Prettier Options:
{
  "arrowParens": "always",
  "bracketSpacing": true,
  "endOfLine": "lf",
  "htmlWhitespaceSensitivity": "css",
  "insertPragma": false,
  "singleAttributePerLine": false,
  "bracketSameLine": false,
  "jsxBracketSameLine": false,
  "jsxSingleQuote": false,
  "printWidth": 80,
  "proseWrap": "preserve",
  "quoteProps": "as-needed",
  "requirePragma": false,
  "semi": true,
  "singleQuote": false,
  "tabWidth": 2,
  "trailingComma": "all",
  "useTabs": false,
  "embeddedLanguageFormatting": "auto",
  "vueIndentScriptAndStyle": false,
  "experimentalTernaries": false,
  "objectWrap": "preserve",
  "experimentalOperatorPosition": "end",
  "filepath": "/home/alunos/.arthuruser001/webdesign.tri2.ativ1/Arthur.css",
  "parser": "css"
}
["INFO" - 11:10:27] Formatting completed in 15ms.
["INFO" - 11:10:28] Formatting file:///home/alunos/.arthuruser001/webdesign.tri2.ativ1/Arthur.css
["INFO" - 11:10:28] EditorConfig support is enabled, checking for .editorconfig files
["INFO" - 11:10:28] No local configuration (i.e. .prettierrc or .editorconfig) detected, will fall back to VS Code configuration
["INFO" - 11:10:28] PrettierInstance:
{
  "__debug": {
    "mockable": {
      "mocked": {},
      "implementations": {}
    }
  },
  "__internal": {
    "errors": {},
    "optionCategories": {
      "CATEGORY_CONFIG": "Config",
      "CATEGORY_EDITOR": "Editor",
      "CATEGORY_FORMAT": "Format",
      "CATEGORY_GLOBAL": "Global",
      "CATEGORY_OTHER": "Other",
      "CATEGORY_OUTPUT": "Output",
      "CATEGORY_SPECIAL": "Special"
    },
    "formatOptionsHiddenDefaults": {
      "astFormat": "estree",
      "printer": {},
      "locStart": null,
      "locEnd": null,
      "getVisitorKeys": null
    },
    "vnopts": {
      "apiDescriptor": {}
    },
    "picocolors": {
      "isColorSupported": false
    },
    "utilities": {}
  },
  "doc": {
    "builders": {
      "line": {
        "type": "line"
      },
      "softline": {
        "type": "line",
        "soft": true
      },
      "hardline": [
        {
          "type": "line",
          "hard": true
        },
        {
          "type": "break-parent"
        }
      ],
      "literalline": [
        {
          "type": "line",
          "hard": true,
          "literal": true
        },
        {
          "type": "break-parent"
        }
      ],
      "lineSuffixBoundary": {
        "type": "line-suffix-boundary"
      },
      "cursor": {
        "type": "cursor"
      },
      "breakParent": {
        "type": "break-parent"
      },
      "trim": {
        "type": "trim"
      },
      "hardlineWithoutBreakParent": {
        "type": "line",
        "hard": true
      },
      "literallineWithoutBreakParent": {
        "type": "line",
        "hard": true,
        "literal": true
      }
    },
    "default": {
      "builders": {
        "line": {
          "type": "line"
        },
        "softline": {
          "type": "line",
          "soft": true
        },
        "hardline": [
          {
            "type": "line",
            "hard": true
          },
          {
            "type": "break-parent"
          }
        ],
        "literalline": [
          {
            "type": "line",
            "hard": true,
            "literal": true
          },
          {
            "type": "break-parent"
          }
        ],
        "lineSuffixBoundary": {
          "type": "line-suffix-boundary"
        },
        "cursor": {
          "type": "cursor"
        },
        "breakParent": {
          "type": "break-parent"
        },
        "trim": {
          "type": "trim"
        },
        "hardlineWithoutBreakParent": {
          "type": "line",
          "hard": true
        },
        "literallineWithoutBreakParent": {
          "type": "line",
          "hard": true,
          "literal": true
        }
      },
      "printer": {},
      "utils": {}
    },
    "printer": {},
    "utils": {}
  },
  "util": {},
  "version": "3.7.4"
}
["WARN" - 11:10:28] Unable to resolve ignore path: .prettierignore for /home/alunos/.arthuruser001/webdesign.tri2.ativ1/Arthur.css
["INFO" - 11:10:28] Resolved plugins:
[]
["INFO" - 11:10:28] File Info:
{
  "ignored": false,
  "inferredParser": "css"
}
["INFO" - 11:10:28] Using VS Code configuration
["INFO" - 11:10:28] Prettier Options:
{
  "arrowParens": "always",
  "bracketSpacing": true,
  "endOfLine": "lf",
  "htmlWhitespaceSensitivity": "css",
  "insertPragma": false,
  "singleAttributePerLine": false,
  "bracketSameLine": false,
  "jsxBracketSameLine": false,
  "jsxSingleQuote": false,
  "printWidth": 80,
  "proseWrap": "preserve",
  "quoteProps": "as-needed",
  "requirePragma": false,
  "semi": true,
  "singleQuote": false,
  "tabWidth": 2,
  "trailingComma": "all",
  "useTabs": false,
  "embeddedLanguageFormatting": "auto",
  "vueIndentScriptAndStyle": false,
  "experimentalTernaries": false,
  "objectWrap": "preserve",
  "experimentalOperatorPosition": "end",
  "filepath": "/home/alunos/.arthuruser001/webdesign.tri2.ativ1/Arthur.css",
  "parser": "css"
}
["INFO" - 11:10:28] Formatting completed in 29ms.
["INFO" - 11:10:28] Formatting file:///home/alunos/.arthuruser001/webdesign.tri2.ativ1/Arthur.css
["INFO" - 11:10:28] EditorConfig support is enabled, checking for .editorconfig files
["INFO" - 11:10:28] No local configuration (i.e. .prettierrc or .editorconfig) detected, will fall back to VS Code configuration
["INFO" - 11:10:28] PrettierInstance:
{
  "__debug": {
    "mockable": {
      "mocked": {},
      "implementations": {}
    }
  },
  "__internal": {
    "errors": {},
    "optionCategories": {
      "CATEGORY_CONFIG": "Config",
      "CATEGORY_EDITOR": "Editor",
      "CATEGORY_FORMAT": "Format",
      "CATEGORY_GLOBAL": "Global",
      "CATEGORY_OTHER": "Other",
      "CATEGORY_OUTPUT": "Output",
      "CATEGORY_SPECIAL": "Special"
    },
    "formatOptionsHiddenDefaults": {
      "astFormat": "estree",
      "printer": {},
      "locStart": null,
      "locEnd": null,
      "getVisitorKeys": null
    },
    "vnopts": {
      "apiDescriptor": {}
    },
    "picocolors": {
      "isColorSupported": false
    },
    "utilities": {}
  },
  "doc": {
    "builders": {
      "line": {
        "type": "line"
      },
      "softline": {
        "type": "line",
        "soft": true
      },
      "hardline": [
        {
          "type": "line",
          "hard": true
        },
        {
          "type": "break-parent"
        }
      ],
      "literalline": [
        {
          "type": "line",
          "hard": true,
          "literal": true
        },
        {
          "type": "break-parent"
        }
      ],
      "lineSuffixBoundary": {
        "type": "line-suffix-boundary"
      },
      "cursor": {
        "type": "cursor"
      },
      "breakParent": {
        "type": "break-parent"
      },
      "trim": {
        "type": "trim"
      },
      "hardlineWithoutBreakParent": {
        "type": "line",
        "hard": true
      },
      "literallineWithoutBreakParent": {
        "type": "line",
        "hard": true,
        "literal": true
      }
    },
    "default": {
      "builders": {
        "line": {
          "type": "line"
        },
        "softline": {
          "type": "line",
          "soft": true
        },
        "hardline": [
          {
            "type": "line",
            "hard": true
          },
          {
            "type": "break-parent"
          }
        ],
        "literalline": [
          {
            "type": "line",
            "hard": true,
            "literal": true
          },
          {
            "type": "break-parent"
          }
        ],
        "lineSuffixBoundary": {
          "type": "line-suffix-boundary"
        },
        "cursor": {
          "type": "cursor"
        },
        "breakParent": {
          "type": "break-parent"
        },
        "trim": {
          "type": "trim"
        },
        "hardlineWithoutBreakParent": {
          "type": "line",
          "hard": true
        },
        "literallineWithoutBreakParent": {
          "type": "line",
          "hard": true,
          "literal": true
        }
      },
      "printer": {},
      "utils": {}
    },
    "printer": {},
    "utils": {}
  },
  "util": {},
  "version": "3.7.4"
}
["WARN" - 11:10:28] Unable to resolve ignore path: .prettierignore for /home/alunos/.arthuruser001/webdesign.tri2.ativ1/Arthur.css
["INFO" - 11:10:28] Resolved plugins:
[]
["INFO" - 11:10:28] File Info:
{
  "ignored": false,
  "inferredParser": "css"
}
["INFO" - 11:10:28] Using VS Code configuration
["INFO" - 11:10:28] Prettier Options:
{
  "arrowParens": "always",
  "bracketSpacing": true,
  "endOfLine": "lf",
  "htmlWhitespaceSensitivity": "css",
  "insertPragma": false,
  "singleAttributePerLine": false,
  "bracketSameLine": false,
  "jsxBracketSameLine": false,
  "jsxSingleQuote": false,
  "printWidth": 80,
  "proseWrap": "preserve",
  "quoteProps": "as-needed",
  "requirePragma": false,
  "semi": true,
  "singleQuote": false,
  "tabWidth": 2,
  "trailingComma": "all",
  "useTabs": false,
  "embeddedLanguageFormatting": "auto",
  "vueIndentScriptAndStyle": false,
  "experimentalTernaries": false,
  "objectWrap": "preserve",
  "experimentalOperatorPosition": "end",
  "filepath": "/home/alunos/.arthuruser001/webdesign.tri2.ativ1/Arthur.css",
  "parser": "css"
}
["INFO" - 11:10:28] Formatting completed in 13ms.
["INFO" - 11:10:28] Formatting file:///home/alunos/.arthuruser001/webdesign.tri2.ativ1/Arthur.css
["INFO" - 11:10:28] EditorConfig support is enabled, checking for .editorconfig files
["INFO" - 11:10:28] No local configuration (i.e. .prettierrc or .editorconfig) detected, will fall back to VS Code configuration
["INFO" - 11:10:28] PrettierInstance:
{
  "__debug": {
    "mockable": {
      "mocked": {},
      "implementations": {}
    }
  },
  "__internal": {
    "errors": {},
    "optionCategories": {
      "CATEGORY_CONFIG": "Config",
      "CATEGORY_EDITOR": "Editor",
      "CATEGORY_FORMAT": "Format",
      "CATEGORY_GLOBAL": "Global",
      "CATEGORY_OTHER": "Other",
      "CATEGORY_OUTPUT": "Output",
      "CATEGORY_SPECIAL": "Special"
    },
    "formatOptionsHiddenDefaults": {
      "astFormat": "estree",
      "printer": {},
      "locStart": null,
      "locEnd": null,
      "getVisitorKeys": null
    },
    "vnopts": {
      "apiDescriptor": {}
    },
    "picocolors": {
      "isColorSupported": false
    },
    "utilities": {}
  },
  "doc": {
    "builders": {
      "line": {
        "type": "line"
      },
      "softline": {
        "type": "line",
        "soft": true
      },
      "hardline": [
        {
          "type": "line",
          "hard": true
        },
        {
          "type": "break-parent"
        }
      ],
      "literalline": [
        {
          "type": "line",
          "hard": true,
          "literal": true
        },
        {
          "type": "break-parent"
        }
      ],
      "lineSuffixBoundary": {
        "type": "line-suffix-boundary"
      },
      "cursor": {
        "type": "cursor"
      },
      "breakParent": {
        "type": "break-parent"
      },
      "trim": {
        "type": "trim"
      },
      "hardlineWithoutBreakParent": {
        "type": "line",
        "hard": true
      },
      "literallineWithoutBreakParent": {
        "type": "line",
        "hard": true,
        "literal": true
      }
    },
    "default": {
      "builders": {
        "line": {
          "type": "line"
        },
        "softline": {
          "type": "line",
          "soft": true
        },
        "hardline": [
          {
            "type": "line",
            "hard": true
          },
          {
            "type": "break-parent"
          }
        ],
        "literalline": [
          {
            "type": "line",
            "hard": true,
            "literal": true
          },
          {
            "type": "break-parent"
          }
        ],
        "lineSuffixBoundary": {
          "type": "line-suffix-boundary"
        },
        "cursor": {
          "type": "cursor"
        },
        "breakParent": {
          "type": "break-parent"
        },
        "trim": {
          "type": "trim"
        },
        "hardlineWithoutBreakParent": {
          "type": "line",
          "hard": true
        },
        "literallineWithoutBreakParent": {
          "type": "line",
          "hard": true,
          "literal": true
        }
      },
      "printer": {},
      "utils": {}
    },
    "printer": {},
    "utils": {}
  },
  "util": {},
  "version": "3.7.4"
}
["WARN" - 11:10:28] Unable to resolve ignore path: .prettierignore for /home/alunos/.arthuruser001/webdesign.tri2.ativ1/Arthur.css
["INFO" - 11:10:28] Resolved plugins:
[]
["INFO" - 11:10:28] File Info:
{
  "ignored": false,
  "inferredParser": "css"
}
["INFO" - 11:10:28] Using VS Code configuration
["INFO" - 11:10:28] Prettier Options:
{
  "arrowParens": "always",
  "bracketSpacing": true,
  "endOfLine": "lf",
  "htmlWhitespaceSensitivity": "css",
  "insertPragma": false,
  "singleAttributePerLine": false,
  "bracketSameLine": false,
  "jsxBracketSameLine": false,
  "jsxSingleQuote": false,
  "printWidth": 80,
  "proseWrap": "preserve",
  "quoteProps": "as-needed",
  "requirePragma": false,
  "semi": true,
  "singleQuote": false,
  "tabWidth": 2,
  "trailingComma": "all",
  "useTabs": false,
  "embeddedLanguageFormatting": "auto",
  "vueIndentScriptAndStyle": false,
  "experimentalTernaries": false,
  "objectWrap": "preserve",
  "experimentalOperatorPosition": "end",
  "filepath": "/home/alunos/.arthuruser001/webdesign.tri2.ativ1/Arthur.css",
  "parser": "css"
}
["INFO" - 11:10:28] Formatting completed in 15ms.
["INFO" - 11:10:28] Formatting file:///home/alunos/.arthuruser001/webdesign.tri2.ativ1/Arthur.css
["INFO" - 11:10:28] EditorConfig support is enabled, checking for .editorconfig files
["INFO" - 11:10:28] No local configuration (i.e. .prettierrc or .editorconfig) detected, will fall back to VS Code configuration
["INFO" - 11:10:28] PrettierInstance:
{
  "__debug": {
    "mockable": {
      "mocked": {},
      "implementations": {}
    }
  },
  "__internal": {
    "errors": {},
    "optionCategories": {
      "CATEGORY_CONFIG": "Config",
      "CATEGORY_EDITOR": "Editor",
      "CATEGORY_FORMAT": "Format",
      "CATEGORY_GLOBAL": "Global",
      "CATEGORY_OTHER": "Other",
      "CATEGORY_OUTPUT": "Output",
      "CATEGORY_SPECIAL": "Special"
    },
    "formatOptionsHiddenDefaults": {
      "astFormat": "estree",
      "printer": {},
      "locStart": null,
      "locEnd": null,
      "getVisitorKeys": null
    },
    "vnopts": {
      "apiDescriptor": {}
    },
    "picocolors": {
      "isColorSupported": false
    },
    "utilities": {}
  },
  "doc": {
    "builders": {
      "line": {
        "type": "line"
      },
      "softline": {
        "type": "line",
        "soft": true
      },
      "hardline": [
        {
          "type": "line",
          "hard": true
        },
        {
          "type": "break-parent"
        }
      ],
      "literalline": [
        {
          "type": "line",
          "hard": true,
          "literal": true
        },
        {
          "type": "break-parent"
        }
      ],
      "lineSuffixBoundary": {
        "type": "line-suffix-boundary"
      },
      "cursor": {
        "type": "cursor"
      },
      "breakParent": {
        "type": "break-parent"
      },
      "trim": {
        "type": "trim"
      },
      "hardlineWithoutBreakParent": {
        "type": "line",
        "hard": true
      },
      "literallineWithoutBreakParent": {
        "type": "line",
        "hard": true,
        "literal": true
      }
    },
    "default": {
      "builders": {
        "line": {
          "type": "line"
        },
        "softline": {
          "type": "line",
          "soft": true
        },
        "hardline": [
          {
            "type": "line",
            "hard": true
          },
          {
            "type": "break-parent"
          }
        ],
        "literalline": [
          {
            "type": "line",
            "hard": true,
            "literal": true
          },
          {
            "type": "break-parent"
          }
        ],
        "lineSuffixBoundary": {
          "type": "line-suffix-boundary"
        },
        "cursor": {
          "type": "cursor"
        },
        "breakParent": {
          "type": "break-parent"
        },
        "trim": {
          "type": "trim"
        },
        "hardlineWithoutBreakParent": {
          "type": "line",
          "hard": true
        },
        "literallineWithoutBreakParent": {
          "type": "line",
          "hard": true,
          "literal": true
        }
      },
      "printer": {},
      "utils": {}
    },
    "printer": {},
    "utils": {}
  },
  "util": {},
  "version": "3.7.4"
}
["WARN" - 11:10:28] Unable to resolve ignore path: .prettierignore for /home/alunos/.arthuruser001/webdesign.tri2.ativ1/Arthur.css
["INFO" - 11:10:28] Resolved plugins:
[]
["INFO" - 11:10:28] File Info:
{
  "ignored": false,
  "inferredParser": "css"
}
["INFO" - 11:10:28] Using VS Code configuration
["INFO" - 11:10:28] Prettier Options:
{
  "arrowParens": "always",
  "bracketSpacing": true,
  "endOfLine": "lf",
  "htmlWhitespaceSensitivity": "css",
  "insertPragma": false,
  "singleAttributePerLine": false,
  "bracketSameLine": false,
  "jsxBracketSameLine": false,
  "jsxSingleQuote": false,
  "printWidth": 80,
  "proseWrap": "preserve",
  "quoteProps": "as-needed",
  "requirePragma": false,
  "semi": true,
  "singleQuote": false,
  "tabWidth": 2,
  "trailingComma": "all",
  "useTabs": false,
  "embeddedLanguageFormatting": "auto",
  "vueIndentScriptAndStyle": false,
  "experimentalTernaries": false,
  "objectWrap": "preserve",
  "experimentalOperatorPosition": "end",
  "filepath": "/home/alunos/.arthuruser001/webdesign.tri2.ativ1/Arthur.css",
  "parser": "css"
}
["INFO" - 11:10:28] Formatting completed in 17ms.
["INFO" - 11:10:28] Formatting file:///home/alunos/.arthuruser001/webdesign.tri2.ativ1/Arthur.css
["INFO" - 11:10:28] EditorConfig support is enabled, checking for .editorconfig files
["INFO" - 11:10:28] No local configuration (i.e. .prettierrc or .editorconfig) detected, will fall back to VS Code configuration
["INFO" - 11:10:28] PrettierInstance:
{
  "__debug": {
    "mockable": {
      "mocked": {},
      "implementations": {}
    }
  },
  "__internal": {
    "errors": {},
    "optionCategories": {
      "CATEGORY_CONFIG": "Config",
      "CATEGORY_EDITOR": "Editor",
      "CATEGORY_FORMAT": "Format",
      "CATEGORY_GLOBAL": "Global",
      "CATEGORY_OTHER": "Other",
      "CATEGORY_OUTPUT": "Output",
      "CATEGORY_SPECIAL": "Special"
    },
    "formatOptionsHiddenDefaults": {
      "astFormat": "estree",
      "printer": {},
      "locStart": null,
      "locEnd": null,
      "getVisitorKeys": null
    },
    "vnopts": {
      "apiDescriptor": {}
    },
    "picocolors": {
      "isColorSupported": false
    },
    "utilities": {}
  },
  "doc": {
    "builders": {
      "line": {
        "type": "line"
      },
      "softline": {
        "type": "line",
        "soft": true
      },
      "hardline": [
        {
          "type": "line",
          "hard": true
        },
        {
          "type": "break-parent"
        }
      ],
      "literalline": [
        {
          "type": "line",
          "hard": true,
          "literal": true
        },
        {
          "type": "break-parent"
        }
      ],
      "lineSuffixBoundary": {
        "type": "line-suffix-boundary"
      },
      "cursor": {
        "type": "cursor"
      },
      "breakParent": {
        "type": "break-parent"
      },
      "trim": {
        "type": "trim"
      },
      "hardlineWithoutBreakParent": {
        "type": "line",
        "hard": true
      },
      "literallineWithoutBreakParent": {
        "type": "line",
        "hard": true,
        "literal": true
      }
    },
    "default": {
      "builders": {
        "line": {
          "type": "line"
        },
        "softline": {
          "type": "line",
          "soft": true
        },
        "hardline": [
          {
            "type": "line",
            "hard": true
          },
          {
            "type": "break-parent"
          }
        ],
        "literalline": [
          {
            "type": "line",
            "hard": true,
            "literal": true
          },
          {
            "type": "break-parent"
          }
        ],
        "lineSuffixBoundary": {
          "type": "line-suffix-boundary"
        },
        "cursor": {
          "type": "cursor"
        },
        "breakParent": {
          "type": "break-parent"
        },
        "trim": {
          "type": "trim"
        },
        "hardlineWithoutBreakParent": {
          "type": "line",
          "hard": true
        },
        "literallineWithoutBreakParent": {
          "type": "line",
          "hard": true,
          "literal": true
        }
      },
      "printer": {},
      "utils": {}
    },
    "printer": {},
    "utils": {}
  },
  "util": {},
  "version": "3.7.4"
}
["WARN" - 11:10:28] Unable to resolve ignore path: .prettierignore for /home/alunos/.arthuruser001/webdesign.tri2.ativ1/Arthur.css
["INFO" - 11:10:28] Resolved plugins:
[]
["INFO" - 11:10:28] File Info:
{
  "ignored": false,
  "inferredParser": "css"
}
["INFO" - 11:10:28] Using VS Code configuration
["INFO" - 11:10:28] Prettier Options:
{
  "arrowParens": "always",
  "bracketSpacing": true,
  "endOfLine": "lf",
  "htmlWhitespaceSensitivity": "css",
  "insertPragma": false,
  "singleAttributePerLine": false,
  "bracketSameLine": false,
  "jsxBracketSameLine": false,
  "jsxSingleQuote": false,
  "printWidth": 80,
  "proseWrap": "preserve",
  "quoteProps": "as-needed",
  "requirePragma": false,
  "semi": true,
  "singleQuote": false,
  "tabWidth": 2,
  "trailingComma": "all",
  "useTabs": false,
  "embeddedLanguageFormatting": "auto",
  "vueIndentScriptAndStyle": false,
  "experimentalTernaries": false,
  "objectWrap": "preserve",
  "experimentalOperatorPosition": "end",
  "filepath": "/home/alunos/.arthuruser001/webdesign.tri2.ativ1/Arthur.css",
  "parser": "css"
}
["INFO" - 11:10:28] Formatting completed in 15ms.
["INFO" - 11:10:28] Formatting file:///home/alunos/.arthuruser001/webdesign.tri2.ativ1/Arthur.css
["INFO" - 11:10:28] EditorConfig support is enabled, checking for .editorconfig files
["INFO" - 11:10:28] No local configuration (i.e. .prettierrc or .editorconfig) detected, will fall back to VS Code configuration
["INFO" - 11:10:28] PrettierInstance:
{
  "__debug": {
    "mockable": {
      "mocked": {},
      "implementations": {}
    }
  },
  "__internal": {
    "errors": {},
    "optionCategories": {
      "CATEGORY_CONFIG": "Config",
      "CATEGORY_EDITOR": "Editor",
      "CATEGORY_FORMAT": "Format",
      "CATEGORY_GLOBAL": "Global",
      "CATEGORY_OTHER": "Other",
      "CATEGORY_OUTPUT": "Output",
      "CATEGORY_SPECIAL": "Special"
    },
    "formatOptionsHiddenDefaults": {
      "astFormat": "estree",
      "printer": {},
      "locStart": null,
      "locEnd": null,
      "getVisitorKeys": null
    },
    "vnopts": {
      "apiDescriptor": {}
    },
    "picocolors": {
      "isColorSupported": false
    },
    "utilities": {}
  },
  "doc": {
    "builders": {
      "line": {
        "type": "line"
      },
      "softline": {
        "type": "line",
        "soft": true
      },
      "hardline": [
        {
          "type": "line",
          "hard": true
        },
        {
          "type": "break-parent"
        }
      ],
      "literalline": [
        {
          "type": "line",
          "hard": true,
          "literal": true
        },
        {
          "type": "break-parent"
        }
      ],
      "lineSuffixBoundary": {
        "type": "line-suffix-boundary"
      },
      "cursor": {
        "type": "cursor"
      },
      "breakParent": {
        "type": "break-parent"
      },
      "trim": {
        "type": "trim"
      },
      "hardlineWithoutBreakParent": {
        "type": "line",
        "hard": true
      },
      "literallineWithoutBreakParent": {
        "type": "line",
        "hard": true,
        "literal": true
      }
    },
    "default": {
      "builders": {
        "line": {
          "type": "line"
        },
        "softline": {
          "type": "line",
          "soft": true
        },
        "hardline": [
          {
            "type": "line",
            "hard": true
          },
          {
            "type": "break-parent"
          }
        ],
        "literalline": [
          {
            "type": "line",
            "hard": true,
            "literal": true
          },
          {
            "type": "break-parent"
          }
        ],
        "lineSuffixBoundary": {
          "type": "line-suffix-boundary"
        },
        "cursor": {
          "type": "cursor"
        },
        "breakParent": {
          "type": "break-parent"
        },
        "trim": {
          "type": "trim"
        },
        "hardlineWithoutBreakParent": {
          "type": "line",
          "hard": true
        },
        "literallineWithoutBreakParent": {
          "type": "line",
          "hard": true,
          "literal": true
        }
      },
      "printer": {},
      "utils": {}
    },
    "printer": {},
    "utils": {}
  },
  "util": {},
  "version": "3.7.4"
}
["WARN" - 11:10:28] Unable to resolve ignore path: .prettierignore for /home/alunos/.arthuruser001/webdesign.tri2.ativ1/Arthur.css
["INFO" - 11:10:28] Resolved plugins:
[]
["INFO" - 11:10:28] File Info:
{
  "ignored": false,
  "inferredParser": "css"
}
["INFO" - 11:10:28] Using VS Code configuration
["INFO" - 11:10:28] Prettier Options:
{
  "arrowParens": "always",
  "bracketSpacing": true,
  "endOfLine": "lf",
  "htmlWhitespaceSensitivity": "css",
  "insertPragma": false,
  "singleAttributePerLine": false,
  "bracketSameLine": false,
  "jsxBracketSameLine": false,
  "jsxSingleQuote": false,
  "printWidth": 80,
  "proseWrap": "preserve",
  "quoteProps": "as-needed",
  "requirePragma": false,
  "semi": true,
  "singleQuote": false,
  "tabWidth": 2,
  "trailingComma": "all",
  "useTabs": false,
  "embeddedLanguageFormatting": "auto",
  "vueIndentScriptAndStyle": false,
  "experimentalTernaries": false,
  "objectWrap": "preserve",
  "experimentalOperatorPosition": "end",
  "filepath": "/home/alunos/.arthuruser001/webdesign.tri2.ativ1/Arthur.css",
  "parser": "css"
}
["INFO" - 11:10:28] Formatting completed in 12ms.
["INFO" - 11:10:29] Formatting file:///home/alunos/.arthuruser001/webdesign.tri2.ativ1/Arthur.css
["INFO" - 11:10:29] EditorConfig support is enabled, checking for .editorconfig files
["INFO" - 11:10:29] No local configuration (i.e. .prettierrc or .editorconfig) detected, will fall back to VS Code configuration
["INFO" - 11:10:29] PrettierInstance:
{
  "__debug": {
    "mockable": {
      "mocked": {},
      "implementations": {}
    }
  },
  "__internal": {
    "errors": {},
    "optionCategories": {
      "CATEGORY_CONFIG": "Config",
      "CATEGORY_EDITOR": "Editor",
      "CATEGORY_FORMAT": "Format",
      "CATEGORY_GLOBAL": "Global",
      "CATEGORY_OTHER": "Other",
      "CATEGORY_OUTPUT": "Output",
      "CATEGORY_SPECIAL": "Special"
    },
    "formatOptionsHiddenDefaults": {
      "astFormat": "estree",
      "printer": {},
      "locStart": null,
      "locEnd": null,
      "getVisitorKeys": null
    },
    "vnopts": {
      "apiDescriptor": {}
    },
    "picocolors": {
      "isColorSupported": false
    },
    "utilities": {}
  },
  "doc": {
    "builders": {
      "line": {
        "type": "line"
      },
      "softline": {
        "type": "line",
        "soft": true
      },
      "hardline": [
        {
          "type": "line",
          "hard": true
        },
        {
          "type": "break-parent"
        }
      ],
      "literalline": [
        {
          "type": "line",
          "hard": true,
          "literal": true
        },
        {
          "type": "break-parent"
        }
      ],
      "lineSuffixBoundary": {
        "type": "line-suffix-boundary"
      },
      "cursor": {
        "type": "cursor"
      },
      "breakParent": {
        "type": "break-parent"
      },
      "trim": {
        "type": "trim"
      },
      "hardlineWithoutBreakParent": {
        "type": "line",
        "hard": true
      },
      "literallineWithoutBreakParent": {
        "type": "line",
        "hard": true,
        "literal": true
      }
    },
    "default": {
      "builders": {
        "line": {
          "type": "line"
        },
        "softline": {
          "type": "line",
          "soft": true
        },
        "hardline": [
          {
            "type": "line",
            "hard": true
          },
          {
            "type": "break-parent"
          }
        ],
        "literalline": [
          {
            "type": "line",
            "hard": true,
            "literal": true
          },
          {
            "type": "break-parent"
          }
        ],
        "lineSuffixBoundary": {
          "type": "line-suffix-boundary"
        },
        "cursor": {
          "type": "cursor"
        },
        "breakParent": {
          "type": "break-parent"
        },
        "trim": {
          "type": "trim"
        },
        "hardlineWithoutBreakParent": {
          "type": "line",
          "hard": true
        },
        "literallineWithoutBreakParent": {
          "type": "line",
          "hard": true,
          "literal": true
        }
      },
      "printer": {},
      "utils": {}
    },
    "printer": {},
    "utils": {}
  },
  "util": {},
  "version": "3.7.4"
}
["WARN" - 11:10:29] Unable to resolve ignore path: .prettierignore for /home/alunos/.arthuruser001/webdesign.tri2.ativ1/Arthur.css
["INFO" - 11:10:29] Resolved plugins:
[]
["INFO" - 11:10:29] File Info:
{
  "ignored": false,
  "inferredParser": "css"
}
["INFO" - 11:10:29] Using VS Code configuration
["INFO" - 11:10:29] Prettier Options:
{
  "arrowParens": "always",
  "bracketSpacing": true,
  "endOfLine": "lf",
  "htmlWhitespaceSensitivity": "css",
  "insertPragma": false,
  "singleAttributePerLine": false,
  "bracketSameLine": false,
  "jsxBracketSameLine": false,
  "jsxSingleQuote": false,
  "printWidth": 80,
  "proseWrap": "preserve",
  "quoteProps": "as-needed",
  "requirePragma": false,
  "semi": true,
  "singleQuote": false,
  "tabWidth": 2,
  "trailingComma": "all",
  "useTabs": false,
  "embeddedLanguageFormatting": "auto",
  "vueIndentScriptAndStyle": false,
  "experimentalTernaries": false,
  "objectWrap": "preserve",
  "experimentalOperatorPosition": "end",
  "filepath": "/home/alunos/.arthuruser001/webdesign.tri2.ativ1/Arthur.css",
  "parser": "css"
}
["INFO" - 11:10:29] Formatting completed in 14ms.
["INFO" - 11:10:29] Formatting file:///home/alunos/.arthuruser001/webdesign.tri2.ativ1/Arthur.css
["INFO" - 11:10:29] EditorConfig support is enabled, checking for .editorconfig files
["INFO" - 11:10:29] No local configuration (i.e. .prettierrc or .editorconfig) detected, will fall back to VS Code configuration
["INFO" - 11:10:29] PrettierInstance:
{
  "__debug": {
    "mockable": {
      "mocked": {},
      "implementations": {}
    }
  },
  "__internal": {
    "errors": {},
    "optionCategories": {
      "CATEGORY_CONFIG": "Config",
      "CATEGORY_EDITOR": "Editor",
      "CATEGORY_FORMAT": "Format",
      "CATEGORY_GLOBAL": "Global",
      "CATEGORY_OTHER": "Other",
      "CATEGORY_OUTPUT": "Output",
      "CATEGORY_SPECIAL": "Special"
    },
    "formatOptionsHiddenDefaults": {
      "astFormat": "estree",
      "printer": {},
      "locStart": null,
      "locEnd": null,
      "getVisitorKeys": null
    },
    "vnopts": {
      "apiDescriptor": {}
    },
    "picocolors": {
      "isColorSupported": false
    },
    "utilities": {}
  },
  "doc": {
    "builders": {
      "line": {
        "type": "line"
      },
      "softline": {
        "type": "line",
        "soft": true
      },
      "hardline": [
        {
          "type": "line",
          "hard": true
        },
        {
          "type": "break-parent"
        }
      ],
      "literalline": [
        {
          "type": "line",
          "hard": true,
          "literal": true
        },
        {
          "type": "break-parent"
        }
      ],
      "lineSuffixBoundary": {
        "type": "line-suffix-boundary"
      },
      "cursor": {
        "type": "cursor"
      },
      "breakParent": {
        "type": "break-parent"
      },
      "trim": {
        "type": "trim"
      },
      "hardlineWithoutBreakParent": {
        "type": "line",
        "hard": true
      },
      "literallineWithoutBreakParent": {
        "type": "line",
        "hard": true,
        "literal": true
      }
    },
    "default": {
      "builders": {
        "line": {
          "type": "line"
        },
        "softline": {
          "type": "line",
          "soft": true
        },
        "hardline": [
          {
            "type": "line",
            "hard": true
          },
          {
            "type": "break-parent"
          }
        ],
        "literalline": [
          {
            "type": "line",
            "hard": true,
            "literal": true
          },
          {
            "type": "break-parent"
          }
        ],
        "lineSuffixBoundary": {
          "type": "line-suffix-boundary"
        },
        "cursor": {
          "type": "cursor"
        },
        "breakParent": {
          "type": "break-parent"
        },
        "trim": {
          "type": "trim"
        },
        "hardlineWithoutBreakParent": {
          "type": "line",
          "hard": true
        },
        "literallineWithoutBreakParent": {
          "type": "line",
          "hard": true,
          "literal": true
        }
      },
      "printer": {},
      "utils": {}
    },
    "printer": {},
    "utils": {}
  },
  "util": {},
  "version": "3.7.4"
}
["WARN" - 11:10:29] Unable to resolve ignore path: .prettierignore for /home/alunos/.arthuruser001/webdesign.tri2.ativ1/Arthur.css
["INFO" - 11:10:29] Resolved plugins:
[]
["INFO" - 11:10:29] File Info:
{
  "ignored": false,
  "inferredParser": "css"
}
["INFO" - 11:10:29] Using VS Code configuration
["INFO" - 11:10:29] Prettier Options:
{
  "arrowParens": "always",
  "bracketSpacing": true,
  "endOfLine": "lf",
  "htmlWhitespaceSensitivity": "css",
  "insertPragma": false,
  "singleAttributePerLine": false,
  "bracketSameLine": false,
  "jsxBracketSameLine": false,
  "jsxSingleQuote": false,
  "printWidth": 80,
  "proseWrap": "preserve",
  "quoteProps": "as-needed",
  "requirePragma": false,
  "semi": true,
  "singleQuote": false,
  "tabWidth": 2,
  "trailingComma": "all",
  "useTabs": false,
  "embeddedLanguageFormatting": "auto",
  "vueIndentScriptAndStyle": false,
  "experimentalTernaries": false,
  "objectWrap": "preserve",
  "experimentalOperatorPosition": "end",
  "filepath": "/home/alunos/.arthuruser001/webdesign.tri2.ativ1/Arthur.css",
  "parser": "css"
}
["INFO" - 11:10:29] Formatting completed in 15ms.
["INFO" - 11:10:29] Formatting file:///home/alunos/.arthuruser001/webdesign.tri2.ativ1/Arthur.css
["INFO" - 11:10:29] EditorConfig support is enabled, checking for .editorconfig files
["INFO" - 11:10:29] No local configuration (i.e. .prettierrc or .editorconfig) detected, will fall back to VS Code configuration
["INFO" - 11:10:29] PrettierInstance:
{
  "__debug": {
    "mockable": {
      "mocked": {},
      "implementations": {}
    }
  },
  "__internal": {
    "errors": {},
    "optionCategories": {
      "CATEGORY_CONFIG": "Config",
      "CATEGORY_EDITOR": "Editor",
      "CATEGORY_FORMAT": "Format",
      "CATEGORY_GLOBAL": "Global",
      "CATEGORY_OTHER": "Other",
      "CATEGORY_OUTPUT": "Output",
      "CATEGORY_SPECIAL": "Special"
    },
    "formatOptionsHiddenDefaults": {
      "astFormat": "estree",
      "printer": {},
      "locStart": null,
      "locEnd": null,
      "getVisitorKeys": null
    },
    "vnopts": {
      "apiDescriptor": {}
    },
    "picocolors": {
      "isColorSupported": false
    },
    "utilities": {}
  },
  "doc": {
    "builders": {
      "line": {
        "type": "line"
      },
      "softline": {
        "type": "line",
        "soft": true
      },
      "hardline": [
        {
          "type": "line",
          "hard": true
        },
        {
          "type": "break-parent"
        }
      ],
      "literalline": [
        {
          "type": "line",
          "hard": true,
          "literal": true
        },
        {
          "type": "break-parent"
        }
      ],
      "lineSuffixBoundary": {
        "type": "line-suffix-boundary"
      },
      "cursor": {
        "type": "cursor"
      },
      "breakParent": {
        "type": "break-parent"
      },
      "trim": {
        "type": "trim"
      },
      "hardlineWithoutBreakParent": {
        "type": "line",
        "hard": true
      },
      "literallineWithoutBreakParent": {
        "type": "line",
        "hard": true,
        "literal": true
      }
    },
    "default": {
      "builders": {
        "line": {
          "type": "line"
        },
        "softline": {
          "type": "line",
          "soft": true
        },
        "hardline": [
          {
            "type": "line",
            "hard": true
          },
          {
            "type": "break-parent"
          }
        ],
        "literalline": [
          {
            "type": "line",
            "hard": true,
            "literal": true
          },
          {
            "type": "break-parent"
          }
        ],
        "lineSuffixBoundary": {
          "type": "line-suffix-boundary"
        },
        "cursor": {
          "type": "cursor"
        },
        "breakParent": {
          "type": "break-parent"
        },
        "trim": {
          "type": "trim"
        },
        "hardlineWithoutBreakParent": {
          "type": "line",
          "hard": true
        },
        "literallineWithoutBreakParent": {
          "type": "line",
          "hard": true,
          "literal": true
        }
      },
      "printer": {},
      "utils": {}
    },
    "printer": {},
    "utils": {}
  },
  "util": {},
  "version": "3.7.4"
}
["WARN" - 11:10:29] Unable to resolve ignore path: .prettierignore for /home/alunos/.arthuruser001/webdesign.tri2.ativ1/Arthur.css
["INFO" - 11:10:29] Resolved plugins:
[]
["INFO" - 11:10:29] File Info:
{
  "ignored": false,
  "inferredParser": "css"
}
["INFO" - 11:10:29] Using VS Code configuration
["INFO" - 11:10:29] Prettier Options:
{
  "arrowParens": "always",
  "bracketSpacing": true,
  "endOfLine": "lf",
  "htmlWhitespaceSensitivity": "css",
  "insertPragma": false,
  "singleAttributePerLine": false,
  "bracketSameLine": false,
  "jsxBracketSameLine": false,
  "jsxSingleQuote": false,
  "printWidth": 80,
  "proseWrap": "preserve",
  "quoteProps": "as-needed",
  "requirePragma": false,
  "semi": true,
  "singleQuote": false,
  "tabWidth": 2,
  "trailingComma": "all",
  "useTabs": false,
  "embeddedLanguageFormatting": "auto",
  "vueIndentScriptAndStyle": false,
  "experimentalTernaries": false,
  "objectWrap": "preserve",
  "experimentalOperatorPosition": "end",
  "filepath": "/home/alunos/.arthuruser001/webdesign.tri2.ativ1/Arthur.css",
  "parser": "css"
}
["INFO" - 11:10:29] Formatting completed in 18ms.
["INFO" - 11:10:29] Formatting file:///home/alunos/.arthuruser001/webdesign.tri2.ativ1/Arthur.css
["INFO" - 11:10:29] EditorConfig support is enabled, checking for .editorconfig files
["INFO" - 11:10:29] No local configuration (i.e. .prettierrc or .editorconfig) detected, will fall back to VS Code configuration
["INFO" - 11:10:29] PrettierInstance:
{
  "__debug": {
    "mockable": {
      "mocked": {},
      "implementations": {}
    }
  },
  "__internal": {
    "errors": {},
    "optionCategories": {
      "CATEGORY_CONFIG": "Config",
      "CATEGORY_EDITOR": "Editor",
      "CATEGORY_FORMAT": "Format",
      "CATEGORY_GLOBAL": "Global",
      "CATEGORY_OTHER": "Other",
      "CATEGORY_OUTPUT": "Output",
      "CATEGORY_SPECIAL": "Special"
    },
    "formatOptionsHiddenDefaults": {
      "astFormat": "estree",
      "printer": {},
      "locStart": null,
      "locEnd": null,
      "getVisitorKeys": null
    },
    "vnopts": {
      "apiDescriptor": {}
    },
    "picocolors": {
      "isColorSupported": false
    },
    "utilities": {}
  },
  "doc": {
    "builders": {
      "line": {
        "type": "line"
      },
      "softline": {
        "type": "line",
        "soft": true
      },
      "hardline": [
        {
          "type": "line",
          "hard": true
        },
        {
          "type": "break-parent"
        }
      ],
      "literalline": [
        {
          "type": "line",
          "hard": true,
          "literal": true
        },
        {
          "type": "break-parent"
        }
      ],
      "lineSuffixBoundary": {
        "type": "line-suffix-boundary"
      },
      "cursor": {
        "type": "cursor"
      },
      "breakParent": {
        "type": "break-parent"
      },
      "trim": {
        "type": "trim"
      },
      "hardlineWithoutBreakParent": {
        "type": "line",
        "hard": true
      },
      "literallineWithoutBreakParent": {
        "type": "line",
        "hard": true,
        "literal": true
      }
    },
    "default": {
      "builders": {
        "line": {
          "type": "line"
        },
        "softline": {
          "type": "line",
          "soft": true
        },
        "hardline": [
          {
            "type": "line",
            "hard": true
          },
          {
            "type": "break-parent"
          }
        ],
        "literalline": [
          {
            "type": "line",
            "hard": true,
            "literal": true
          },
          {
            "type": "break-parent"
          }
        ],
        "lineSuffixBoundary": {
          "type": "line-suffix-boundary"
        },
        "cursor": {
          "type": "cursor"
        },
        "breakParent": {
          "type": "break-parent"
        },
        "trim": {
          "type": "trim"
        },
        "hardlineWithoutBreakParent": {
          "type": "line",
          "hard": true
        },
        "literallineWithoutBreakParent": {
          "type": "line",
          "hard": true,
          "literal": true
        }
      },
      "printer": {},
      "utils": {}
    },
    "printer": {},
    "utils": {}
  },
  "util": {},
  "version": "3.7.4"
}
["WARN" - 11:10:29] Unable to resolve ignore path: .prettierignore for /home/alunos/.arthuruser001/webdesign.tri2.ativ1/Arthur.css
["INFO" - 11:10:29] Resolved plugins:
[]
["INFO" - 11:10:29] File Info:
{
  "ignored": false,
  "inferredParser": "css"
}
["INFO" - 11:10:29] Using VS Code configuration
["INFO" - 11:10:29] Prettier Options:
{
  "arrowParens": "always",
  "bracketSpacing": true,
  "endOfLine": "lf",
  "htmlWhitespaceSensitivity": "css",
  "insertPragma": false,
  "singleAttributePerLine": false,
  "bracketSameLine": false,
  "jsxBracketSameLine": false,
  "jsxSingleQuote": false,
  "printWidth": 80,
  "proseWrap": "preserve",
  "quoteProps": "as-needed",
  "requirePragma": false,
  "semi": true,
  "singleQuote": false,
  "tabWidth": 2,
  "trailingComma": "all",
  "useTabs": false,
  "embeddedLanguageFormatting": "auto",
  "vueIndentScriptAndStyle": false,
  "experimentalTernaries": false,
  "objectWrap": "preserve",
  "experimentalOperatorPosition": "end",
  "filepath": "/home/alunos/.arthuruser001/webdesign.tri2.ativ1/Arthur.css",
  "parser": "css"
}
["INFO" - 11:10:29] Formatting completed in 16ms.
["INFO" - 11:10:29] Formatting file:///home/alunos/.arthuruser001/webdesign.tri2.ativ1/Arthur.css
["INFO" - 11:10:29] EditorConfig support is enabled, checking for .editorconfig files
["INFO" - 11:10:29] No local configuration (i.e. .prettierrc or .editorconfig) detected, will fall back to VS Code configuration
["INFO" - 11:10:29] PrettierInstance:
{
  "__debug": {
    "mockable": {
      "mocked": {},
      "implementations": {}
    }
  },
  "__internal": {
    "errors": {},
    "optionCategories": {
      "CATEGORY_CONFIG": "Config",
      "CATEGORY_EDITOR": "Editor",
      "CATEGORY_FORMAT": "Format",
      "CATEGORY_GLOBAL": "Global",
      "CATEGORY_OTHER": "Other",
      "CATEGORY_OUTPUT": "Output",
      "CATEGORY_SPECIAL": "Special"
    },
    "formatOptionsHiddenDefaults": {
      "astFormat": "estree",
      "printer": {},
      "locStart": null,
      "locEnd": null,
      "getVisitorKeys": null
    },
    "vnopts": {
      "apiDescriptor": {}
    },
    "picocolors": {
      "isColorSupported": false
    },
    "utilities": {}
  },
  "doc": {
    "builders": {
      "line": {
        "type": "line"
      },
      "softline": {
        "type": "line",
        "soft": true
      },
      "hardline": [
        {
          "type": "line",
          "hard": true
        },
        {
          "type": "break-parent"
        }
      ],
      "literalline": [
        {
          "type": "line",
          "hard": true,
          "literal": true
        },
        {
          "type": "break-parent"
        }
      ],
      "lineSuffixBoundary": {
        "type": "line-suffix-boundary"
      },
      "cursor": {
        "type": "cursor"
      },
      "breakParent": {
        "type": "break-parent"
      },
      "trim": {
        "type": "trim"
      },
      "hardlineWithoutBreakParent": {
        "type": "line",
        "hard": true
      },
      "literallineWithoutBreakParent": {
        "type": "line",
        "hard": true,
        "literal": true
      }
    },
    "default": {
      "builders": {
        "line": {
          "type": "line"
        },
        "softline": {
          "type": "line",
          "soft": true
        },
        "hardline": [
          {
            "type": "line",
            "hard": true
          },
          {
            "type": "break-parent"
          }
        ],
        "literalline": [
          {
            "type": "line",
            "hard": true,
            "literal": true
          },
          {
            "type": "break-parent"
          }
        ],
        "lineSuffixBoundary": {
          "type": "line-suffix-boundary"
        },
        "cursor": {
          "type": "cursor"
        },
        "breakParent": {
          "type": "break-parent"
        },
        "trim": {
          "type": "trim"
        },
        "hardlineWithoutBreakParent": {
          "type": "line",
          "hard": true
        },
        "literallineWithoutBreakParent": {
          "type": "line",
          "hard": true,
          "literal": true
        }
      },
      "printer": {},
      "utils": {}
    },
    "printer": {},
    "utils": {}
  },
  "util": {},
  "version": "3.7.4"
}
["WARN" - 11:10:29] Unable to resolve ignore path: .prettierignore for /home/alunos/.arthuruser001/webdesign.tri2.ativ1/Arthur.css
["INFO" - 11:10:29] Resolved plugins:
[]
["INFO" - 11:10:29] File Info:
{
  "ignored": false,
  "inferredParser": "css"
}
["INFO" - 11:10:29] Using VS Code configuration
["INFO" - 11:10:29] Prettier Options:
{
  "arrowParens": "always",
  "bracketSpacing": true,
  "endOfLine": "lf",
  "htmlWhitespaceSensitivity": "css",
  "insertPragma": false,
  "singleAttributePerLine": false,
  "bracketSameLine": false,
  "jsxBracketSameLine": false,
  "jsxSingleQuote": false,
  "printWidth": 80,
  "proseWrap": "preserve",
  "quoteProps": "as-needed",
  "requirePragma": false,
  "semi": true,
  "singleQuote": false,
  "tabWidth": 2,
  "trailingComma": "all",
  "useTabs": false,
  "embeddedLanguageFormatting": "auto",
  "vueIndentScriptAndStyle": false,
  "experimentalTernaries": false,
  "objectWrap": "preserve",
  "experimentalOperatorPosition": "end",
  "filepath": "/home/alunos/.arthuruser001/webdesign.tri2.ativ1/Arthur.css",
  "parser": "css"
}
["INFO" - 11:10:29] Formatting completed in 15ms.
["INFO" - 11:10:30] Formatting file:///home/alunos/.arthuruser001/webdesign.tri2.ativ1/Arthur.css
["INFO" - 11:10:30] EditorConfig support is enabled, checking for .editorconfig files
["INFO" - 11:10:30] No local configuration (i.e. .prettierrc or .editorconfig) detected, will fall back to VS Code configuration
["INFO" - 11:10:30] PrettierInstance:
{
  "__debug": {
    "mockable": {
      "mocked": {},
      "implementations": {}
    }
  },
  "__internal": {
    "errors": {},
    "optionCategories": {
      "CATEGORY_CONFIG": "Config",
      "CATEGORY_EDITOR": "Editor",
      "CATEGORY_FORMAT": "Format",
      "CATEGORY_GLOBAL": "Global",
      "CATEGORY_OTHER": "Other",
      "CATEGORY_OUTPUT": "Output",
      "CATEGORY_SPECIAL": "Special"
    },
    "formatOptionsHiddenDefaults": {
      "astFormat": "estree",
      "printer": {},
      "locStart": null,
      "locEnd": null,
      "getVisitorKeys": null
    },
    "vnopts": {
      "apiDescriptor": {}
    },
    "picocolors": {
      "isColorSupported": false
    },
    "utilities": {}
  },
  "doc": {
    "builders": {
      "line": {
        "type": "line"
      },
      "softline": {
        "type": "line",
        "soft": true
      },
      "hardline": [
        {
          "type": "line",
          "hard": true
        },
        {
          "type": "break-parent"
        }
      ],
      "literalline": [
        {
          "type": "line",
          "hard": true,
          "literal": true
        },
        {
          "type": "break-parent"
        }
      ],
      "lineSuffixBoundary": {
        "type": "line-suffix-boundary"
      },
      "cursor": {
        "type": "cursor"
      },
      "breakParent": {
        "type": "break-parent"
      },
      "trim": {
        "type": "trim"
      },
      "hardlineWithoutBreakParent": {
        "type": "line",
        "hard": true
      },
      "literallineWithoutBreakParent": {
        "type": "line",
        "hard": true,
        "literal": true
      }
    },
    "default": {
      "builders": {
        "line": {
          "type": "line"
        },
        "softline": {
          "type": "line",
          "soft": true
        },
        "hardline": [
          {
            "type": "line",
            "hard": true
          },
          {
            "type": "break-parent"
          }
        ],
        "literalline": [
          {
            "type": "line",
            "hard": true,
            "literal": true
          },
          {
            "type": "break-parent"
          }
        ],
        "lineSuffixBoundary": {
          "type": "line-suffix-boundary"
        },
        "cursor": {
          "type": "cursor"
        },
        "breakParent": {
          "type": "break-parent"
        },
        "trim": {
          "type": "trim"
        },
        "hardlineWithoutBreakParent": {
          "type": "line",
          "hard": true
        },
        "literallineWithoutBreakParent": {
          "type": "line",
          "hard": true,
          "literal": true
        }
      },
      "printer": {},
      "utils": {}
    },
    "printer": {},
    "utils": {}
  },
  "util": {},
  "version": "3.7.4"
}
["WARN" - 11:10:30] Unable to resolve ignore path: .prettierignore for /home/alunos/.arthuruser001/webdesign.tri2.ativ1/Arthur.css
["INFO" - 11:10:30] Resolved plugins:
[]
["INFO" - 11:10:30] File Info:
{
  "ignored": false,
  "inferredParser": "css"
}
["INFO" - 11:10:30] Using VS Code configuration
["INFO" - 11:10:30] Prettier Options:
{
  "arrowParens": "always",
  "bracketSpacing": true,
  "endOfLine": "lf",
  "htmlWhitespaceSensitivity": "css",
  "insertPragma": false,
  "singleAttributePerLine": false,
  "bracketSameLine": false,
  "jsxBracketSameLine": false,
  "jsxSingleQuote": false,
  "printWidth": 80,
  "proseWrap": "preserve",
  "quoteProps": "as-needed",
  "requirePragma": false,
  "semi": true,
  "singleQuote": false,
  "tabWidth": 2,
  "trailingComma": "all",
  "useTabs": false,
  "embeddedLanguageFormatting": "auto",
  "vueIndentScriptAndStyle": false,
  "experimentalTernaries": false,
  "objectWrap": "preserve",
  "experimentalOperatorPosition": "end",
  "filepath": "/home/alunos/.arthuruser001/webdesign.tri2.ativ1/Arthur.css",
  "parser": "css"
}
["INFO" - 11:10:30] Formatting completed in 15ms.
["INFO" - 11:10:47] EditorConfig support is enabled, checking for .editorconfig files
["INFO" - 11:10:47] No local configuration (i.e. .prettierrc or .editorconfig) detected, will fall back to VS Code configuration
["INFO" - 11:11:03] EditorConfig support is enabled, checking for .editorconfig files
["INFO" - 11:11:03] No local configuration (i.e. .prettierrc or .editorconfig) detected, will fall back to VS Code configuration
["INFO" - 11:11:05] EditorConfig support is enabled, checking for .editorconfig files
["INFO" - 11:11:05] No local configuration (i.e. .prettierrc or .editorconfig) detected, will fall back to VS Code configuration
["INFO" - 11:11:06] EditorConfig support is enabled, checking for .editorconfig files
["INFO" - 11:11:06] No local configuration (i.e. .prettierrc or .editorconfig) detected, will fall back to VS Code configuration
["INFO" - 11:11:43] EditorConfig support is enabled, checking for .editorconfig files
["INFO" - 11:11:43] No local configuration (i.e. .prettierrc or .editorconfig) detected, will fall back to VS Code configuration
["INFO" - 11:11:45] EditorConfig support is enabled, checking for .editorconfig files
["INFO" - 11:11:45] No local configuration (i.e. .prettierrc or .editorconfig) detected, will fall back to VS Code configuration
["INFO" - 11:12:00] EditorConfig support is enabled, checking for .editorconfig files
["INFO" - 11:12:00] No local configuration (i.e. .prettierrc or .editorconfig) detected, will fall back to VS Code configuration
["INFO" - 11:12:03] EditorConfig support is enabled, checking for .editorconfig files
["INFO" - 11:12:03] No local configuration (i.e. .prettierrc or .editorconfig) detected, will fall back to VS Code configuration
["INFO" - 11:12:50] EditorConfig support is enabled, checking for .editorconfig files
["INFO" - 11:12:50] No local configuration (i.e. .prettierrc or .editorconfig) detected, will fall back to VS Code configuration
["INFO" - 11:12:53] EditorConfig support is enabled, checking for .editorconfig files
["INFO" - 11:12:53] No local configuration (i.e. .prettierrc or .editorconfig) detected, will fall back to VS Code configuration
["INFO" - 11:12:56] EditorConfig support is enabled, checking for .editorconfig files
["INFO" - 11:12:56] No local configuration (i.e. .prettierrc or .editorconfig) detected, will fall back to VS Code configuration
["INFO" - 11:13:39] EditorConfig support is enabled, checking for .editorconfig files
["INFO" - 11:13:39] No local configuration (i.e. .prettierrc or .editorconfig) detected, will fall back to VS Code configuration
["INFO" - 11:13:51] EditorConfig support is enabled, checking for .editorconfig files
["INFO" - 11:13:51] No local configuration (i.e. .prettierrc or .editorconfig) detected, will fall back to VS Code configuration
["INFO" - 11:14:34] EditorConfig support is enabled, checking for .editorconfig files
["INFO" - 11:14:34] No local configuration (i.e. .prettierrc or .editorconfig) detected, will fall back to VS Code configuration
["INFO" - 11:14:36] EditorConfig support is enabled, checking for .editorconfig files
["INFO" - 11:14:36] No local configuration (i.e. .prettierrc or .editorconfig) detected, will fall back to VS Code configuration
["INFO" - 11:14:36] EditorConfig support is enabled, checking for .editorconfig files
["INFO" - 11:14:36] No local configuration (i.e. .prettierrc or .editorconfig) detected, will fall back to VS Code configuration
["INFO" - 11:14:37] EditorConfig support is enabled, checking for .editorconfig files
["INFO" - 11:14:37] No local configuration (i.e. .prettierrc or .editorconfig) detected, will fall back to VS Code configuration
["INFO" - 11:14:38] EditorConfig support is enabled, checking for .editorconfig files
["INFO" - 11:14:38] No local configuration (i.e. .prettierrc or .editorconfig) detected, will fall back to VS Code configuration
["INFO" - 11:14:38] EditorConfig support is enabled, checking for .editorconfig files
["INFO" - 11:14:38] No local configuration (i.e. .prettierrc or .editorconfig) detected, will fall back to VS Code configuration
["INFO" - 11:14:55] EditorConfig support is enabled, checking for .editorconfig files
["INFO" - 11:14:55] No local configuration (i.e. .prettierrc or .editorconfig) detected, will fall back to VS Code configuration
["INFO" - 11:15:05] EditorConfig support is enabled, checking for .editorconfig files
["INFO" - 11:15:05] No local configuration (i.e. .prettierrc or .editorconfig) detected, will fall back to VS Code configuration
["INFO" - 11:15:13] EditorConfig support is enabled, checking for .editorconfig files
["INFO" - 11:15:13] No local configuration (i.e. .prettierrc or .editorconfig) detected, will fall back to VS Code configuration
["INFO" - 11:15:18] EditorConfig support is enabled, checking for .editorconfig files
["INFO" - 11:15:18] No local configuration (i.e. .prettierrc or .editorconfig) detected, will fall back to VS Code configuration
["INFO" - 11:15:46] EditorConfig support is enabled, checking for .editorconfig files
["INFO" - 11:15:46] No local configuration (i.e. .prettierrc or .editorconfig) detected, will fall back to VS Code configuration
["INFO" - 11:15:51] EditorConfig support is enabled, checking for .editorconfig files
["INFO" - 11:15:51] No local configuration (i.e. .prettierrc or .editorconfig) detected, will fall back to VS Code configuration
["INFO" - 11:16:15] EditorConfig support is enabled, checking for .editorconfig files
["INFO" - 11:16:15] No local configuration (i.e. .prettierrc or .editorconfig) detected, will fall back to VS Code configuration
["INFO" - 11:16:24] EditorConfig support is enabled, checking for .editorconfig files
["INFO" - 11:16:24] No local configuration (i.e. .prettierrc or .editorconfig) detected, will fall back to VS Code configuration
["INFO" - 11:18:22] EditorConfig support is enabled, checking for .editorconfig files
["INFO" - 11:18:22] No local configuration (i.e. .prettierrc or .editorconfig) detected, will fall back to VS Code configuration
["INFO" - 11:18:42] Formatting file:///home/alunos/.arthuruser001/webdesign.tri2.ativ1/aluno-cadastro.html
["INFO" - 11:18:42] EditorConfig support is enabled, checking for .editorconfig files
["INFO" - 11:18:42] No local configuration (i.e. .prettierrc or .editorconfig) detected, will fall back to VS Code configuration
["INFO" - 11:18:42] PrettierInstance:
{
  "__debug": {
    "mockable": {
      "mocked": {},
      "implementations": {}
    }
  },
  "__internal": {
    "errors": {},
    "optionCategories": {
      "CATEGORY_CONFIG": "Config",
      "CATEGORY_EDITOR": "Editor",
      "CATEGORY_FORMAT": "Format",
      "CATEGORY_GLOBAL": "Global",
      "CATEGORY_OTHER": "Other",
      "CATEGORY_OUTPUT": "Output",
      "CATEGORY_SPECIAL": "Special"
    },
    "formatOptionsHiddenDefaults": {
      "astFormat": "estree",
      "printer": {},
      "locStart": null,
      "locEnd": null,
      "getVisitorKeys": null
    },
    "vnopts": {
      "apiDescriptor": {}
    },
    "picocolors": {
      "isColorSupported": false
    },
    "utilities": {}
  },
  "doc": {
    "builders": {
      "line": {
        "type": "line"
      },
      "softline": {
        "type": "line",
        "soft": true
      },
      "hardline": [
        {
          "type": "line",
          "hard": true
        },
        {
          "type": "break-parent"
        }
      ],
      "literalline": [
        {
          "type": "line",
          "hard": true,
          "literal": true
        },
        {
          "type": "break-parent"
        }
      ],
      "lineSuffixBoundary": {
        "type": "line-suffix-boundary"
      },
      "cursor": {
        "type": "cursor"
      },
      "breakParent": {
        "type": "break-parent"
      },
      "trim": {
        "type": "trim"
      },
      "hardlineWithoutBreakParent": {
        "type": "line",
        "hard": true
      },
      "literallineWithoutBreakParent": {
        "type": "line",
        "hard": true,
        "literal": true
      }
    },
    "default": {
      "builders": {
        "line": {
          "type": "line"
        },
        "softline": {
          "type": "line",
          "soft": true
        },
        "hardline": [
          {
            "type": "line",
            "hard": true
          },
          {
            "type": "break-parent"
          }
        ],
        "literalline": [
          {
            "type": "line",
            "hard": true,
            "literal": true
          },
          {
            "type": "break-parent"
          }
        ],
        "lineSuffixBoundary": {
          "type": "line-suffix-boundary"
        },
        "cursor": {
          "type": "cursor"
        },
        "breakParent": {
          "type": "break-parent"
        },
        "trim": {
          "type": "trim"
        },
        "hardlineWithoutBreakParent": {
          "type": "line",
          "hard": true
        },
        "literallineWithoutBreakParent": {
          "type": "line",
          "hard": true,
          "literal": true
        }
      },
      "printer": {},
      "utils": {}
    },
    "printer": {},
    "utils": {}
  },
  "util": {},
  "version": "3.7.4"
}
["WARN" - 11:18:42] Unable to resolve ignore path: .prettierignore for /home/alunos/.arthuruser001/webdesign.tri2.ativ1/aluno-cadastro.html
["INFO" - 11:18:42] Resolved plugins:
[]
["INFO" - 11:18:42] File Info:
{
  "ignored": false,
  "inferredParser": "html"
}
["INFO" - 11:18:42] Using VS Code configuration
["INFO" - 11:18:42] Prettier Options:
{
  "arrowParens": "always",
  "bracketSpacing": true,
  "endOfLine": "lf",
  "htmlWhitespaceSensitivity": "css",
  "insertPragma": false,
  "singleAttributePerLine": false,
  "bracketSameLine": false,
  "jsxBracketSameLine": false,
  "jsxSingleQuote": false,
  "printWidth": 80,
  "proseWrap": "preserve",
  "quoteProps": "as-needed",
  "requirePragma": false,
  "semi": true,
  "singleQuote": false,
  "tabWidth": 2,
  "trailingComma": "all",
  "useTabs": false,
  "embeddedLanguageFormatting": "auto",
  "vueIndentScriptAndStyle": false,
  "experimentalTernaries": false,
  "objectWrap": "preserve",
  "experimentalOperatorPosition": "end",
  "filepath": "/home/alunos/.arthuruser001/webdesign.tri2.ativ1/aluno-cadastro.html",
  "parser": "html"
}
["INFO" - 11:18:42] Formatting completed in 51ms.
